tag,year,product_hs92_code_4d,import_value,share_on_total_imports,country_iso3_code,product_hs92_code,global_market_share,export_value,export_rca,distance,cog,pci,eci_hs92,product_hs92_name_4d,product_hs92_code_2d,product_hs92_name_2d,product_hs92_code_1d,product_hs92_name_1d,export_share_to_usa
paises_interes,2020,1001,0,0.0,DOM,1001,9e-06,423464,0.016726,0.848,0.347,-0.311,-0.147,Wheat and meslin,10,Cereals,1,Agriculture,0.008683146619311204
paises_interes,2020,1004,4707,1.3601360524415063e-05,DOM,1004,0.000126,108521,0.222901,0.864,0.38,-0.256,-0.147,Oats,10,Cereals,1,Agriculture,0.5992388569954202
paises_interes,2020,1005,1243691,0.004271252332656578,DOM,1005,2.1e-05,745560,0.037005,0.825,0.035,-1.11,-0.147,Corn,10,Cereals,1,Agriculture,0.010318418370084232
paises_interes,2020,1006,35978824,0.033754963621833466,DOM,1006,8.1e-05,2004486,0.144942,0.81,-0.338,-1.818,-0.147,Rice,10,Cereals,1,Agriculture,0.01514502969838652
paises_interes,2020,1008,785130,0.00631682283048598,DOM,1008,2.2e-05,26687,0.039193,0.804,-0.025,-1.211,-0.147,Other cereals,10,Cereals,1,Agriculture,1.0
paises_interes,2020,1101,764846,0.004079659827186231,DOM,1101,0.005518,25782426,9.897699,0.737,-0.0,-1.4,-0.147,Wheat or meslin flour,11,"Flours, starches and malts",1,Agriculture,0.000392127567824688
paises_interes,2020,1102,2888748,0.015475311994693213,DOM,1102,0.009635,9928636,17.098894,0.752,-0.0,-1.584,-0.147,Cereal flours,11,"Flours, starches and malts",1,Agriculture,0.019451413064191295
paises_interes,2020,1103,182252,0.0012750934232683294,DOM,1103,0.007685,9729277,13.836572,0.771,-0.0,-1.072,-0.147,Cereal meals,11,"Flours, starches and malts",1,Agriculture,0.0
paises_interes,2020,1104,2560689,0.007828120095892269,DOM,1104,0.003267,5802986,5.784548,0.779,0.0,-0.794,-0.147,Worked cereal grains,11,"Flours, starches and malts",1,Agriculture,0.8239797580073431
paises_interes,2020,1105,13195,0.0001881587472320736,DOM,1105,0.0,0,0.0,0.874,0.939,-0.216,-0.147,Potato flour,11,"Flours, starches and malts",1,Agriculture,
paises_interes,2020,1106,13118344,0.12655686035770797,DOM,1106,0.000146,100194,0.261688,0.781,-0.105,-1.459,-0.147,Flour of dried legumes,11,"Flours, starches and malts",1,Agriculture,0.0
paises_interes,2020,1107,10376,4.29980948769125e-05,DOM,1107,4.8e-05,148383,0.084231,0.854,0.567,-0.143,-0.147,Malt,11,"Flours, starches and malts",1,Agriculture,0.0
paises_interes,2020,1108,8974081,0.031977477938910724,DOM,1108,0.000123,575114,0.217507,0.838,0.307,-0.656,-0.147,Starches,11,"Flours, starches and malts",1,Agriculture,0.0741592101739829
paises_interes,2020,1109,109093,0.00037385240380570804,DOM,1109,0.0,0,0.0,0.886,1.04,0.747,-0.147,Wheat gluten,11,"Flours, starches and malts",1,Agriculture,
paises_interes,2020,1201,1685793,0.006385347665423983,DOM,1201,0.0,30795,0.000875,0.851,-0.02,-1.457,-0.147,Soya beans,12,Oil seeds and oleaginous fruits,1,Agriculture,0.0
paises_interes,2020,1202,134572,0.006560842856619803,DOM,1202,6e-06,24249,0.011177,0.807,-0.318,-2.175,-0.147,Peanuts,12,Oil seeds and oleaginous fruits,1,Agriculture,1.0
paises_interes,2020,1206,1893171,0.01575630616656357,DOM,1206,0.0,0,0.0,0.836,0.316,-0.356,-0.147,Sunflower seeds,12,Oil seeds and oleaginous fruits,1,Agriculture,
paises_interes,2020,1207,4175226,0.014048737861067005,DOM,1207,0.0,2441,0.000865,0.755,-0.373,-2.438,-0.147,Other oil seeds,12,Oil seeds and oleaginous fruits,1,Agriculture,0.0
paises_interes,2020,1208,1242963,0.059156780891990876,DOM,1208,0.000187,282279,0.29131,0.84,-0.0,-1.736,-0.147,Flours of oil seeds,12,Oil seeds and oleaginous fruits,1,Agriculture,0.7990215354312578
paises_interes,2020,1209,19139815,0.0360265319187062,DOM,1209,2.2e-05,170733,0.039029,0.81,0.068,-1.011,-0.147,Seeds used for sowing,12,Oil seeds and oleaginous fruits,1,Agriculture,0.2079211400256541
paises_interes,2020,1210,11300,0.00015197967378114454,DOM,1210,0.0,0,0.0,0.886,0.848,0.134,-0.147,Hop cones,12,Oil seeds and oleaginous fruits,1,Agriculture,
paises_interes,2020,1211,50613144,0.1256039671651869,DOM,1211,0.000637,2133784,1.170563,0.743,-0.0,-1.764,-0.147,"Plants used in perfumery, pharmacy or insecticide",12,Oil seeds and oleaginous fruits,1,Agriculture,0.5347111047791154
paises_interes,2020,1212,67493515,0.6093955154654161,DOM,1212,2.1e-05,25141,0.03706,0.769,-0.263,-1.82,-0.147,Seaweeds & edible vegetable products,12,Oil seeds and oleaginous fruits,1,Agriculture,0.625989419673044
paises_interes,2020,1213,7208,0.0009280599067304944,DOM,1213,0.0,0,0.0,0.845,0.587,-0.103,-0.147,Cereal straw and husks,12,Oil seeds and oleaginous fruits,1,Agriculture,
paises_interes,2020,1214,693263,0.006654607550427157,DOM,1214,0.0,0,0.0,0.863,0.313,-0.65,-0.147,Forage products,12,Oil seeds and oleaginous fruits,1,Agriculture,
paises_interes,2020,1301,2926157,0.03257353861027367,DOM,1301,1.1e-05,8445,0.022941,0.762,-0.455,-2.463,-0.147,Lac,13,Lac and other vegetable extracts,1,Agriculture,0.0
paises_interes,2020,1302,383496865,0.31780260414007844,DOM,1302,0.000866,5679581,1.532443,0.795,0.0,-1.065,-0.147,Vegetable saps and extracts,13,Lac and other vegetable extracts,1,Agriculture,0.10363563791061348
paises_interes,2020,1401,11625474,0.7711252849399037,DOM,1401,0.000127,28812,0.226197,0.813,-0.03,-1.118,-0.147,Vegetable materials used for plaiting,14,Other vegetable materials,1,Agriculture,0.22945300569207275
paises_interes,2020,1404,2812832,0.03284818543225008,DOM,1404,4.5e-05,45524,0.080633,0.786,-0.289,-1.567,-0.147,Vegetable products n.e.c.,14,Other vegetable materials,1,Agriculture,0.7224540901502504
paises_interes,2020,1501,0,0.0,DOM,1501,0.000256,195070,0.454985,0.871,1.109,0.874,-0.147,"Pig and poultry fat, rendered",15,"Animal or vegetable fats, oils or waxes",1,Agriculture,0.0
paises_interes,2020,1502,0,0.0,DOM,1502,0.0,0,0.0,0.862,0.322,-0.526,-0.147,"Bovine, sheep and goat fats",15,"Animal or vegetable fats, oils or waxes",1,Agriculture,
paises_interes,2020,1504,46173280,0.37020511594662836,DOM,1504,0.0,0,0.0,0.822,-0.179,-1.777,-0.147,Fish oils,15,"Animal or vegetable fats, oils or waxes",1,Agriculture,
paises_interes,2020,1505,3259274,0.15148050801705587,DOM,1505,0.0,0,0.0,0.885,0.712,-0.265,-0.147,Wool grease,15,"Animal or vegetable fats, oils or waxes",1,Agriculture,
paises_interes,2020,1506,7325838,0.8066466244791943,DOM,1506,0.0,0,0.0,0.88,0.863,0.102,-0.147,Other animal fats and oils,15,"Animal or vegetable fats, oils or waxes",1,Agriculture,
paises_interes,2020,1507,15088,0.00014070619757923603,DOM,1507,0.00199,19351018,3.591312,0.785,-0.0,-0.988,-0.147,Soybean oil,15,"Animal or vegetable fats, oils or waxes",1,Agriculture,0.06432193903183801
paises_interes,2020,1509,61801,5.06495331586363e-05,DOM,1509,1.9e-05,136654,0.034812,0.842,0.137,-0.933,-0.147,Olive oil,15,"Animal or vegetable fats, oils or waxes",1,Agriculture,0.9558739590498632
paises_interes,2020,1511,786621182,0.9123427152233871,DOM,1511,3e-05,938410,0.053174,0.77,-0.244,-2.236,-0.147,Palm oil,15,"Animal or vegetable fats, oils or waxes",1,Agriculture,0.04623991645442824
paises_interes,2020,1512,185466,0.0009765034883281781,DOM,1512,0.0,2816,0.000397,0.802,-0.131,-1.215,-0.147,Sunflower seed oil,15,"Animal or vegetable fats, oils or waxes",1,Agriculture,0.0
paises_interes,2020,1513,356756235,0.6047796035082001,DOM,1513,4.4e-05,205805,0.078623,0.783,-0.153,-1.941,-0.147,Coconut & palm kernel oil,15,"Animal or vegetable fats, oils or waxes",1,Agriculture,0.798576322246787
paises_interes,2020,1514,56838,3.684971734040439e-05,DOM,1514,1.8e-05,131674,0.031841,0.864,0.791,0.173,-0.147,"Rapeseed, colza or mustard oil,",15,"Animal or vegetable fats, oils or waxes",1,Agriculture,0.0
paises_interes,2020,1515,24149866,0.037140223579911605,DOM,1515,0.001188,5105161,2.113194,0.785,0.0,-1.198,-0.147,Other vegetable fats and oils,15,"Animal or vegetable fats, oils or waxes",1,Agriculture,0.0005917541092239795
paises_interes,2020,1516,142969030,0.5434409401715967,DOM,1516,0.000354,1277706,0.624834,0.788,-0.135,-1.517,-0.147,"Vegetable fats, hydrogenated",15,"Animal or vegetable fats, oils or waxes",1,Agriculture,0.011225587106893135
paises_interes,2020,1517,44786796,0.2015875777088161,DOM,1517,0.001075,5898896,1.90478,0.767,-0.0,-0.981,-0.147,Margarine,15,"Animal or vegetable fats, oils or waxes",1,Agriculture,0.32017007928263186
paises_interes,2020,1518,420462,0.007467648793562018,DOM,1518,2.5e-05,95378,0.043835,0.849,0.476,-0.0,-0.147,"Animal or vegetable fats and oils, processed",15,"Animal or vegetable fats, oils or waxes",1,Agriculture,0.0
paises_interes,2020,1519,371880242,0.659023569531642,DOM,1519,4e-06,33021,0.007313,0.858,0.28,-0.738,-0.147,Stearic acid,15,"Animal or vegetable fats, oils or waxes",1,Agriculture,0.7273553193422367
paises_interes,2020,1520,70232280,0.6785473097380764,DOM,1520,1.8e-05,29941,0.031403,0.847,0.42,0.007,-0.147,Glycerol,15,"Animal or vegetable fats, oils or waxes",1,Agriculture,0.5880899101566414
paises_interes,2020,1521,10986690,0.23207740294446452,DOM,1521,3.9e-05,11540,0.068304,0.829,-0.082,-1.946,-0.147,Vegetable waxes and beeswax,15,"Animal or vegetable fats, oils or waxes",1,Agriculture,1.0
paises_interes,2020,1601,4048,5.3455746288041166e-05,DOM,1601,0.000905,4850413,1.608941,0.794,0.0,0.169,-0.147,Sausages,16,Preparations of meat or fish,1,Agriculture,0.02192493711360249
paises_interes,2020,1602,8731218,0.009254233146327026,DOM,1602,3e-05,467782,0.053632,0.817,0.436,-0.184,-0.147,Other prepared or preserved meat,16,Preparations of meat or fish,1,Agriculture,0.17258680325450745
paises_interes,2020,1603,719372,0.017755622672260555,DOM,1603,0.0,0,0.0,0.872,0.541,-0.232,-0.147,Extracts and juices of meat or fish,16,Preparations of meat or fish,1,Agriculture,
paises_interes,2020,1604,777355666,0.34501275129384906,DOM,1604,2.2e-05,402971,0.040452,0.775,-0.07,-1.455,-0.147,Prepared or preserved fish,16,Preparations of meat or fish,1,Agriculture,0.042137027230247336
paises_interes,2020,1605,1682031277,0.5181557116065453,DOM,1605,7e-06,116128,0.013222,0.794,-0.165,-1.647,-0.147,Prepared aquatic invertibrates,16,Preparations of meat or fish,1,Agriculture,0.450115389914577
paises_interes,2020,1701,8916859,0.005024047954522426,DOM,1701,0.004723,108935891,8.384446,0.732,-0.0,-1.809,-0.147,Sugarcane & sucrose,17,Sugar and candy,1,Agriculture,0.9961252623343394
paises_interes,2020,1702,75702283,0.12330256678509399,DOM,1702,0.000124,789025,0.219973,0.834,0.406,-0.249,-0.147,Other sugars,17,Sugar and candy,1,Agriculture,0.5554614872786033
paises_interes,2020,1703,170779,0.001135100992410292,DOM,1703,0.016889,16690859,31.00519,0.728,-0.0,-1.678,-0.147,Molasses,17,Sugar and candy,1,Agriculture,0.7343996495327173
paises_interes,2020,1704,184412911,0.09141570770859082,DOM,1704,0.000283,2947450,0.50382,0.78,0.034,-0.794,-0.147,Confectionery sugar,17,Sugar and candy,1,Agriculture,0.17770750988142292
paises_interes,2020,1801,583307,0.0006766736390360586,DOM,1801,0.022235,157655643,39.50304,0.711,-0.0,-2.589,-0.147,Cocoa beans,18,Cocoa,1,Agriculture,0.31665291549380187
paises_interes,2020,1803,21215507,0.060226568611469376,DOM,1803,0.000169,529082,0.297369,0.86,0.394,-0.487,-0.147,Cocoa paste,18,Cocoa,1,Agriculture,0.07687655221685863
paises_interes,2020,1804,365921003,0.6887556483897447,DOM,1804,0.000959,4856585,1.689741,0.798,0.0,-1.385,-0.147,Cocoa butter,18,Cocoa,1,Agriculture,0.20611582006698123
paises_interes,2020,1805,28719519,0.1108561231754748,DOM,1805,0.000241,554024,0.425741,0.84,0.342,-0.61,-0.147,Cocoa powder,18,Cocoa,1,Agriculture,0.365567195644954
paises_interes,2020,1806,29364574,0.010534183839239581,DOM,1806,0.000222,5897556,0.392401,0.812,0.513,-0.011,-0.147,Chocolates,18,Cocoa,1,Agriculture,0.5856241127680687
paises_interes,2020,1901,10336708,0.012364976920854889,DOM,1901,0.000155,3299022,0.274506,0.825,0.45,0.006,-0.147,Malt extract,19,"Preparations of cereals, flour, starch or milk",1,Agriculture,0.10599383696137825
paises_interes,2020,1902,245004886,0.1838464188331145,DOM,1902,0.000722,8292207,1.29541,0.76,-0.0,-1.101,-0.147,Pasta,19,"Preparations of cereals, flour, starch or milk",1,Agriculture,0.061948284696703784
paises_interes,2020,1903,3477624,0.09674853336261513,DOM,1903,0.013053,2279391,20.362337,0.793,-0.0,-1.65,-0.147,Tapioca,19,"Preparations of cereals, flour, starch or milk",1,Agriculture,0.943988109104581
paises_interes,2020,1904,30210497,0.03675058811074046,DOM,1904,0.000256,1689437,0.454726,0.791,0.288,-0.673,-0.147,Cereal foods,19,"Preparations of cereals, flour, starch or milk",1,Agriculture,0.10659053874160446
paises_interes,2020,1905,97027714,0.016467837932244028,DOM,1905,0.001169,40572134,2.08279,0.768,0.0,-0.308,-0.147,Bakery products,19,"Preparations of cereals, flour, starch or milk",1,Agriculture,0.35640942623328614
paises_interes,2020,2001,13761883,0.034175815318661415,DOM,2001,1.6e-05,33109,0.028543,0.783,0.045,-0.867,-0.147,Pickled fruits and vegetables,20,"Preparations of vegetables, fruit, or nuts",1,Agriculture,0.09133468241263705
paises_interes,2020,2002,1018476,0.005873956694959677,DOM,2002,8e-06,37799,0.013728,0.802,-0.126,-1.452,-0.147,"Tomatoes, prepared or preserved",20,"Preparations of vegetables, fruit, or nuts",1,Agriculture,0.46202280483610675
paises_interes,2020,2003,8630682,0.07528416041931656,DOM,2003,3.5e-05,52823,0.061678,0.872,0.555,-0.06,-0.147,"Mushrooms, prepared or preserved",20,"Preparations of vegetables, fruit, or nuts",1,Agriculture,0.0
paises_interes,2020,2004,32573639,0.02477635090796817,DOM,2004,6e-06,43499,0.009847,0.868,0.574,-0.013,-0.147,"Other vegetables, frozen",20,"Preparations of vegetables, fruit, or nuts",1,Agriculture,0.6246350490815881
paises_interes,2020,2005,216203700,0.15285757978559308,DOM,2005,0.001932,21198230,3.4199,0.76,0.0,-1.002,-0.147,"Other vegetables, prepared or preserved",20,"Preparations of vegetables, fruit, or nuts",1,Agriculture,0.6861045002342177
paises_interes,2020,2006,6413593,0.06014353874724237,DOM,2006,3.6e-05,25815,0.06418,0.817,0.175,-0.74,-0.147,"Vegetables, fruits and nuts, preserved by sugar",20,"Preparations of vegetables, fruit, or nuts",1,Agriculture,0.15103621925237265
paises_interes,2020,2007,24678904,0.061566236735881394,DOM,2007,0.001206,3953610,2.155849,0.769,0.0,-0.618,-0.147,"Jams, jellies and marmalades",20,"Preparations of vegetables, fruit, or nuts",1,Agriculture,0.7750132157698914
paises_interes,2020,2008,634863342,0.2227262754961041,DOM,2008,0.00106,17513744,1.896843,0.743,-0.0,-1.206,-0.147,"Fruits and nuts, otherwise prepared",20,"Preparations of vegetables, fruit, or nuts",1,Agriculture,0.6205528069840464
paises_interes,2020,2009,235702128,0.12342671922490245,DOM,2009,0.001381,17150166,2.451603,0.75,-0.0,-0.849,-0.147,Fruit juices,20,"Preparations of vegetables, fruit, or nuts",1,Agriculture,0.6045428364949937
paises_interes,2020,2101,73193490,0.08230857993105213,DOM,2101,7.7e-05,604513,0.136003,0.796,0.177,-0.425,-0.147,Coffee extracts,21,Miscellaneous edible preparations,1,Agriculture,0.3891746613488556
paises_interes,2020,2102,29616829,0.09159684736533881,DOM,2102,3e-05,74154,0.052773,0.801,0.158,-0.649,-0.147,Yeasts,21,Miscellaneous edible preparations,1,Agriculture,0.0
paises_interes,2020,2103,127454760,0.08141268785840633,DOM,2103,0.003193,43915607,5.698666,0.765,0.0,-0.631,-0.147,Sauces and seasonings,21,Miscellaneous edible preparations,1,Agriculture,0.3123065109859463
paises_interes,2020,2104,4278670,0.01433210324434941,DOM,2104,0.001222,4009334,2.171729,0.777,0.0,-0.507,-0.147,Soups and broths,21,Miscellaneous edible preparations,1,Agriculture,0.05579355573768611
paises_interes,2020,2105,69404,0.0005367683538133461,DOM,2105,0.000599,2491094,1.070119,0.782,0.0,-0.383,-0.147,Ice cream,21,Miscellaneous edible preparations,1,Agriculture,0.007556920774567318
paises_interes,2020,2106,474774759,0.08102942346116743,DOM,2106,0.001179,52202228,2.123321,0.784,0.0,0.096,-0.147,Food preparations n.e.c.,21,Miscellaneous edible preparations,1,Agriculture,0.5818058761783118
paises_interes,2020,2201,177144,0.00028734778523041533,DOM,2201,6.7e-05,242005,0.124228,0.816,0.359,-0.471,-0.147,Waters,22,Beverages,1,Agriculture,0.5975868267184562
paises_interes,2020,2202,40370834,0.012446901707037078,DOM,2202,0.00101,20985636,1.807321,0.764,0.0,-0.45,-0.147,"Waters, flavored or sweetened",22,Beverages,1,Agriculture,0.42871805267183705
paises_interes,2020,2203,8987522,0.0016451221352450501,DOM,2203,0.000531,7742718,0.940209,0.829,0.429,-0.267,-0.147,Beer,22,Beverages,1,Agriculture,0.27200796929450355
paises_interes,2020,2204,560259,0.00011775125928393287,DOM,2204,0.000189,5973828,0.334763,0.832,0.062,-0.852,-0.147,Wine,22,Beverages,1,Agriculture,0.11827073025872188
paises_interes,2020,2205,33012,0.0005056829669564857,DOM,2205,4e-06,1900,0.006285,0.84,0.291,-0.384,-0.147,"Wine, flavored",22,Beverages,1,Agriculture,0.0
paises_interes,2020,2206,2162059,0.0039136367141788505,DOM,2206,0.000458,769683,0.813987,0.832,0.591,-0.137,-0.147,Other fermented beverages,22,Beverages,1,Agriculture,0.015576542550634481
paises_interes,2020,2207,934970,0.0016168077898963801,DOM,2207,0.000917,8710687,1.61647,0.781,0.0,-0.82,-0.147,Ethyl alcohol > 80%,22,Beverages,1,Agriculture,0.1986025901286546
paises_interes,2020,2208,7830785,0.0011135435097873357,DOM,2208,0.00319,84314925,5.769971,0.767,0.0,-0.634,-0.147,Spirits < 80% alcohol,22,Beverages,1,Agriculture,0.266114297083227
paises_interes,2020,2209,2714716,0.02202554843085464,DOM,2209,0.001253,940685,2.236703,0.825,0.0,-0.068,-0.147,Vinegars,22,Beverages,1,Agriculture,0.0924081919027092
paises_interes,2020,2301,126580,0.0007192287050005907,DOM,2301,1e-06,6568,0.001876,0.793,-0.133,-1.425,-0.147,"Flours of fish, for animal feed",23,Food residues and animal feed,1,Agriculture,0.0
paises_interes,2020,2302,4950598,0.11426302534620168,DOM,2302,0.000654,1351896,1.173889,0.738,-0.0,-1.85,-0.147,Cereal residues,23,Food residues and animal feed,1,Agriculture,0.0
paises_interes,2020,2303,3402900,0.028738369855177078,DOM,2303,0.0,0,0.0,0.852,0.541,-0.105,-0.147,Starch residues,23,Food residues and animal feed,1,Agriculture,
paises_interes,2020,2304,288109,0.0009136387454343987,DOM,2304,0.0,0,0.0,0.868,0.148,-1.023,-0.147,Solid soybean residues,23,Food residues and animal feed,1,Agriculture,
paises_interes,2020,2306,4327849,0.004463497597732012,DOM,2306,0.0,0,0.0,0.793,-0.049,-1.08,-0.147,Solid vegetable oil and fat residues,23,Food residues and animal feed,1,Agriculture,
paises_interes,2020,2308,21732177,0.30689170896266604,DOM,2308,0.0,0,0.0,0.801,-0.015,-0.914,-0.147,Vegetable materials for animal feeding,23,Food residues and animal feed,1,Agriculture,
paises_interes,2020,2309,486136821,0.25388628034300026,DOM,2309,0.000268,8600604,0.475736,0.795,0.421,-0.383,-0.147,Animal feed,23,Food residues and animal feed,1,Agriculture,0.07079595805131826
paises_interes,2020,2401,13390956,0.031998196109208246,DOM,2401,0.010974,84883013,19.339828,0.734,-0.0,-1.75,-0.147,Unmanufactured tobacco,24,Tobacco,1,Agriculture,0.3610673197945978
paises_interes,2020,2402,15171952,0.011319568444370251,DOM,2402,0.035076,760457339,63.416935,0.755,-0.0,-0.837,-0.147,Cigars and cigarettes,24,Tobacco,1,Agriculture,0.9223813434720498
paises_interes,2020,2403,1102115,0.008952197588792798,DOM,2403,0.005772,51821312,10.21289,0.783,0.0,-0.821,-0.147,Other manufactured tobacco,24,Tobacco,1,Agriculture,0.7377479366018367
paises_interes,2020,2501,2693980,0.006072564255318554,DOM,2501,0.001333,3478725,2.376473,0.767,-0.0,-1.116,-0.147,Salt,25,"Salt, sulphur, lime, cement, etc.",3,Minerals,0.096532781406981
paises_interes,2020,2503,64980,0.0006049553157920746,DOM,2503,0.0,0,0.0,0.856,0.018,-1.055,-0.147,"Sulphur, crude",25,"Salt, sulphur, lime, cement, etc.",3,Minerals,
paises_interes,2020,2504,10661977,0.33574081408222567,DOM,2504,0.0,0,0.0,0.867,0.344,-1.144,-0.147,Natural graphite,25,"Salt, sulphur, lime, cement, etc.",3,Minerals,
paises_interes,2020,2505,4179242,0.06464291859349361,DOM,2505,0.000742,1197342,1.348058,0.791,0.0,-0.839,-0.147,Natural sands,25,"Salt, sulphur, lime, cement, etc.",3,Minerals,0.2137309139744534
paises_interes,2020,2506,7848241,0.11211446123570114,DOM,2506,7.5e-05,45838,0.132752,0.827,-0.056,-1.327,-0.147,Quartz,25,"Salt, sulphur, lime, cement, etc.",3,Minerals,0.3979449365155548
paises_interes,2020,2507,153752,0.005376420226308854,DOM,2507,2.3e-05,30100,0.041577,0.847,0.367,-0.286,-0.147,Kaolin,25,"Salt, sulphur, lime, cement, etc.",3,Minerals,0.0
paises_interes,2020,2508,13766682,0.44488741393255915,DOM,2508,6e-06,12402,0.011464,0.823,0.118,-0.696,-0.147,Clays,25,"Salt, sulphur, lime, cement, etc.",3,Minerals,0.0
paises_interes,2020,2510,1057985,0.007532820762468546,DOM,2510,0.0,0,0.0,0.839,-0.027,-1.209,-0.147,Natural calcium phosphates,25,"Salt, sulphur, lime, cement, etc.",3,Minerals,
paises_interes,2020,2511,40526354,0.4357784276056803,DOM,2511,0.0,0,0.0,0.83,0.072,-1.2,-0.147,Natural barium sulfate,25,"Salt, sulphur, lime, cement, etc.",3,Minerals,
paises_interes,2020,2512,209128,0.02839056549393988,DOM,2512,2.2e-05,3370,0.038371,0.851,0.499,-0.585,-0.147,Siliceous fossil meals and earths,25,"Salt, sulphur, lime, cement, etc.",3,Minerals,0.0
paises_interes,2020,2513,6260085,0.18489933460772337,DOM,2513,0.00013,37014,0.233582,0.867,0.297,-0.785,-0.147,Natural abrasives,25,"Salt, sulphur, lime, cement, etc.",3,Minerals,0.8801804722537419
paises_interes,2020,2514,6615043,0.5164396142755941,DOM,2514,1.9e-05,1567,0.029466,0.869,0.002,-0.407,-0.147,Slate,25,"Salt, sulphur, lime, cement, etc.",3,Minerals,0.0
paises_interes,2020,2515,80466,0.0035509786484092484,DOM,2515,9.5e-05,153724,0.169061,0.807,-0.071,-1.342,-0.147,Marble,25,"Salt, sulphur, lime, cement, etc.",3,Minerals,0.38615961073092037
paises_interes,2020,2516,1889783,0.0452561119530087,DOM,2516,3e-06,4798,0.005306,0.817,-0.219,-1.371,-0.147,Granite,25,"Salt, sulphur, lime, cement, etc.",3,Minerals,1.0
paises_interes,2020,2517,15245772,0.06978104184049348,DOM,2517,0.000461,1467274,0.858174,0.811,0.229,-0.394,-0.147,Gravel,25,"Salt, sulphur, lime, cement, etc.",3,Minerals,0.650962942163495
paises_interes,2020,2518,65360,0.002777523747488075,DOM,2518,0.0,0,0.0,0.825,0.142,-0.533,-0.147,Dolomite,25,"Salt, sulphur, lime, cement, etc.",3,Minerals,
paises_interes,2020,2519,55987289,0.3952159304565863,DOM,2519,0.0,0,0.0,0.847,0.45,-0.224,-0.147,Natural magnesia,25,"Salt, sulphur, lime, cement, etc.",3,Minerals,
paises_interes,2020,2520,465096,0.005362964982489383,DOM,2520,0.000916,1063996,1.630674,0.772,-0.0,-1.108,-0.147,Gypsum,25,"Salt, sulphur, lime, cement, etc.",3,Minerals,0.0
paises_interes,2020,2521,29197,0.002438411058294786,DOM,2521,0.00307,1846148,5.458297,0.804,0.0,-0.421,-0.147,Limstone,25,"Salt, sulphur, lime, cement, etc.",3,Minerals,0.6718280441221397
paises_interes,2020,2522,377212,0.007666697241696669,DOM,2522,0.002617,2513360,4.628846,0.782,0.0,-0.555,-0.147,Quicklime,25,"Salt, sulphur, lime, cement, etc.",3,Minerals,0.975996275901582
paises_interes,2020,2523,52765759,0.04478599925179217,DOM,2523,0.004889,57275617,8.84469,0.746,-0.0,-1.262,-0.147,Cements,25,"Salt, sulphur, lime, cement, etc.",3,Minerals,0.012836195199782833
paises_interes,2020,2525,2244452,0.19324300554273602,DOM,2525,2.1e-05,4258,0.037874,0.87,0.633,-0.458,-0.147,Mica,25,"Salt, sulphur, lime, cement, etc.",3,Minerals,0.0
paises_interes,2020,2526,9791492,0.13747461915855946,DOM,2526,3e-06,2014,0.00453,0.877,0.742,-0.12,-0.147,Natural steatite,25,"Salt, sulphur, lime, cement, etc.",3,Minerals,0.0
paises_interes,2020,2528,19881,0.0010029400101025485,DOM,2528,0.0,0,0.0,0.874,0.198,-0.408,-0.147,Natural borates,25,"Salt, sulphur, lime, cement, etc.",3,Minerals,
paises_interes,2020,2529,20002089,0.08856536359090296,DOM,2529,0.0,0,0.0,0.824,-0.129,-1.378,-0.147,Feldspar,25,"Salt, sulphur, lime, cement, etc.",3,Minerals,
paises_interes,2020,2530,10837030,0.10839040533628583,DOM,2530,0.000101,192906,0.179137,0.835,0.13,-0.982,-0.147,Mineral substances n.e.c.,25,"Salt, sulphur, lime, cement, etc.",3,Minerals,0.020434823178128208
paises_interes,2020,2603,48201,0.0010582404141050333,DOM,2603,0.000302,18004351,0.545316,0.806,-0.293,-2.016,-0.147,Copper ore,26,"Ores, slag and ash",3,Minerals,0.0
paises_interes,2020,2607,0,0.0,DOM,2607,0.0,0,0.0,0.816,-0.053,-1.185,-0.147,Lead ore,26,"Ores, slag and ash",3,Minerals,
paises_interes,2020,2615,449511,0.009323868093000353,DOM,2615,1.8e-05,22541,0.034012,0.803,-0.462,-2.586,-0.147,Zirconium ore,26,"Ores, slag and ash",3,Minerals,0.0
paises_interes,2020,2617,270663,0.14331758583551224,DOM,2617,1.5e-05,5385,0.027291,0.813,-0.408,-2.303,-0.147,Other ores,26,"Ores, slag and ash",3,Minerals,0.0
paises_interes,2020,2619,0,0.0,DOM,2619,0.0,0,0.0,0.83,0.202,-0.598,-0.147,Iron or steel slag,26,"Ores, slag and ash",3,Minerals,
paises_interes,2020,2620,23352673,0.011255229429311883,DOM,2620,3.9e-05,404011,0.069811,0.812,0.34,-0.451,-0.147,"Slag, ash and residues containing metals",26,"Ores, slag and ash",3,Minerals,0.8793720963043086
paises_interes,2020,2621,6625011,0.18976552267224472,DOM,2621,0.0,0,0.0,0.861,0.662,-0.086,-0.147,Other slag and ash,26,"Ores, slag and ash",3,Minerals,
paises_interes,2020,2701,46737598,0.09646068009327034,DOM,2701,1e-06,46766,0.001054,0.854,-0.221,-1.975,-0.147,Coal,27,"Mineral fuels, oils and waxes",3,Minerals,0.5916477783004747
paises_interes,2020,2704,215842,0.005858558754157974,DOM,2704,0.0,0,0.0,0.865,0.347,-0.642,-0.147,Coke,27,"Mineral fuels, oils and waxes",3,Minerals,
paises_interes,2020,2707,527468,0.0006100163416233994,DOM,2707,1.3e-05,232845,0.022838,0.842,0.685,0.165,-0.147,Oils etc. from high temperature coal tar,27,"Mineral fuels, oils and waxes",3,Minerals,0.6064420537267281
paises_interes,2020,2708,444388,0.005538928350456613,DOM,2708,0.0,0,0.0,0.879,1.052,0.884,-0.147,Pitch and pitch coke,27,"Mineral fuels, oils and waxes",3,Minerals,
paises_interes,2020,2709,54234035,0.0007708698199237684,DOM,2709,0.0,0,0.0,0.801,-0.144,-2.029,-0.147,"Petroleum oils, crude",27,"Mineral fuels, oils and waxes",3,Minerals,
paises_interes,2020,2710,306425303,0.010984089933454793,DOM,2710,4.7e-05,17988972,0.085479,0.804,0.184,-0.681,-0.147,"Petroleum oils, refined",27,"Mineral fuels, oils and waxes",3,Minerals,0.244343423292893
paises_interes,2020,2711,2554095,0.0003691214736195835,DOM,2711,0.000101,18054749,0.181695,0.815,-0.203,-1.653,-0.147,Petroleum gases,27,"Mineral fuels, oils and waxes",3,Minerals,0.0
paises_interes,2020,2712,68545090,0.21902524426467118,DOM,2712,0.000715,1915262,1.284709,0.818,0.0,-0.012,-0.147,Petroleum jelly,27,"Mineral fuels, oils and waxes",3,Minerals,0.0157738210229201
paises_interes,2020,2713,1977461,0.001983940287097543,DOM,2713,0.000122,1653752,0.224544,0.812,0.13,-0.681,-0.147,Petroleum coke,27,"Mineral fuels, oils and waxes",3,Minerals,1.0
paises_interes,2020,2714,46594,0.00029971406555137837,DOM,2714,4e-06,3224,0.006286,0.832,0.164,-0.884,-0.147,"Bitumen and asphalt, natural",27,"Mineral fuels, oils and waxes",3,Minerals,0.0
paises_interes,2020,2715,34364,0.00040949196268351363,DOM,2715,1.8e-05,24440,0.0314,0.827,0.263,-0.568,-0.147,Bituminous mixtures,27,"Mineral fuels, oils and waxes",3,Minerals,0.0
paises_interes,2020,2801,1659077,0.009532022731652793,DOM,2801,0.000269,415185,0.475755,0.857,0.286,-0.6,-0.147,Iodine,28,Inorganic chemicals,5,Chemicals,0.1751219335958669
paises_interes,2020,2802,147051,0.03975727812791401,DOM,2802,0.0,0,0.0,0.867,0.358,0.02,-0.147,"Sulfur, sublimed or precipitated",28,Inorganic chemicals,5,Chemicals,
paises_interes,2020,2803,1297478,0.0055729222258134835,DOM,2803,3e-06,9969,0.005093,0.868,0.721,0.351,-0.147,Carbon,28,Inorganic chemicals,5,Chemicals,0.0
paises_interes,2020,2804,25244251,0.05061622546485124,DOM,2804,9e-06,75925,0.016845,0.849,0.532,-0.061,-0.147,Silicon & rare gases,28,Inorganic chemicals,5,Chemicals,0.029858412907474482
paises_interes,2020,2805,26506209,0.3998151295724309,DOM,2805,7e-06,4694,0.011658,0.87,0.428,-0.409,-0.147,Rare-earth metals,28,Inorganic chemicals,5,Chemicals,0.0
paises_interes,2020,2806,11809,0.0005175874996373075,DOM,2806,4e-06,1038,0.007065,0.839,0.444,-0.366,-0.147,Hydrochloric acid,28,Inorganic chemicals,5,Chemicals,1.0
paises_interes,2020,2807,0,0.0,DOM,2807,1.4e-05,13123,0.026371,0.851,0.255,-0.462,-0.147,"Sulfiric acid, oleum",28,Inorganic chemicals,5,Chemicals,0.0
paises_interes,2020,2808,5178,0.0006673937796012599,DOM,2808,0.0,0,0.0,0.858,0.716,0.367,-0.147,Sulfonitric acids,28,Inorganic chemicals,5,Chemicals,
paises_interes,2020,2809,9507552,0.059189421692038974,DOM,2809,1e-05,33156,0.018046,0.843,0.222,-0.633,-0.147,Phosphoric acid etc.,28,Inorganic chemicals,5,Chemicals,0.223820726263723
paises_interes,2020,2810,254079,0.03313393082795248,DOM,2810,0.000678,280760,1.228208,0.82,0.0,-0.347,-0.147,Oxides of boron; boric acids,28,Inorganic chemicals,5,Chemicals,0.8988637982618607
paises_interes,2020,2811,59220840,0.11922613191169697,DOM,2811,0.00012,533017,0.221059,0.822,0.729,0.356,-0.147,Other inorganic acids,28,Inorganic chemicals,5,Chemicals,0.02788841631692798
paises_interes,2020,2812,4756549,0.10055522018702677,DOM,2812,0.0,0,0.0,0.922,1.031,2.236,-0.147,Halides of nonmetals,28,Inorganic chemicals,5,Chemicals,
paises_interes,2020,2813,2737,0.0006726694902236816,DOM,2813,0.0,0,0.0,0.899,1.163,1.019,-0.147,Sulfides of nonmetals,28,Inorganic chemicals,5,Chemicals,
paises_interes,2020,2814,25836,3.691033289511528e-05,DOM,2814,6e-06,33432,0.011084,0.849,-0.038,-1.17,-0.147,Ammonia,28,Inorganic chemicals,5,Chemicals,0.0
paises_interes,2020,2815,1011056,0.006118842262726149,DOM,2815,3e-05,136512,0.055786,0.859,0.728,0.319,-0.147,Sodium hydroxide,28,Inorganic chemicals,5,Chemicals,0.9051292194092827
paises_interes,2020,2816,4652008,0.19063293961060462,DOM,2816,8e-06,1730,0.014596,0.896,1.087,1.339,-0.147,Hydroxides or peroxides of magnesium,28,Inorganic chemicals,5,Chemicals,0.0
paises_interes,2020,2817,176294,0.0007597081192563083,DOM,2817,1e-06,830,0.00123,0.832,0.32,-0.226,-0.147,Zinc oxide or peroxide,28,Inorganic chemicals,5,Chemicals,0.0
paises_interes,2020,2818,76226007,0.12063976267157292,DOM,2818,0.0,0,0.0,0.847,0.025,-0.995,-0.147,Aluminum oxide,28,Inorganic chemicals,5,Chemicals,
paises_interes,2020,2820,200112,0.008658702090360534,DOM,2820,0.0,0,0.0,0.861,0.475,-0.479,-0.147,Manganese oxides,28,Inorganic chemicals,5,Chemicals,
paises_interes,2020,2821,70444559,0.36926345410080785,DOM,2821,8.5e-05,71986,0.150913,0.873,0.543,0.049,-0.147,Iron oxides and hydroxides,28,Inorganic chemicals,5,Chemicals,0.1905648320506765
paises_interes,2020,2822,874078,0.026181018759901434,DOM,2822,1e-06,1781,0.001411,0.915,0.001,-0.896,-0.147,Cobalt oxides and hydroxides,28,Inorganic chemicals,5,Chemicals,0.0
paises_interes,2020,2823,4672735,0.09470768072179574,DOM,2823,6.9e-05,44736,0.123277,0.896,1.224,0.991,-0.147,Titanium oxides,28,Inorganic chemicals,5,Chemicals,0.0
paises_interes,2020,2824,101630,0.03679119125554873,DOM,2824,0.0,0,0.0,0.868,0.002,-0.218,-0.147,Lead oxides,28,Inorganic chemicals,5,Chemicals,
paises_interes,2020,2825,97536835,0.2804761317634507,DOM,2825,0.0,0,0.0,0.88,0.554,-0.425,-0.147,"Metal base oxides, n.e.c.",28,Inorganic chemicals,5,Chemicals,
paises_interes,2020,2826,44527165,0.30603476084809206,DOM,2826,0.0,0,0.0,0.874,1.007,0.617,-0.147,Flourides,28,Inorganic chemicals,5,Chemicals,
paises_interes,2020,2827,69422567,0.2625926853695571,DOM,2827,9e-06,22109,0.015884,0.874,0.992,0.425,-0.147,"Chlorides, bromides, iodides etc.",28,Inorganic chemicals,5,Chemicals,0.0
paises_interes,2020,2828,687836,0.017168611779222808,DOM,2828,0.002559,1573666,4.524789,0.785,0.0,-0.597,-0.147,Hyopchlorites,28,Inorganic chemicals,5,Chemicals,0.6822095667060227
paises_interes,2020,2829,1232031,0.006579776284690357,DOM,2829,8e-06,4514,0.014842,0.871,0.161,-0.686,-0.147,Sodium chlorate,28,Inorganic chemicals,5,Chemicals,0.0
paises_interes,2020,2830,1517016,0.07330330136321925,DOM,2830,0.0,0,0.0,0.878,0.693,-0.272,-0.147,Sulfides; polysulfides,28,Inorganic chemicals,5,Chemicals,
paises_interes,2020,2831,488956,0.04456928613631918,DOM,2831,7.1e-05,15123,0.126515,0.859,0.649,-0.158,-0.147,Dithionites and sulfoxylates,28,Inorganic chemicals,5,Chemicals,0.0
paises_interes,2020,2832,6267123,0.30088437240986227,DOM,2832,2.6e-05,12035,0.047061,0.857,0.521,-0.372,-0.147,Sulfites,28,Inorganic chemicals,5,Chemicals,0.0
paises_interes,2020,2833,45578125,0.14504589987794575,DOM,2833,2.7e-05,105041,0.052075,0.851,0.275,-0.436,-0.147,Sulfates,28,Inorganic chemicals,5,Chemicals,0.0
paises_interes,2020,2834,8416472,0.09805739230360912,DOM,2834,0.000262,282320,0.461539,0.846,0.343,-0.335,-0.147,"Nitrites, nitrates",28,Inorganic chemicals,5,Chemicals,0.007983848115613488
paises_interes,2020,2835,38034201,0.12274879158803756,DOM,2835,0.000386,1284113,0.681903,0.842,0.639,0.138,-0.147,Phosphates,28,Inorganic chemicals,5,Chemicals,0.04736810545489377
paises_interes,2020,2836,42687129,0.15862571749102608,DOM,2836,0.000298,1953361,0.5322,0.838,0.297,-0.244,-0.147,Carbonates,28,Inorganic chemicals,5,Chemicals,0.5181505108374744
paises_interes,2020,2837,2584016,0.2165197695821605,DOM,2837,1e-06,1369,0.002463,0.872,0.415,-0.607,-0.147,Cyanides,28,Inorganic chemicals,5,Chemicals,0.0
paises_interes,2020,2839,887252,0.02067858418545533,DOM,2839,0.000125,76360,0.225569,0.836,0.36,-0.162,-0.147,Silicates,28,Inorganic chemicals,5,Chemicals,0.7556574122577265
paises_interes,2020,2840,1609057,0.021938531802204404,DOM,2840,0.0,0,0.0,0.86,0.312,-0.039,-0.147,Borates,28,Inorganic chemicals,5,Chemicals,
paises_interes,2020,2841,45861047,0.04177723698453042,DOM,2841,0.0,0,0.0,0.915,0.466,0.145,-0.147,Salts of oxometallic acids,28,Inorganic chemicals,5,Chemicals,
paises_interes,2020,2842,26031928,0.1826959019284114,DOM,2842,1.7e-05,28499,0.0314,0.889,1.221,1.733,-0.147,Other salts of acids,28,Inorganic chemicals,5,Chemicals,0.0
paises_interes,2020,2843,3757423,0.05392236292105528,DOM,2843,0.0,0,0.0,0.909,1.362,1.907,-0.147,Compounds of precious metals,28,Inorganic chemicals,5,Chemicals,
paises_interes,2020,2844,530865,0.00023359527455792966,DOM,2844,0.0,0,0.0,0.883,0.356,-0.326,-0.147,Uranium,28,Inorganic chemicals,5,Chemicals,
paises_interes,2020,2845,1556430,0.013588585800954121,DOM,2845,0.0,0,0.0,0.885,0.664,0.671,-0.147,Non-radioactive isotopes,28,Inorganic chemicals,5,Chemicals,
paises_interes,2020,2846,47942407,0.49366815877601483,DOM,2846,0.0,0,0.0,0.894,0.892,0.773,-0.147,Compounds of rare-earth metals,28,Inorganic chemicals,5,Chemicals,
paises_interes,2020,2847,17197,0.0005736555629495163,DOM,2847,2.3e-05,17875,0.039894,0.859,0.825,0.584,-0.147,Hydrogen peroxide,28,Inorganic chemicals,5,Chemicals,0.0
paises_interes,2020,2849,52501136,0.30993299346442793,DOM,2849,2.9e-05,39026,0.052145,0.868,0.485,0.034,-0.147,Carbides,28,Inorganic chemicals,5,Chemicals,0.0
paises_interes,2020,2850,9428775,0.24991614263822484,DOM,2850,0.000286,178109,0.522528,0.909,1.072,1.727,-0.147,"Hydrides, nitrides, azides, silicides and borides",28,Inorganic chemicals,5,Chemicals,0.23211067380087474
paises_interes,2020,2851,1548200,0.01834453890174414,DOM,2851,0.0,0,0.0,0.912,0.888,2.099,-0.147,"Inorganic compounds, liquid or compressed air",28,Inorganic chemicals,5,Chemicals,
paises_interes,2020,2901,2508947,0.0024473598382215127,DOM,2901,1.9e-05,319447,0.035033,0.862,0.714,0.639,-0.147,Acyclic hydrocarbons,29,Organic chemicals,5,Chemicals,0.39547718400861487
paises_interes,2020,2902,9290215,0.005692951508505532,DOM,2902,1.4e-05,402883,0.027144,0.883,0.875,0.797,-0.147,Cyclic hydrocarbons,29,Organic chemicals,5,Chemicals,0.46297312122874384
paises_interes,2020,2903,287550376,0.521519447598908,DOM,2903,1.7e-05,151067,0.030251,0.892,1.133,1.195,-0.147,Halogenated derivatives of hydrocarbons,29,Organic chemicals,5,Chemicals,0.19610503948579108
paises_interes,2020,2904,11076235,0.07413073484875489,DOM,2904,0.0,0,0.0,0.844,0.256,-0.54,-0.147,"Sulfonated, nitrated derivatives of hydrocarbons",29,Organic chemicals,5,Chemicals,
paises_interes,2020,2905,162754398,0.11319527284665702,DOM,2905,3e-05,681017,0.057031,0.847,0.273,-0.165,-0.147,Acyclic alcohols,29,Organic chemicals,5,Chemicals,0.2608143409048526
paises_interes,2020,2906,46412325,0.1730939716907187,DOM,2906,5e-06,11078,0.009282,0.884,1.057,0.712,-0.147,Cyclic alcohols,29,Organic chemicals,5,Chemicals,0.2133056508395017
paises_interes,2020,2907,31931548,0.14331568465069086,DOM,2907,1.9e-05,97244,0.037481,0.885,1.138,1.714,-0.147,"Phenols, phenol-alcohols",29,Organic chemicals,5,Chemicals,0.0
paises_interes,2020,2908,6503155,0.1859219418627968,DOM,2908,4e-06,2353,0.006306,0.895,0.884,0.954,-0.147,Derivatives of phenols,29,Organic chemicals,5,Chemicals,0.0
paises_interes,2020,2909,123036078,0.21248849474731696,DOM,2909,6e-06,69479,0.011787,0.885,0.783,0.348,-0.147,Ethers,29,Organic chemicals,5,Chemicals,0.0
paises_interes,2020,2910,91653828,0.4306322232660539,DOM,2910,2e-06,4607,0.002714,0.903,1.475,1.871,-0.147,Epoxides,29,Organic chemicals,5,Chemicals,0.0
paises_interes,2020,2912,127331632,0.40129740217138915,DOM,2912,3.3e-05,71622,0.059845,0.886,1.395,1.061,-0.147,Aldehydes,29,Organic chemicals,5,Chemicals,0.2847449107816034
paises_interes,2020,2914,280537452,0.3831878828394715,DOM,2914,4.3e-05,241272,0.080093,0.879,1.326,1.407,-0.147,Ketones and quinones,29,Organic chemicals,5,Chemicals,0.25743144666600354
paises_interes,2020,2915,213499545,0.27905151450676635,DOM,2915,2.8e-05,312025,0.052309,0.883,1.023,1.022,-0.147,Saturated acyclic monocarboxylic acids,29,Organic chemicals,5,Chemicals,0.09662366797532249
paises_interes,2020,2916,250859408,0.30653269851922665,DOM,2916,2.8e-05,226256,0.051517,0.885,1.379,1.42,-0.147,Unsaturated acyclic monocarboxylic acids,29,Organic chemicals,5,Chemicals,0.0
paises_interes,2020,2917,132516890,0.15805658197272568,DOM,2917,4e-06,44352,0.008568,0.859,0.809,0.62,-0.147,Polycarboxylic acids,29,Organic chemicals,5,Chemicals,0.0
paises_interes,2020,2918,265267467,0.27126938626461433,DOM,2918,2e-05,146498,0.035755,0.865,0.821,0.481,-0.147,Carboxylic acids with additional oxygen function,29,Organic chemicals,5,Chemicals,0.00787724064492348
paises_interes,2020,2919,68824395,0.6418430372646945,DOM,2919,0.0,0,0.0,0.905,1.093,2.211,-0.147,Phosporic esters,29,Organic chemicals,5,Chemicals,
paises_interes,2020,2920,49995194,0.28319170008140165,DOM,2920,0.0,0,0.0,0.899,1.479,2.045,-0.147,Esters of other inorganic acids of nonmetals,29,Organic chemicals,5,Chemicals,
paises_interes,2020,2921,169392680,0.23923302746130257,DOM,2921,1e-06,8805,0.002035,0.886,1.432,1.192,-0.147,Amine-function compounds,29,Organic chemicals,5,Chemicals,0.0
paises_interes,2020,2922,339363137,0.21046777686288773,DOM,2922,6.4e-05,850431,0.11395,0.877,0.768,0.694,-0.147,Oxygen-function amino-compounds,29,Organic chemicals,5,Chemicals,0.008098246653755567
paises_interes,2020,2923,57927830,0.2675047737860401,DOM,2923,0.00027,576007,0.480291,0.884,1.105,0.572,-0.147,Quaternary ammonium salts and hydroxides,29,Organic chemicals,5,Chemicals,0.010156126574850653
paises_interes,2020,2924,305813835,0.287720196815157,DOM,2924,1.4e-05,99105,0.024301,0.884,0.966,1.084,-0.147,Carboxyamide-function compounds,29,Organic chemicals,5,Chemicals,0.0
paises_interes,2020,2925,68563403,0.3327894498865417,DOM,2925,0.0,0,0.0,0.892,1.394,1.393,-0.147,Carboxyimide-function compounds,29,Organic chemicals,5,Chemicals,
paises_interes,2020,2926,158904104,0.5288212712233517,DOM,2926,0.0,0,0.0,0.893,1.496,1.313,-0.147,Nitrile-function compounds,29,Organic chemicals,5,Chemicals,
paises_interes,2020,2928,25622979,0.16282174955687703,DOM,2928,0.0,0,0.0,0.879,0.433,0.824,-0.147,Organix derivatives of hydrazine,29,Organic chemicals,5,Chemicals,
paises_interes,2020,2929,72698120,0.34587202434606185,DOM,2929,3e-05,137977,0.054222,0.893,1.013,0.981,-0.147,Isocyanates,29,Organic chemicals,5,Chemicals,0.0
paises_interes,2020,2930,350844528,0.4354217695073553,DOM,2930,2e-06,10913,0.00289,0.894,1.359,1.631,-0.147,Organo-sulfur compounds,29,Organic chemicals,5,Chemicals,1.0
paises_interes,2020,2931,370819927,0.5311229798686863,DOM,2931,3e-06,15150,0.004524,0.906,1.446,1.922,-0.147,Other organo-inorganic compounds,29,Organic chemicals,5,Chemicals,0.0
paises_interes,2020,2932,420294640,0.41481112153375316,DOM,2932,0.002124,16207336,3.78955,0.854,0.0,1.037,-0.147,Heterocyclic compounds with oxygen hetero-atom(s) only,29,Organic chemicals,5,Chemicals,0.2218270170989236
paises_interes,2020,2933,1105244798,0.10098123657601349,DOM,2933,0.0,29730,0.000725,0.892,0.748,1.222,-0.147,Heterocyclic compounds with nitrogen hetero-atom(s) only,29,Organic chemicals,5,Chemicals,0.0
paises_interes,2020,2934,606069874,0.077618137847004,DOM,2934,8e-06,194485,0.014681,0.902,0.984,1.766,-0.147,Nucleic acids and their salts,29,Organic chemicals,5,Chemicals,0.04153533691544335
paises_interes,2020,2935,133674203,0.03704664675877886,DOM,2935,0.0,0,0.0,0.886,0.945,1.314,-0.147,Sulfonamides,29,Organic chemicals,5,Chemicals,
paises_interes,2020,2936,904234126,0.6549309991154267,DOM,2936,8e-06,68187,0.014063,0.894,1.224,1.051,-0.147,Vitamins,29,Organic chemicals,5,Chemicals,0.04736973323360758
paises_interes,2020,2937,97221861,0.02277820099572149,DOM,2937,4e-06,74505,0.007105,0.893,0.961,1.18,-0.147,Hormones,29,Organic chemicals,5,Chemicals,0.0
paises_interes,2020,2938,202216305,0.7012432987898983,DOM,2938,0.0,0,0.0,0.87,0.699,0.003,-0.147,Glycosides,29,Organic chemicals,5,Chemicals,
paises_interes,2020,2939,53818316,0.16268528474926758,DOM,2939,8e-05,128993,0.144392,0.879,0.954,0.797,-0.147,Vegetable alkaloids,29,Organic chemicals,5,Chemicals,0.0
paises_interes,2020,2940,35292882,0.15927027228457166,DOM,2940,0.0,0,0.0,0.875,1.129,1.097,-0.147,"Other sugars, chemically pure",29,Organic chemicals,5,Chemicals,
paises_interes,2020,2941,128190204,0.2837081991165037,DOM,2941,9e-06,83975,0.015277,0.869,1.086,1.017,-0.147,Antibiotics,29,Organic chemicals,5,Chemicals,0.0
paises_interes,2020,2942,4111091,0.032399689676005546,DOM,2942,3e-06,5207,0.004989,0.853,0.408,-0.11,-0.147,Other organic compounds,29,Organic chemicals,5,Chemicals,0.0
paises_interes,2020,3001,134321749,0.36582951834881455,DOM,3001,0.0,2132,0.000817,0.881,1.025,1.103,-0.147,Heparin for therapeutic use,30,Pharmaceutical products,5,Chemicals,0.0
paises_interes,2020,3002,425074279,0.00798154050418216,DOM,3002,3e-06,526326,0.00441,0.885,1.421,1.446,-0.147,Serums and vaccines,30,Pharmaceutical products,5,Chemicals,0.12466608147801933
paises_interes,2020,3003,76427345,0.08183264329804234,DOM,3003,9.9e-05,965839,0.175345,0.839,0.81,0.485,-0.147,"Medicaments, not packaged",30,Pharmaceutical products,5,Chemicals,0.004146653841892904
paises_interes,2020,3004,709553995,0.010035155084076992,DOM,3004,0.000224,80255320,0.397195,0.841,0.948,0.579,-0.147,"Medicaments, packaged",30,Pharmaceutical products,5,Chemicals,0.007023434708129006
paises_interes,2020,3005,578455386,0.42483078373353916,DOM,3005,0.005975,45365772,10.670119,0.845,0.0,1.149,-0.147,"Wadding, gauze and bandages",30,Pharmaceutical products,5,Chemicals,0.30243475190943514
paises_interes,2020,3006,525875766,0.19601990748554485,DOM,3006,0.015119,191813430,26.770376,0.842,0.0,0.843,-0.147,Pharmaceutical goods,30,Pharmaceutical products,5,Chemicals,0.6070075228830432
paises_interes,2020,3101,924687,0.015293901329281498,DOM,3101,0.001554,1430425,2.750709,0.793,0.0,-0.758,-0.147,Animal or vegetable fertilizers,31,Fertilisers,5,Chemicals,0.1585333030393065
paises_interes,2020,3102,30967811,0.018903520518886198,DOM,3102,0.000105,2106923,0.184917,0.794,-0.052,-1.063,-0.147,Nitrogenous fertilizers,31,Fertilisers,5,Chemicals,0.308397601620942
paises_interes,2020,3103,334035,0.0036189051644794482,DOM,3103,0.000485,639210,0.855748,0.816,-0.039,-1.033,-0.147,Phosphatic fertilizers,31,Fertilisers,5,Chemicals,0.0
paises_interes,2020,3104,791070,0.00031924774626918934,DOM,3104,5.5e-05,731768,0.097339,0.852,0.095,-0.439,-0.147,Potassic fertilizers,31,Fertilisers,5,Chemicals,0.4326015895748379
paises_interes,2020,3105,7968812,0.009944248015850784,DOM,3105,0.001038,21277900,1.830496,0.759,-0.0,-0.906,-0.147,Mixed fertilizers,31,Fertilisers,5,Chemicals,0.14728145164701403
paises_interes,2020,3201,73906,0.004729042126137822,DOM,3201,0.0,0,0.0,0.86,0.162,-1.21,-0.147,Vegetable tanning extracts,32,"Dyes, paints, inks, etc.",5,Chemicals,
paises_interes,2020,3202,76837,0.008362219705332342,DOM,3202,7e-06,3467,0.012446,0.865,0.543,-0.224,-0.147,Synthetic tanning substances,32,"Dyes, paints, inks, etc.",5,Chemicals,0.0
paises_interes,2020,3203,22619869,0.1280225118533572,DOM,3203,1.8e-05,24747,0.032598,0.859,0.913,0.211,-0.147,Coloring matter of animal or vegetable origin,32,"Dyes, paints, inks, etc.",5,Chemicals,0.5253566088818846
paises_interes,2020,3204,163176999,0.21357103001945893,DOM,3204,2.8e-05,319330,0.050047,0.859,0.799,0.543,-0.147,Synthetic organic coloring matter,32,"Dyes, paints, inks, etc.",5,Chemicals,0.2234898067829518
paises_interes,2020,3205,8099,0.0008005564653262378,DOM,3205,8.1e-05,17851,0.145308,0.851,0.543,-0.265,-0.147,Color lakes,32,"Dyes, paints, inks, etc.",5,Chemicals,0.2785278135678673
paises_interes,2020,3206,65222600,0.07542225217133852,DOM,3206,5.5e-05,663096,0.101228,0.875,0.762,0.441,-0.147,Other coloring matter,32,"Dyes, paints, inks, etc.",5,Chemicals,0.012621098604123686
paises_interes,2020,3207,7388756,0.04368918711782636,DOM,3207,1.2e-05,55711,0.023323,0.864,0.642,0.541,-0.147,Prepared pigments,32,"Dyes, paints, inks, etc.",5,Chemicals,0.0
paises_interes,2020,3208,17054308,0.027392862768964736,DOM,3208,0.000479,6303949,0.85399,0.812,0.733,0.269,-0.147,"Paints and varnishes, nonaqueous",32,"Dyes, paints, inks, etc.",5,Chemicals,0.08316247482332106
paises_interes,2020,3209,508202,0.0017606511326504438,DOM,3209,0.000317,1872541,0.563895,0.809,0.515,-0.031,-0.147,"Paints and varnishes, aqueous",32,"Dyes, paints, inks, etc.",5,Chemicals,0.6078355560706014
paises_interes,2020,3210,77790,0.0049517152069280986,DOM,3210,0.000106,66970,0.203884,0.831,0.708,0.143,-0.147,Other paints and varnishes,32,"Dyes, paints, inks, etc.",5,Chemicals,0.02121845602508586
paises_interes,2020,3211,119240,0.011667322407237498,DOM,3211,0.000419,84777,0.742001,0.83,0.259,-0.261,-0.147,Prepared driers,32,"Dyes, paints, inks, etc.",5,Chemicals,0.0
paises_interes,2020,3212,13706787,0.07183320614320711,DOM,3212,5.4e-05,102958,0.10161,0.843,1.029,0.719,-0.147,"Pigments, nonaqueous",32,"Dyes, paints, inks, etc.",5,Chemicals,0.10942325997008488
paises_interes,2020,3213,138934573,0.6716860001811892,DOM,3213,0.001614,1520923,2.88863,0.825,0.0,-0.075,-0.147,Artists' colors,32,"Dyes, paints, inks, etc.",5,Chemicals,0.4620345671674371
paises_interes,2020,3214,4110719,0.00989198706091624,DOM,3214,0.000457,3578594,0.810728,0.82,0.714,0.375,-0.147,Glaziers' putty,32,"Dyes, paints, inks, etc.",5,Chemicals,0.06171893207220489
paises_interes,2020,3215,18661979,0.0354447490060901,DOM,3215,9.1e-05,978875,0.162654,0.847,1.01,0.692,-0.147,Ink,32,"Dyes, paints, inks, etc.",5,Chemicals,0.4299752266632614
paises_interes,2020,3301,104641063,0.10161779745935344,DOM,3301,0.000221,1109334,0.393964,0.783,-0.177,-1.331,-0.147,Essential oils,33,Essential oils,5,Chemicals,0.18710956303511836
paises_interes,2020,3302,24456564,0.008274162397921305,DOM,3302,0.001283,30119471,2.271455,0.834,0.0,0.135,-0.147,Mixtures of odoriferous subtances,33,Essential oils,5,Chemicals,0.005796748555112406
paises_interes,2020,3303,28215035,0.017338822584104328,DOM,3303,0.000119,1775355,0.21358,0.826,0.599,-0.155,-0.147,Perfumes,33,Essential oils,5,Chemicals,0.1671108031914744
paises_interes,2020,3304,575079180,0.14413576186116933,DOM,3304,0.000454,24605562,0.828353,0.842,0.837,0.528,-0.147,Make-up preparations,33,Essential oils,5,Chemicals,0.9173848173026895
paises_interes,2020,3305,51908115,0.040621687331157876,DOM,3305,0.0014,18926177,2.486703,0.792,0.0,0.129,-0.147,Hair products,33,Essential oils,5,Chemicals,0.6010492768824892
paises_interes,2020,3306,21334055,0.06453266461040488,DOM,3306,3.1e-05,168504,0.055999,0.838,0.632,0.133,-0.147,Dental hygiene products,33,Essential oils,5,Chemicals,0.19328918007881118
paises_interes,2020,3307,312267912,0.24251802014056698,DOM,3307,0.00022,2777068,0.393778,0.832,0.723,0.22,-0.147,Toiletries,33,Essential oils,5,Chemicals,0.15258034733034986
paises_interes,2020,3401,512599813,0.5010051162248679,DOM,3401,0.001734,14031385,3.073595,0.728,-0.0,-1.196,-0.147,Soap,34,"Soaps, waxes, and paints",5,Chemicals,0.5087727262846825
paises_interes,2020,3402,233357975,0.11271220356291951,DOM,3402,0.000344,12329384,0.6145,0.798,0.449,-0.159,-0.147,Cleaning products,34,"Soaps, waxes, and paints",5,Chemicals,0.18055670907808533
paises_interes,2020,3403,4475435,0.017842076453182087,DOM,3403,1e-05,81767,0.018213,0.889,1.482,1.278,-0.147,Lubricants,34,"Soaps, waxes, and paints",5,Chemicals,0.5961818337471106
paises_interes,2020,3404,12374641,0.06972897171136669,DOM,3404,9.9e-05,243865,0.178776,0.878,1.08,0.544,-0.147,Artificial and prepared waxes,34,"Soaps, waxes, and paints",5,Chemicals,0.14656059705164742
paises_interes,2020,3405,10044284,0.08020839474663924,DOM,3405,3.7e-05,86097,0.067568,0.831,0.709,0.344,-0.147,Polishes and creams,34,"Soaps, waxes, and paints",5,Chemicals,0.3192678025947478
paises_interes,2020,3406,323109381,0.5040102609204551,DOM,3406,0.008359,26117938,14.766136,0.827,0.0,0.146,-0.147,Candles,34,"Soaps, waxes, and paints",5,Chemicals,0.8590632231380594
paises_interes,2020,3407,58662005,0.38849998421814147,DOM,3407,1.6e-05,14084,0.028477,0.883,1.09,0.994,-0.147,Modeling pastes,34,"Soaps, waxes, and paints",5,Chemicals,0.0
paises_interes,2020,3501,99067,0.00022021767510313887,DOM,3501,1.7e-05,35425,0.029968,0.864,0.458,0.016,-0.147,Casein,34,"Soaps, waxes, and paints",5,Chemicals,0.0
paises_interes,2020,3502,2135570,0.025191114135492302,DOM,3502,0.0,0,0.0,0.875,0.913,0.463,-0.147,Albumins,35,Albuminoidals; modified starches; glues; enzymes,5,Chemicals,
paises_interes,2020,3503,33280476,0.11387891154779156,DOM,3503,2.1e-05,42611,0.03709,0.847,0.46,-0.381,-0.147,Gelatin,35,Albuminoidals; modified starches; glues; enzymes,5,Chemicals,0.0
paises_interes,2020,3504,77535204,0.16121559033972693,DOM,3504,2.1e-05,67323,0.037617,0.882,0.888,0.578,-0.147,Peptones,35,Albuminoidals; modified starches; glues; enzymes,5,Chemicals,0.0
paises_interes,2020,3505,6754330,0.04108485056651045,DOM,3505,1.1e-05,36461,0.019215,0.867,1.09,0.604,-0.147,Dextrins and other modified starches,35,Albuminoidals; modified starches; glues; enzymes,5,Chemicals,0.0
paises_interes,2020,3506,111098776,0.23768777760596274,DOM,3506,0.00022,2442535,0.408681,0.867,1.122,1.058,-0.147,Glues and adhesives,35,Albuminoidals; modified starches; glues; enzymes,5,Chemicals,0.22996886431514799
paises_interes,2020,3507,80447046,0.08185194284286994,DOM,3507,7e-06,41314,0.013058,0.891,1.292,0.972,-0.147,Enzymes,35,Albuminoidals; modified starches; glues; enzymes,5,Chemicals,0.0
paises_interes,2020,3601,1960656,0.024174626119309876,DOM,3601,0.0,0,0.0,0.888,0.872,0.915,-0.147,Propellant powders,36,Explosives,5,Chemicals,
paises_interes,2020,3602,579235,0.008018511564578161,DOM,3602,0.00011,78509,0.196573,0.786,-0.01,-1.052,-0.147,"Prepared explosives, except gunpowder",36,Explosives,5,Chemicals,0.5685717561043957
paises_interes,2020,3603,67957,0.00030684690693626404,DOM,3603,0.0,0,0.0,0.828,0.196,-0.644,-0.147,Detonators,36,Explosives,5,Chemicals,
paises_interes,2020,3604,279391307,0.9201531070433648,DOM,3604,0.0,0,0.0,0.858,0.733,0.721,-0.147,Fireworks,36,Explosives,5,Chemicals,
paises_interes,2020,3605,1120274,0.10946037897639713,DOM,3605,0.00032,51969,0.565078,0.809,-0.176,-1.366,-0.147,Matches,36,Explosives,5,Chemicals,0.9837018222401817
paises_interes,2020,3606,6625724,0.1998639806515403,DOM,3606,0.0,0,0.0,0.841,0.816,0.583,-0.147,Ferrocerium and other pyrophoric alloys,36,Explosives,5,Chemicals,
paises_interes,2020,3701,3833035,0.01310750750617663,DOM,3701,2e-06,8520,0.004098,0.907,1.215,1.951,-0.147,Photographic plates,37,Photographic or cinematographic goods,5,Chemicals,0.0
paises_interes,2020,3702,2256408,0.01682345952580693,DOM,3702,0.000253,343057,0.464797,0.916,0.917,2.29,-0.147,Photographic film in rolls,37,Photographic or cinematographic goods,5,Chemicals,0.0
paises_interes,2020,3703,131395,0.023383030392333776,DOM,3703,1.6e-05,5749,0.027424,0.879,0.759,0.508,-0.147,Photographic paper,37,Photographic or cinematographic goods,5,Chemicals,1.0
paises_interes,2020,3704,805796,0.05846247427652873,DOM,3704,0.0,0,0.0,0.888,0.004,1.099,-0.147,"Photographic film, not developed",37,Photographic or cinematographic goods,5,Chemicals,
paises_interes,2020,3706,4427,0.00277497793557187,DOM,3706,0.014316,109962,22.331696,0.849,0.0,0.004,-0.147,Motion-picture film,37,Photographic or cinematographic goods,5,Chemicals,1.0
paises_interes,2020,3707,4901446,0.009390818327836814,DOM,3707,1.1e-05,66521,0.020093,0.91,0.962,2.453,-0.147,Chemical preparations for photographic uses,37,Photographic or cinematographic goods,5,Chemicals,0.04129523007771982
paises_interes,2020,3801,138005182,0.4453709008988332,DOM,3801,0.0,0,0.0,0.889,1.057,0.657,-0.147,Artificial graphite,38,Miscellaneous chemical products,5,Chemicals,
paises_interes,2020,3802,24027797,0.1201403053419557,DOM,3802,6e-06,14183,0.010486,0.849,0.515,-0.198,-0.147,Activated carbon,38,Miscellaneous chemical products,5,Chemicals,0.0
paises_interes,2020,3803,0,0.0,DOM,3803,0.0,0,0.0,0.886,0.554,0.357,-0.147,Tall oil,38,Miscellaneous chemical products,5,Chemicals,
paises_interes,2020,3804,319268,0.011970156866388488,DOM,3804,0.0,0,0.0,0.897,0.901,0.296,-0.147,Residual lyes,38,Miscellaneous chemical products,5,Chemicals,
paises_interes,2020,3805,1048005,0.05580600689158297,DOM,3805,2.3e-05,7630,0.040751,0.859,0.427,-0.3,-0.147,Turpentines,38,Miscellaneous chemical products,5,Chemicals,0.6757536041939711
paises_interes,2020,3806,5992764,0.1427101508181593,DOM,3806,7.2e-05,78840,0.127896,0.864,0.557,-0.106,-0.147,Rosin and resin acids,38,Miscellaneous chemical products,5,Chemicals,0.5411085743277524
paises_interes,2020,3807,0,0.0,DOM,3807,0.000132,12628,0.206393,0.899,0.003,0.658,-0.147,Wood tar and oils,38,Miscellaneous chemical products,5,Chemicals,0.0
paises_interes,2020,3808,1423559246,0.40630767987476224,DOM,3808,0.000449,17329418,0.797521,0.828,0.538,-0.017,-0.147,"Insecticides, rodenticides, fungicides, etc.",38,Miscellaneous chemical products,5,Chemicals,0.7418669224782968
paises_interes,2020,3809,4894099,0.026960214903932214,DOM,3809,0.000193,778797,0.358857,0.824,0.725,0.31,-0.147,Finishing agents,38,Miscellaneous chemical products,5,Chemicals,0.035823199113504546
paises_interes,2020,3810,3563896,0.046608755124251854,DOM,3810,3e-06,3863,0.004723,0.89,1.511,1.954,-0.147,Pickling preparations for metal surfaces,38,Miscellaneous chemical products,5,Chemicals,0.7186124773492104
paises_interes,2020,3811,3458982,0.00774570843476769,DOM,3811,8e-06,76749,0.014864,0.877,0.64,0.22,-0.147,Anti-knock,38,Miscellaneous chemical products,5,Chemicals,0.25484371131871425
paises_interes,2020,3812,72858579,0.22773582007111498,DOM,3812,1.4e-05,57964,0.02698,0.885,1.208,1.21,-0.147,Stabilizers for rubber or plastic,38,Miscellaneous chemical products,5,Chemicals,0.0
paises_interes,2020,3813,5827406,0.4712577467653325,DOM,3813,0.0,0,0.0,0.868,1.082,0.523,-0.147,Preparations for fire extinguishers,38,Miscellaneous chemical products,5,Chemicals,
paises_interes,2020,3814,488267,0.007247327191217836,DOM,3814,0.000795,1247807,1.433607,0.791,0.0,0.136,-0.147,Organic composite solvents and thinners,38,Miscellaneous chemical products,5,Chemicals,0.08959799071491024
paises_interes,2020,3815,86338199,0.052319483176758594,DOM,3815,2.6e-05,548523,0.045452,0.884,1.263,0.899,-0.147,Catalytic preparations,38,Miscellaneous chemical products,5,Chemicals,0.9716985431786817
paises_interes,2020,3816,1269875,0.014099176195085812,DOM,3816,0.000175,357059,0.311091,0.864,1.082,0.907,-0.147,Refractory cements,38,Miscellaneous chemical products,5,Chemicals,0.0
paises_interes,2020,3817,228261,0.0025033724532277954,DOM,3817,0.0,0,0.0,0.87,0.462,0.029,-0.147,Mixed alkylbenzenes,38,Miscellaneous chemical products,5,Chemicals,
paises_interes,2020,3818,120524688,0.08170847827154387,DOM,3818,0.0,0,0.0,0.905,1.33,2.449,-0.147,Chemical elements for electronics,38,Miscellaneous chemical products,5,Chemicals,
paises_interes,2020,3819,43982,0.0021100444149429066,DOM,3819,0.000137,96724,0.242255,0.873,0.874,0.481,-0.147,Hydraulic fluids,38,Miscellaneous chemical products,5,Chemicals,0.0
paises_interes,2020,3820,3481912,0.10702269507108075,DOM,3820,6.4e-05,62209,0.112168,0.847,0.821,0.544,-0.147,Antifreezing preparation,38,Miscellaneous chemical products,5,Chemicals,0.0
paises_interes,2020,3821,36707899,0.11204881314910664,DOM,3821,1e-06,2754,0.001692,0.893,1.476,1.593,-0.147,Prepared culture media for micro-organisms,38,Miscellaneous chemical products,5,Chemicals,0.5896877269426289
paises_interes,2020,3822,200003325,0.04401598585171912,DOM,3822,1.1e-05,388774,0.019626,0.884,1.259,1.319,-0.147,Diagnostic or laboratory reagents,38,Miscellaneous chemical products,5,Chemicals,0.6865814071928679
paises_interes,2020,3823,409779209,0.13158188933498816,DOM,3823,0.000309,15852417,0.556408,0.868,1.053,-0.257,-0.147,Industrial monocarboxylic fatty acids,38,Miscellaneous chemical products,5,Chemicals,0.8633398301344205
paises_interes,2020,3901,41712344,0.012012871051593625,DOM,3901,2.5e-05,1562653,0.045318,0.838,0.442,0.161,-0.147,Polymers of ethylene,39,Plastics,5,Chemicals,0.22667092438308442
paises_interes,2020,3902,13071882,0.017863531630108932,DOM,3902,4e-06,147970,0.007792,0.846,0.601,0.448,-0.147,Polymers of propylene,39,Plastics,5,Chemicals,0.31759140366290467
paises_interes,2020,3903,11656662,0.013123553520282357,DOM,3903,3.2e-05,497487,0.068222,0.867,0.939,0.843,-0.147,Polymers of styrene,39,Plastics,5,Chemicals,0.09085463539750788
paises_interes,2020,3904,53498001,0.06280015531352189,DOM,3904,0.000221,3689963,0.418895,0.855,0.876,0.683,-0.147,Polymers of vinyl chloride,39,Plastics,5,Chemicals,0.5264144925030414
paises_interes,2020,3905,10484950,0.03535232461625593,DOM,3905,0.001247,5353633,2.384674,0.845,0.0,1.031,-0.147,Polymers of vinyl acetate,39,Plastics,5,Chemicals,0.08678910190519223
paises_interes,2020,3906,81250000,0.08876110697910405,DOM,3906,5.4e-05,770166,0.098254,0.885,1.272,1.228,-0.147,Acrylic polymers,39,Plastics,5,Chemicals,0.1078715497697899
paises_interes,2020,3907,157399694,0.05851119100262671,DOM,3907,0.000292,14065590,0.55642,0.87,1.067,0.871,-0.147,Polyacetals,39,Plastics,5,Chemicals,0.05435833121824253
paises_interes,2020,3908,13679872,0.02763610505050505,DOM,3908,0.0,0,0.0,0.881,1.475,1.642,-0.147,Polyamides,39,Plastics,5,Chemicals,
paises_interes,2020,3909,173001565,0.2630995631218047,DOM,3909,4.9e-05,679707,0.088875,0.87,1.121,1.1,-0.147,Amino-resins,39,Plastics,5,Chemicals,0.6745612447716443
paises_interes,2020,3910,71778760,0.14164240980406578,DOM,3910,1.8e-05,108512,0.032795,0.911,1.49,1.841,-0.147,Silicones in primary forms,39,Plastics,5,Chemicals,0.11664147744028311
paises_interes,2020,3911,45518844,0.11891883046044842,DOM,3911,2.9e-05,161820,0.052708,0.897,1.551,1.862,-0.147,Petroleum resins,39,Plastics,5,Chemicals,0.037764182424916574
paises_interes,2020,3912,22430547,0.05562020589011998,DOM,3912,3e-05,153000,0.054431,0.883,1.046,0.883,-0.147,Cellulose n.e.c.,39,Plastics,5,Chemicals,0.13105882352941176
paises_interes,2020,3913,77421903,0.21679489490421536,DOM,3913,3e-06,7469,0.005543,0.875,1.178,0.77,-0.147,Natural polymers,39,Plastics,5,Chemicals,0.0
paises_interes,2020,3914,43727858,0.14920930651166775,DOM,3914,1e-06,1600,0.00163,0.9,1.618,2.099,-0.147,Ion-exchangers based on polymers,39,Plastics,5,Chemicals,0.0
paises_interes,2020,3915,12066057,0.06617622959307153,DOM,3915,0.002841,6825952,5.143206,0.766,0.0,-0.702,-0.147,Plastic waste,39,Plastics,5,Chemicals,0.19036480186206994
paises_interes,2020,3916,112555699,0.192562878271091,DOM,3916,2.1e-05,112127,0.036605,0.861,0.793,0.425,-0.147,Monofilament,39,Plastics,5,Chemicals,0.39234082781132107
paises_interes,2020,3917,589898224,0.220987336473051,DOM,3917,0.00068,16923360,1.212578,0.779,0.0,-0.097,-0.147,Plastic tubes and fittings,39,Plastics,5,Chemicals,0.361647686984145
paises_interes,2020,3918,3702097540,0.8746331313974327,DOM,3918,2.1e-05,231461,0.037832,0.885,0.731,1.026,-0.147,Plastic floor coverings,39,Plastics,5,Chemicals,0.049878813277398786
paises_interes,2020,3919,383811506,0.2703192095890846,DOM,3919,0.000781,15708695,1.471604,0.848,0.0,1.231,-0.147,Self-adhesive plastic sheets,39,Plastics,5,Chemicals,0.09352291835827228
paises_interes,2020,3920,678731990,0.12945195866160297,DOM,3920,0.000731,40005452,1.336058,0.798,0.0,0.148,-0.147,"Other plates of plastics, noncellular and not reinforced",39,Plastics,5,Chemicals,0.18623781578570842
paises_interes,2020,3921,364647568,0.14000300153233183,DOM,3921,0.000809,21120022,1.465852,0.804,0.0,0.507,-0.147,"Other plastic plates, sheets etc.",39,Plastics,5,Chemicals,0.6313358480403098
paises_interes,2020,3922,277721175,0.6021430499632348,DOM,3922,3e-05,123535,0.053059,0.831,0.784,0.516,-0.147,"Baths, sinks etc.",39,Plastics,5,Chemicals,0.17570728943214473
paises_interes,2020,3923,3136061633,0.33392427209659703,DOM,3923,0.002259,122722301,4.087956,0.772,0.0,-0.242,-0.147,Packing lids,39,Plastics,5,Chemicals,0.4924396015032345
paises_interes,2020,3924,3947170660,0.7955536068763499,DOM,3924,0.003694,73404978,6.706841,0.777,0.0,-0.471,-0.147,Plastic household articles,39,Plastics,5,Chemicals,0.6215961674969782
paises_interes,2020,3925,772517047,0.3967205858814932,DOM,3925,0.000239,2934667,0.427077,0.81,0.585,0.282,-0.147,Plastic builders' ware,39,Plastics,5,Chemicals,0.8191270082772594
paises_interes,2020,3926,9192403942,0.5815727989851024,DOM,3926,0.003412,283100581,6.201313,0.826,0.0,0.704,-0.147,Other articles of plastic,39,Plastics,5,Chemicals,0.5339376043173857
paises_interes,2020,4001,616207065,0.5944992867822118,DOM,4001,0.0,4846,0.000778,0.795,-0.189,-1.931,-0.147,Natural rubber,40,Rubber,5,Chemicals,1.0
paises_interes,2020,4002,43370522,0.04119432160179748,DOM,4002,2e-06,40831,0.003744,0.873,0.98,0.797,-0.147,Synthetic rubber,40,Rubber,5,Chemicals,0.0
paises_interes,2020,4003,9473549,0.14450135051284102,DOM,4003,0.0,0,0.0,0.85,0.519,-0.029,-0.147,Reclaimed rubber,40,Rubber,5,Chemicals,
paises_interes,2020,4004,396701,0.014450723448674853,DOM,4004,0.0,0,0.0,0.826,0.525,-0.265,-0.147,Scrap of rubber,40,Rubber,5,Chemicals,
paises_interes,2020,4005,1454088,0.0034188841320448417,DOM,4005,0.0,0,0.0,0.864,1.152,1.134,-0.147,Compounded rubber,40,Rubber,5,Chemicals,
paises_interes,2020,4006,576228,0.04463565457927014,DOM,4006,2.1e-05,8673,0.036958,0.879,1.419,1.122,-0.147,Unvulcanized rubber rods,40,Rubber,5,Chemicals,0.2836388792805258
paises_interes,2020,4007,8994432,0.6187411787698456,DOM,4007,8e-05,47106,0.142544,0.888,0.258,0.799,-0.147,Vulcanized rubber thread and cord,40,Rubber,5,Chemicals,0.0
paises_interes,2020,4008,40930085,0.1162549213534392,DOM,4008,4.8e-05,184423,0.086264,0.858,1.104,0.917,-0.147,Vulcanized rubber plates,40,Rubber,5,Chemicals,0.2882503809177814
paises_interes,2020,4009,165317919,0.12634453462093842,DOM,4009,2.1e-05,185168,0.037964,0.854,1.052,0.941,-0.147,Vulcanized rubber tubes,40,Rubber,5,Chemicals,0.13116737233215242
paises_interes,2020,4010,110127266,0.19848434721653677,DOM,4010,5.5e-05,269979,0.098421,0.862,1.069,0.727,-0.147,Conveyor belts of vulcanized rubber,40,Rubber,5,Chemicals,0.04698883987273084
paises_interes,2020,4011,2366569928,0.1903501802162869,DOM,4011,1.7e-05,1102844,0.030021,0.831,0.601,0.472,-0.147,New pneumatic tires of rubber,40,Rubber,5,Chemicals,0.03650964829822162
paises_interes,2020,4012,46606051,0.1582609903700877,DOM,4012,7.8e-05,167264,0.139827,0.853,0.879,0.581,-0.147,Used pneumatic tires of rubber,40,Rubber,5,Chemicals,0.19232593660762567
paises_interes,2020,4013,36742208,0.3815147305469604,DOM,4013,0.000147,161917,0.264735,0.841,0.277,-0.28,-0.147,Rubber inner tubes,40,Rubber,5,Chemicals,0.0
paises_interes,2020,4014,14668348,0.1484842900454568,DOM,4014,0.000102,121596,0.182692,0.832,0.374,0.077,-0.147,Rubber hygenic or pharmeceutical items,40,Rubber,5,Chemicals,0.290683904075792
paises_interes,2020,4015,3854413163,0.7981664707277936,DOM,4015,4e-06,71795,0.007582,0.826,0.102,-0.476,-0.147,Vulcanized rubber articles of apparel,40,Rubber,5,Chemicals,0.12957726861202035
paises_interes,2020,4016,669747709,0.19854465572876293,DOM,4016,4.7e-05,1094057,0.083999,0.838,0.969,0.755,-0.147,Other articles of vulcanized rubber,40,Rubber,5,Chemicals,0.38349830036277816
paises_interes,2020,4017,6366288,0.16421050318285968,DOM,4017,0.006728,1621029,16.687881,0.817,0.0,-0.03,-0.147,Hard rubber,40,Rubber,5,Chemicals,0.9953140875332891
paises_interes,2020,4101,7493,0.0024763952568751945,DOM,4101,0.000723,191532,1.281848,0.779,0.0,-1.386,-0.147,Raw hides of bovines or equines,41,Leather and skins,1,Agriculture,0.0
paises_interes,2020,4103,11034,0.007687350427945895,DOM,4103,8.4e-05,26776,0.148341,0.799,-0.104,-2.002,-0.147,Other raw hides and skins,41,Leather and skins,1,Agriculture,0.0
paises_interes,2020,4104,11590520,0.024269577386048638,DOM,4104,0.000985,10370044,1.784727,0.777,-0.0,-0.955,-0.147,Tanned hides of bovines or equines,41,Leather and skins,1,Agriculture,0.20798966716052505
paises_interes,2020,4106,23850,0.008170950677263892,DOM,4106,0.0,0,0.0,0.803,-0.201,-1.764,-0.147,Tanned skins of other animals,41,Leather and skins,1,Agriculture,
paises_interes,2020,4107,191430,0.012260864151700381,DOM,4107,5.3e-05,32057,0.100521,0.809,0.07,-0.996,-0.147,Bovine leather further prepared,41,Leather and skins,1,Agriculture,0.09579810961724429
paises_interes,2020,4108,173630,0.02885006176103183,DOM,4108,0.000356,44315,0.628203,0.837,0.242,-0.735,-0.147,Chamois leather,41,Leather and skins,1,Agriculture,0.0
paises_interes,2020,4109,23671,0.0009979424787827083,DOM,4109,0.00015,42893,0.275939,0.844,0.241,-0.387,-0.147,Patent leather,41,Leather and skins,1,Agriculture,0.8288531928286667
paises_interes,2020,4111,180397,0.022353071646875073,DOM,4111,9e-06,1295,0.017119,0.839,0.52,-0.389,-0.147,Composition leather,41,Leather and skins,1,Agriculture,0.0
paises_interes,2020,4201,374344337,0.7006661799357286,DOM,4201,1.4e-05,27015,0.026089,0.841,0.629,-0.053,-0.147,Saddlery and harnesses,42,Articles of leather,1,Agriculture,0.7639089394780677
paises_interes,2020,4202,5314425438,0.6423743425917097,DOM,4202,0.000187,10072475,0.336789,0.838,0.276,-0.553,-0.147,Trunks or cases,42,Articles of leather,1,Agriculture,0.8934242080521421
paises_interes,2020,4203,302960451,0.32508024883602726,DOM,4203,9.8e-05,565511,0.175089,0.794,0.06,-0.708,-0.147,Leather apparel,42,Articles of leather,1,Agriculture,0.5152295888143643
paises_interes,2020,4205,131824713,0.32918440960763096,DOM,4205,9e-06,19999,0.015439,0.823,0.422,-0.335,-0.147,Other articles of leather,42,Articles of leather,1,Agriculture,1.0
paises_interes,2020,4206,39054,0.0033967189229442128,DOM,4206,0.0,0,0.0,0.884,0.002,-0.341,-0.147,Articles of gut,42,Articles of leather,1,Agriculture,
paises_interes,2020,4302,560933,0.01950665837250664,DOM,4302,7e-06,5686,0.012734,0.827,0.269,-0.515,-0.147,Other tanned furskins,43,Furskins,1,Agriculture,1.0
paises_interes,2020,4304,7230537,0.8917499644806479,DOM,4304,0.0,0,0.0,0.866,0.002,-0.518,-0.147,Artificial fur,43,Furskins,1,Agriculture,
paises_interes,2020,4401,384517,0.0028308627791581234,DOM,4401,0.0,1138,0.000233,0.825,0.288,-0.27,-0.147,Fuel wood,44,Wood,1,Agriculture,0.0
paises_interes,2020,4402,10727065,0.12027053452209278,DOM,4402,0.000222,280973,0.391909,0.79,-0.14,-1.412,-0.147,Wood charcoal,44,Wood,1,Agriculture,0.38206162157929763
paises_interes,2020,4403,1858002,0.012804962994317041,DOM,4403,3e-06,30003,0.004788,0.814,0.071,-1.364,-0.147,Wood in the rough,44,Wood,1,Agriculture,0.0
paises_interes,2020,4405,98772,0.10622655470282548,DOM,4405,0.0,0,0.0,0.875,0.003,0.024,-0.147,Wood wool or flour,44,Wood,1,Agriculture,
paises_interes,2020,4407,37991488,0.004700944191203208,DOM,4407,6e-06,202410,0.010271,0.803,-0.001,-1.314,-0.147,Wood sawn lengthwise,44,Wood,1,Agriculture,0.0
paises_interes,2020,4408,9500766,0.02946922323349616,DOM,4408,5e-06,15096,0.008459,0.815,0.247,-0.896,-0.147,Sheets for veneering for plywood,44,Wood,1,Agriculture,0.0
paises_interes,2020,4409,151486642,0.14477151197943253,DOM,4409,1e-06,3941,0.001618,0.807,0.09,-0.75,-0.147,Wood shaped along its edges,44,Wood,1,Agriculture,0.0
paises_interes,2020,4410,5811160,0.002943910309848014,DOM,4410,1e-06,6845,0.001508,0.831,0.513,0.077,-0.147,Particle board and similar board,44,Wood,1,Agriculture,0.0
paises_interes,2020,4411,133861340,0.12191044793855371,DOM,4411,2e-05,189681,0.035158,0.82,0.33,-0.154,-0.147,Fiberboard of wood,44,Wood,1,Agriculture,0.5492062989967367
paises_interes,2020,4412,1247748132,0.48850781195162996,DOM,4412,1.8e-05,247751,0.032258,0.817,0.09,-0.844,-0.147,Plywood,44,Wood,1,Agriculture,0.0
paises_interes,2020,4413,14336788,0.41518850769481336,DOM,4413,1.3e-05,4242,0.022334,0.803,0.287,-0.691,-0.147,Densified wood,44,Wood,1,Agriculture,0.0
paises_interes,2020,4414,264932450,0.8265297040401174,DOM,4414,4e-06,3417,0.007188,0.864,0.6,-0.205,-0.147,Wooden frames,44,Wood,1,Agriculture,0.0
paises_interes,2020,4415,12367896,0.04417019061836762,DOM,4415,0.000292,1001740,0.520338,0.8,0.521,0.096,-0.147,Packing boxes,44,Wood,1,Agriculture,0.08951624173937349
paises_interes,2020,4416,4931193,0.02189920153422528,DOM,4416,6.6e-05,54628,0.116245,0.862,0.736,0.156,-0.147,"Casks, barrels, etc. of wood",44,Wood,1,Agriculture,0.0
paises_interes,2020,4417,4307981,0.10370699495933154,DOM,4417,0.000365,149372,0.645579,0.833,0.495,-0.185,-0.147,Wooden tools,44,Wood,1,Agriculture,0.7573708593310661
paises_interes,2020,4418,556333335,0.2166387805633658,DOM,4418,2e-05,246411,0.034505,0.819,0.484,0.05,-0.147,Wood carpentry for construction,44,Wood,1,Agriculture,0.41472580363701295
paises_interes,2020,4419,214209940,0.7856132099007654,DOM,4419,7e-06,9525,0.011853,0.85,0.501,-0.262,-0.147,Wooden kitchenware,44,Wood,1,Agriculture,1.0
paises_interes,2020,4420,689635240,0.8966175860103102,DOM,4420,8.6e-05,168164,0.152008,0.828,0.335,-0.536,-0.147,"Wood marquetry, ornaments, etc.",44,Wood,1,Agriculture,0.8607847101638876
paises_interes,2020,4421,1036644328,0.5977016403743023,DOM,4421,1.1e-05,74069,0.019484,0.834,0.326,-0.389,-0.147,Other articles of wood,44,Wood,1,Agriculture,0.4345677678921006
paises_interes,2020,4501,94451,0.017986528052211986,DOM,4501,2.4e-05,4938,0.041784,0.848,0.206,-0.933,-0.147,"Natural cork, raw",45,Cork,1,Agriculture,1.0
paises_interes,2020,4502,53081,0.06328810568485312,DOM,4502,0.0,0,0.0,0.872,0.002,0.101,-0.147,"Natural cork, debacked",45,Cork,1,Agriculture,
paises_interes,2020,4503,80873,0.0005461605366073026,DOM,4503,3.4e-05,20843,0.053714,0.862,0.001,-0.512,-0.147,Articles of natural cork,45,Cork,1,Agriculture,0.0
paises_interes,2020,4504,5871927,0.04539962620922078,DOM,4504,1e-06,794,0.001502,0.869,0.324,-0.124,-0.147,Agglomerated cork,45,Cork,1,Agriculture,0.0
paises_interes,2020,4601,56717569,0.8135881266240095,DOM,4601,1.1e-05,7094,0.017697,0.81,-0.001,-1.752,-0.147,Products of plaiting materials,46,Manufactues of plaiting materials,1,Agriculture,0.0
paises_interes,2020,4602,447979670,0.713554387966901,DOM,4602,6.6e-05,137471,0.115796,0.816,0.022,-1.491,-0.147,Basketwork,46,Manufactues of plaiting materials,1,Agriculture,0.9373831571749678
paises_interes,2020,4703,1816,7.542641007411049e-07,DOM,4703,0.0,0,0.0,0.882,0.224,-0.255,-0.147,"Chemical woodpulp, soda or sulfate",47,Pulp of wood,1,Agriculture,
paises_interes,2020,4704,0,0.0,DOM,4704,0.0,0,0.0,0.899,0.842,0.968,-0.147,"Chemical woodpulp, sulfite",47,Pulp of wood,1,Agriculture,
paises_interes,2020,4706,2950977,0.09956947591091597,DOM,4706,0.0,0,0.0,0.859,0.475,0.103,-0.147,Pulps of recovered paper fibers,47,Pulp of wood,1,Agriculture,
paises_interes,2020,4707,164030,0.0017969364528535767,DOM,4707,0.001597,9270696,2.843814,0.776,0.0,0.039,-0.147,Paper waste,47,Pulp of wood,1,Agriculture,0.01739319248522441
paises_interes,2020,4801,3291267,0.002601697234718137,DOM,4801,0.000136,764515,0.240403,0.896,1.222,1.242,-0.147,Newsprint,48,Paper and paperboard,1,Agriculture,0.0
paises_interes,2020,4802,7960650,0.008285133862536213,DOM,4802,0.000664,7276758,1.174001,0.829,0.0,0.428,-0.147,Paper used for graphic purposes,48,Paper and paperboard,1,Agriculture,0.49697956150252626
paises_interes,2020,4803,137706884,0.2769324868045049,DOM,4803,8.2e-05,327447,0.145508,0.796,0.01,-0.635,-0.147,Tissue,48,Paper and paperboard,1,Agriculture,0.415713077230819
paises_interes,2020,4804,7422169,0.010997925462414265,DOM,4804,9.7e-05,1173223,0.172012,0.851,0.459,-0.006,-0.147,Uncoated kraft paper and paperboard,48,Paper and paperboard,1,Agriculture,0.5490797572158064
paises_interes,2020,4805,38828021,0.0477353661998725,DOM,4805,2.5e-05,323001,0.045563,0.84,0.616,0.229,-0.147,Other uncoated paper and paperboard,48,Paper and paperboard,1,Agriculture,0.16551032349745048
paises_interes,2020,4806,2313876,0.011670289315570605,DOM,4806,2.8e-05,50784,0.052484,0.892,0.834,1.819,-0.147,Transparent paper,48,Paper and paperboard,1,Agriculture,0.8502481096408318
paises_interes,2020,4807,1012738,0.013985638129591969,DOM,4807,0.0,0,0.0,0.858,0.822,0.101,-0.147,Uncoated composite paper,48,Paper and paperboard,1,Agriculture,
paises_interes,2020,4808,10589947,0.17249298997359525,DOM,4808,0.00273,4906976,4.857429,0.786,0.0,0.12,-0.147,Corrugated paper and paperboard,48,Paper and paperboard,1,Agriculture,0.24034578526571151
paises_interes,2020,4809,3821555,0.052498876919359956,DOM,4809,0.000131,106023,0.233702,0.85,0.653,0.177,-0.147,Carbon paper,48,Paper and paperboard,1,Agriculture,0.0
paises_interes,2020,4810,54771700,0.03189400511005647,DOM,4810,1.9e-05,401065,0.033095,0.888,0.953,0.854,-0.147,"Paper and paperboard, coated with kaolin",48,Paper and paperboard,1,Agriculture,0.1324274120155087
paises_interes,2020,4811,116133874,0.08920955786036235,DOM,4811,0.000164,2765858,0.297218,0.835,0.651,0.14,-0.147,"Cellulose wadding, coated",48,Paper and paperboard,1,Agriculture,0.41579177239033965
paises_interes,2020,4812,2351782,0.1320154440952023,DOM,4812,0.0,0,0.0,0.872,1.134,0.984,-0.147,Filter blocks of paper pulp,48,Paper and paperboard,1,Agriculture,
paises_interes,2020,4813,16849889,0.09029482918886983,DOM,4813,0.004523,9153784,7.996398,0.808,0.0,0.058,-0.147,Cigarette paper,48,Paper and paperboard,1,Agriculture,0.8447318617087753
paises_interes,2020,4814,12130760,0.14159713570092414,DOM,4814,5e-06,6940,0.008484,0.874,1.005,0.439,-0.147,Wallpaper,48,Paper and paperboard,1,Agriculture,0.0
paises_interes,2020,4816,9080950,0.3989250008083097,DOM,4816,3.2e-05,17462,0.057174,0.873,0.493,0.226,-0.147,Other carbon paper,48,Paper and paperboard,1,Agriculture,0.0
paises_interes,2020,4817,87587001,0.42126225989579724,DOM,4817,0.00043,402383,0.769451,0.828,0.579,-0.052,-0.147,Letterstock,48,Paper and paperboard,1,Agriculture,0.019568421131111405
paises_interes,2020,4818,925491090,0.3216323702424447,DOM,4818,0.000629,16572376,1.116321,0.782,0.0,-0.055,-0.147,Toilet paper,48,Paper and paperboard,1,Agriculture,0.506591209371547
paises_interes,2020,4819,1261918115,0.4120343040111057,DOM,4819,0.001572,38224119,2.79627,0.761,0.0,-0.609,-0.147,Cardboard packing containers,48,Paper and paperboard,1,Agriculture,0.21468306437618614
paises_interes,2020,4820,434630210,0.6010349171026971,DOM,4820,0.000405,1489036,0.723926,0.779,0.026,-0.496,-0.147,Notebooks,48,Paper and paperboard,1,Agriculture,0.36971235080951703
paises_interes,2020,4821,110264503,0.25960699173739726,DOM,4821,0.002285,9990779,4.364777,0.78,0.0,-0.054,-0.147,Paper labels,48,Paper and paperboard,1,Agriculture,0.1614580804960254
paises_interes,2020,4822,8707387,0.320067745335616,DOM,4822,0.000232,95974,0.421824,0.799,0.347,0.016,-0.147,"Bobbins, spools, cops of paper",48,Paper and paperboard,1,Agriculture,0.1207201950528268
paises_interes,2020,4823,664831517,0.48182809276329563,DOM,4823,0.000625,6089274,1.136389,0.814,0.0,0.261,-0.147,Other paper cut to size,48,Paper and paperboard,1,Agriculture,0.45813606022655573
paises_interes,2020,4901,370601027,0.2348916402770348,DOM,4901,9e-05,1208897,0.161949,0.847,0.934,0.528,-0.147,"Books, brochures etc.",49,Products of the printing industry,1,Agriculture,0.24168891146226684
paises_interes,2020,4902,751654,0.026201080378798015,DOM,4902,4.6e-05,106687,0.081681,0.864,1.229,0.82,-0.147,"Newspapers, journals and periodicals",49,Products of the printing industry,1,Agriculture,0.07627920927573181
paises_interes,2020,4903,248494241,0.8288653044652926,DOM,4903,1e-06,899,0.001514,0.881,0.843,0.921,-0.147,Children's books,49,Products of the printing industry,1,Agriculture,0.0
paises_interes,2020,4905,4241615,0.3112070153983683,DOM,4905,3e-05,4220,0.054279,0.852,0.868,0.355,-0.147,Maps,49,Products of the printing industry,1,Agriculture,0.0
paises_interes,2020,4906,126236,0.0294411233506478,DOM,4906,0.0,0,0.0,0.866,0.004,0.816,-0.147,"Architectural, engineering, etc. drawings",49,Products of the printing industry,1,Agriculture,
paises_interes,2020,4907,3224988,0.1131136847970398,DOM,4907,1.6e-05,42381,0.030597,0.812,0.145,-0.911,-0.147,Unused stamps,49,Products of the printing industry,1,Agriculture,0.04523253344659163
paises_interes,2020,4908,54329004,0.39029958510027113,DOM,4908,0.00028,286890,0.574939,0.861,0.966,0.492,-0.147,Transfers (decalcomanias),49,Products of the printing industry,1,Agriculture,0.010317543309282303
paises_interes,2020,4909,259746839,0.9058116736828606,DOM,4909,1.2e-05,12387,0.020964,0.875,0.492,-0.408,-0.147,Printed or illustrated postcards,49,Products of the printing industry,1,Agriculture,0.42350851699362235
paises_interes,2020,4910,46312372,0.5387922662105692,DOM,4910,7e-05,28558,0.125794,0.853,0.899,0.255,-0.147,Calendars,49,Products of the printing industry,1,Agriculture,0.36354086420617693
paises_interes,2020,4911,349461401,0.34317730362743476,DOM,4911,0.000231,1935663,0.41153,0.826,0.853,0.536,-0.147,Other printed matter,49,Products of the printing industry,1,Agriculture,0.8868067427026295
paises_interes,2020,5002,0,0.0,DOM,5002,0.0,0,0.0,0.867,0.39,-0.677,-0.147,Raw silk,50,Silk,0,Textiles,
paises_interes,2020,5007,4742971,0.0893722026970182,DOM,5007,1e-06,1005,0.002605,0.878,0.879,0.182,-0.147,Woven silk fabrics,50,Silk,0,Textiles,0.0
paises_interes,2020,5101,142623,0.011951536207691911,DOM,5101,0.0,0,0.0,0.841,-0.308,-2.113,-0.147,Wool,51,Wool,0,Textiles,
paises_interes,2020,5102,0,0.0,DOM,5102,3e-06,1144,0.004865,0.853,-0.002,-2.17,-0.147,Animal hair,51,Wool,0,Textiles,0.0
paises_interes,2020,5107,3309777,0.07678683223579925,DOM,5107,7e-06,6948,0.012815,0.87,0.933,0.174,-0.147,"Yarn of combed wool, not for retail sale",51,Wool,0,Textiles,1.0
paises_interes,2020,5111,605396,0.010454739082164205,DOM,5111,5e-06,4247,0.009705,0.863,0.794,0.351,-0.147,Woven fabrics of carded wool,51,Wool,0,Textiles,0.7063809748057452
paises_interes,2020,5112,935397,0.020553098982868823,DOM,5112,5e-06,5452,0.007961,0.861,0.788,0.37,-0.147,Woven fabrics of combed wool,51,Wool,0,Textiles,0.0
paises_interes,2020,5201,45471,0.011959767459048495,DOM,5201,0.0,0,0.0,0.803,-0.408,-2.307,-0.147,Raw cotton,52,Cotton,0,Textiles,
paises_interes,2020,5202,1486775,0.09062311141533334,DOM,5202,0.000233,90299,0.413582,0.772,-0.299,-1.806,-0.147,Cotton waste,52,Cotton,0,Textiles,0.23620416615909368
paises_interes,2020,5203,69223,0.037183900852958064,DOM,5203,0.0,0,0.0,0.807,-0.074,-1.4,-0.147,"Cotton, carded or combed",52,Cotton,0,Textiles,
paises_interes,2020,5204,1957366,0.14683520526341415,DOM,5204,0.00449,584535,8.256741,0.765,-0.0,-1.006,-0.147,Cotton sewing thread,52,Cotton,0,Textiles,0.04163651449442719
paises_interes,2020,5205,4317045,0.06633369455651125,DOM,5205,0.000159,1570173,0.285058,0.772,-0.35,-1.942,-0.147,Cotton yarn of > 85%,52,Cotton,0,Textiles,0.022733800670371992
paises_interes,2020,5206,5442904,0.35159100156626444,DOM,5206,0.0,0,0.0,0.804,0.049,-1.098,-0.147,Cotton yarn of < 85%,52,Cotton,0,Textiles,
paises_interes,2020,5207,4993707,0.07410312228097629,DOM,5207,0.003929,1211846,6.934151,0.785,0.0,-0.773,-0.147,Cotton yarn for retail sale,52,Cotton,0,Textiles,0.2580674442132086
paises_interes,2020,5208,165045682,0.32794443965193026,DOM,5208,0.00125,12645582,2.223639,0.793,0.0,-1.322,-0.147,Woven fabrics of cotton of > 85% weighing < 200 g/m2,52,Cotton,0,Textiles,0.012501441214805297
paises_interes,2020,5209,27319675,0.2457788332678815,DOM,5209,0.000869,3989561,1.577015,0.774,-0.0,-1.101,-0.147,Woven fabrics of cotton of < 85% weighing > 200 g/m2,52,Cotton,0,Textiles,0.030791357745877303
paises_interes,2020,5210,13568294,0.2820228406530026,DOM,5210,0.000342,524208,0.615297,0.833,0.178,-1.133,-0.147,Woven fabrics of cotton of < 85% weighing < 200 g/m2,52,Cotton,0,Textiles,0.0
paises_interes,2020,5211,25526575,0.46481951293344,DOM,5211,0.000177,501380,0.32245,0.844,0.248,-0.652,-0.147,Woven fabrics of cotton of < 85% weighing > 200 g/m2,52,Cotton,0,Textiles,0.09103873309665324
paises_interes,2020,5212,2367895,0.06826694794203937,DOM,5212,0.174667,98766734,310.856964,0.82,0.0,-0.918,-0.147,Other woven cotton fabrics,52,Cotton,0,Textiles,0.00029118103672436915
paises_interes,2020,5301,41988,0.002717752402969385,DOM,5301,0.0,0,0.0,0.869,0.449,0.273,-0.147,"Flax, raw or processed",53,Other vegetable textile fibres,0,Textiles,
paises_interes,2020,5303,16072,0.008120021926888479,DOM,5303,0.0,0,0.0,0.812,-0.229,-2.384,-0.147,Textile bast fibers,53,Other vegetable textile fibres,0,Textiles,
paises_interes,2020,5305,397542,0.005962244576869112,DOM,5305,0.000664,475422,1.168988,0.769,-0.0,-1.84,-0.147,Vegetable textile fibers,53,Other vegetable textile fibres,0,Textiles,0.2912212728901902
paises_interes,2020,5307,943294,0.1268980172277295,DOM,5307,0.0,0,0.0,0.851,0.0,-1.493,-0.147,Yarn of textile bast fibers,53,Other vegetable textile fibres,0,Textiles,
paises_interes,2020,5309,13362837,0.16383332380293916,DOM,5309,9e-06,10413,0.016731,0.866,0.837,0.375,-0.147,Woven fabrics of flax,53,Other vegetable textile fibres,0,Textiles,0.0
paises_interes,2020,5310,789180,0.029351188770007114,DOM,5310,0.0,0,0.0,0.811,-0.188,-1.949,-0.147,Woven fabrics of jute or of other textile bast fibers,53,Other vegetable textile fibres,0,Textiles,
paises_interes,2020,5311,740605,0.07871345710443141,DOM,5311,0.009254,1820748,14.435306,0.821,0.0,-0.996,-0.147,Woven fabrics of vegetable textile fibers,53,Other vegetable textile fibres,0,Textiles,0.9980985836590237
paises_interes,2020,5401,5258936,0.11111441188152266,DOM,5401,0.004959,5125508,9.077187,0.79,0.0,-0.37,-0.147,Synthetic sowing thread,54,Man-made filaments,0,Textiles,0.13719479122849873
paises_interes,2020,5402,243342611,0.29112707030397694,DOM,5402,0.001701,23204188,3.185018,0.807,0.0,0.085,-0.147,Synthetic filament yarn,54,Man-made filaments,0,Textiles,0.8126986818069221
paises_interes,2020,5403,809683,0.06679473728584112,DOM,5403,0.000125,110758,0.222672,0.873,1.05,0.685,-0.147,Artificial filament yarn,54,Man-made filaments,0,Textiles,0.0
paises_interes,2020,5404,23491490,0.13824709029518842,DOM,5404,7.8e-05,98045,0.141043,0.848,0.869,0.151,-0.147,"Synthetic monofilament >67 dtex, thickness < 1mm",54,Man-made filaments,0,Textiles,0.0
paises_interes,2020,5406,23837075,0.8477092629184572,DOM,5406,1.9e-05,2231,0.034169,0.86,0.507,-0.451,-0.147,Synthetic filament yarn for retail sale,54,Man-made filaments,0,Textiles,0.0
paises_interes,2020,5407,300027272,0.3997586545934129,DOM,5407,7.6e-05,1663977,0.144037,0.838,0.1,-0.573,-0.147,Woven fabrics of synthetic filament yarn,54,Man-made filaments,0,Textiles,0.029787070374169836
paises_interes,2020,5408,3602577,0.2104284166740556,DOM,5408,9.8e-05,91351,0.177251,0.84,0.556,-0.333,-0.147,Woven fabrics of artificial filament yarn,54,Man-made filaments,0,Textiles,0.0
paises_interes,2020,5501,6593970,0.06304211964135123,DOM,5501,0.0,0,0.0,0.856,0.559,-0.099,-0.147,Synthetic filament tow,55,Man-made staple fibres,0,Textiles,
paises_interes,2020,5502,401693,0.0923479525502112,DOM,5502,0.000121,179103,0.213447,0.888,1.022,0.794,-0.147,Artificial filament tow,55,Man-made staple fibres,0,Textiles,1.0
paises_interes,2020,5503,134686734,0.23925166347176505,DOM,5503,2e-06,9153,0.003028,0.851,0.568,0.479,-0.147,Synthetic staple fibers,55,Man-made staple fibres,0,Textiles,0.0
paises_interes,2020,5504,55780319,0.28936354406333387,DOM,5504,0.0,0,0.0,0.869,0.725,0.674,-0.147,"Artificial staple fibers, not processed for spinning",55,Man-made staple fibres,0,Textiles,
paises_interes,2020,5505,99086,0.025631136271630134,DOM,5505,9.8e-05,14117,0.176123,0.8,0.423,-0.183,-0.147,Waste of man-made fibers,55,Man-made staple fibres,0,Textiles,0.0
paises_interes,2020,5506,896212,0.026942254400980272,DOM,5506,0.000477,134338,0.869127,0.854,0.555,-0.036,-0.147,"Synthetic staple fibers, processed",55,Man-made staple fibres,0,Textiles,0.8650195774836607
paises_interes,2020,5508,8664143,0.7551695224747257,DOM,5508,1.9e-05,10854,0.034498,0.796,0.055,-1.04,-0.147,Synthetic staple fibers sewing thread,55,Man-made staple fibres,0,Textiles,0.0
paises_interes,2020,5509,38253428,0.344629308761865,DOM,5509,2e-06,5996,0.002739,0.801,0.198,-0.573,-0.147,"Yarn of synthetic staple fibers, not for retail sale",55,Man-made staple fibres,0,Textiles,0.5938959306204136
paises_interes,2020,5510,10751981,0.41760861163922935,DOM,5510,1e-06,1239,0.002025,0.845,0.508,-0.195,-0.147,"Yarn of artificial staple fibers, not for retail sale",55,Man-made staple fibres,0,Textiles,0.0
paises_interes,2020,5511,7345331,0.06637002065094391,DOM,5511,0.000193,74328,0.341437,0.833,-0.053,-1.128,-0.147,"Yarn of synthetic staple fibers, for retail sale",55,Man-made staple fibres,0,Textiles,0.0
paises_interes,2020,5512,32460692,0.32839021500167626,DOM,5512,0.000406,972050,0.733377,0.849,0.566,-0.702,-0.147,Woven fabrics of > 85% synthetic staple fibers,55,Man-made staple fibres,0,Textiles,0.3146494521886734
paises_interes,2020,5513,29014804,0.7034260559304951,DOM,5513,0.000758,1420745,1.356061,0.762,0.0,-1.464,-0.147,Woven fabrics of < 85% synthetic staple fibers weighing < 170 g/m2,55,Man-made staple fibres,0,Textiles,0.05688564802269232
paises_interes,2020,5514,11907645,0.4996536979420267,DOM,5514,0.000264,523444,0.473573,0.839,0.345,-0.55,-0.147,Woven fabrics of < 85% synthetic staple fibers weighing > 170 g/m2,55,Man-made staple fibres,0,Textiles,0.016051382764918503
paises_interes,2020,5515,14722334,0.31726676465322423,DOM,5515,9.6e-05,271780,0.173554,0.841,0.48,-0.009,-0.147,Other woven fabrics of synthetic staple fibers,55,Man-made staple fibres,0,Textiles,0.46483552873647804
paises_interes,2020,5516,34163447,0.6080998127166793,DOM,5516,1e-06,3971,0.001697,0.873,0.002,-0.266,-0.147,Woven fabrics of artificial staple fibers,55,Man-made staple fibres,0,Textiles,0.0
paises_interes,2020,5601,36966488,0.24916754663790258,DOM,5601,0.000984,2284483,1.746205,0.795,0.0,-0.257,-0.147,Wadding of textile materials,56,"Wadding, felt and nonwovens",0,Textiles,0.7955962027294579
paises_interes,2020,5602,31793190,0.22952669392203764,DOM,5602,0.000318,347811,0.57388,0.86,0.911,0.5,-0.147,Felt,56,"Wadding, felt and nonwovens",0,Textiles,0.7972692065518342
paises_interes,2020,5603,463334247,0.27149677035921005,DOM,5603,7.4e-05,1292882,0.136821,0.857,1.039,0.697,-0.147,Nonwoven textiles,56,"Wadding, felt and nonwovens",0,Textiles,0.1768738369008154
paises_interes,2020,5604,51898211,0.6567520973259676,DOM,5604,0.000293,221150,0.532658,0.853,0.565,0.042,-0.147,Rubber textiles,56,"Wadding, felt and nonwovens",0,Textiles,0.08665159394076419
paises_interes,2020,5605,641651,0.10410466879467213,DOM,5605,0.0,0,0.0,0.874,0.912,0.578,-0.147,Metallised yarn,56,"Wadding, felt and nonwovens",0,Textiles,
paises_interes,2020,5606,24764839,0.5733310852157267,DOM,5606,0.0,0,0.0,0.86,0.957,0.754,-0.147,Gimp yarn,56,"Wadding, felt and nonwovens",0,Textiles,
paises_interes,2020,5607,169855423,0.4281726647023668,DOM,5607,0.000209,552207,0.378851,0.793,0.078,-0.617,-0.147,Twine and ropes of baste fibers,56,"Wadding, felt and nonwovens",0,Textiles,0.9364875852714653
paises_interes,2020,5608,85456971,0.6003962376233617,DOM,5608,0.000497,951599,0.897827,0.812,0.158,-0.728,-0.147,Nets,56,"Wadding, felt and nonwovens",0,Textiles,0.01257462439535981
paises_interes,2020,5609,98410561,0.7039320262904416,DOM,5609,0.001049,652055,1.908973,0.782,0.0,-0.547,-0.147,"Articles of yarn, rope etc not elsewhere clasified",56,"Wadding, felt and nonwovens",0,Textiles,0.1584942987938134
paises_interes,2020,5701,5625554,0.0192391177252047,DOM,5701,2e-06,1908,0.004502,0.832,0.018,-1.04,-0.147,"Carpets, knotted",57,Carpets,0,Textiles,0.0
paises_interes,2020,5702,105170745,0.07425930369687146,DOM,5702,4e-06,17014,0.006275,0.838,0.175,-1.074,-0.147,Woven carpets and rugs,57,Carpets,0,Textiles,0.5735864582108852
paises_interes,2020,5703,300385663,0.34534487528846153,DOM,5703,3e-06,17966,0.005121,0.846,0.556,-0.003,-0.147,"Carpets, tufted",57,Carpets,0,Textiles,0.4057664477346098
paises_interes,2020,5704,5050336,0.15259255172490474,DOM,5704,0.0,0,0.0,0.856,0.701,0.424,-0.147,Carpets of felt,57,Carpets,0,Textiles,
paises_interes,2020,5705,262249593,0.6199287544857204,DOM,5705,1e-06,1462,0.001376,0.837,0.084,-1.012,-0.147,Other carpets,57,Carpets,0,Textiles,0.0
paises_interes,2020,5801,113025650,0.6053634696791129,DOM,5801,2.3e-05,42699,0.040885,0.873,0.816,0.33,-0.147,Woven pile fabrics,58,Special woven fabrics,0,Textiles,0.0
paises_interes,2020,5802,1423611,0.35672231952911815,DOM,5802,0.0,0,0.0,0.814,0.136,-1.211,-0.147,Terry cloth,58,Special woven fabrics,0,Textiles,
paises_interes,2020,5804,15064097,0.6286027953198771,DOM,5804,0.000634,775071,1.420861,0.812,0.0,-0.329,-0.147,Lace and net fabrics,58,Special woven fabrics,0,Textiles,0.0
paises_interes,2020,5806,118381723,0.3550492719668881,DOM,5806,0.00106,3730315,2.118041,0.783,0.0,-0.137,-0.147,Narrow woven fabrics,58,Special woven fabrics,0,Textiles,0.030704913660106452
paises_interes,2020,5807,9994099,0.3487195743527912,DOM,5807,0.00198,1864494,4.383684,0.781,0.0,-0.427,-0.147,Labels and badges of textiles,58,Special woven fabrics,0,Textiles,0.16351996842038644
paises_interes,2020,5808,10129842,0.22204439396454195,DOM,5808,0.000163,62728,0.319021,0.818,0.335,-0.382,-0.147,Braids in piece,58,Special woven fabrics,0,Textiles,0.0
paises_interes,2020,5809,131877,0.08732916852634967,DOM,5809,0.0,0,0.0,0.858,0.002,-0.364,-0.147,Woven fabric incorporating metal threads,58,Special woven fabrics,0,Textiles,
paises_interes,2020,5810,33032566,0.4245722997721613,DOM,5810,0.002458,2917936,4.538419,0.805,0.0,-0.619,-0.147,Embroidery in the piece,58,Special woven fabrics,0,Textiles,0.9996004024762709
paises_interes,2020,5811,5951464,0.36974555400259207,DOM,5811,0.003179,600578,5.704407,0.814,0.0,0.159,-0.147,Quilted textile products,58,Special woven fabrics,0,Textiles,0.0
paises_interes,2020,5901,125386057,0.7948809716589745,DOM,5901,0.015617,8607452,27.639614,0.809,0.0,-0.446,-0.147,Stiffened textiles,59,"Impregnated, coated or laminated textile fabrics",0,Textiles,0.7823496430767201
paises_interes,2020,5902,91448300,0.4309853956151876,DOM,5902,2.8e-05,57320,0.054669,0.863,0.754,0.505,-0.147,Tire cord fabric,59,"Impregnated, coated or laminated textile fabrics",0,Textiles,0.0
paises_interes,2020,5903,236538857,0.25176401517115954,DOM,5903,3.8e-05,409821,0.072798,0.877,0.918,1.123,-0.147,Textile fabrics impregnated with plastics,59,"Impregnated, coated or laminated textile fabrics",0,Textiles,0.06634359879069154
paises_interes,2020,5904,4075644,0.11126398353629682,DOM,5904,0.0,0,0.0,0.888,0.618,0.314,-0.147,Linoleum,59,"Impregnated, coated or laminated textile fabrics",0,Textiles,
paises_interes,2020,5905,10493577,0.3963705214303109,DOM,5905,0.0,0,0.0,0.886,0.004,0.746,-0.147,Textile wall coverings,59,"Impregnated, coated or laminated textile fabrics",0,Textiles,
paises_interes,2020,5906,14245972,0.11813647185886023,DOM,5906,2.2e-05,29803,0.04081,0.863,1.068,1.005,-0.147,Rubberized textile fabrics,59,"Impregnated, coated or laminated textile fabrics",0,Textiles,0.0
paises_interes,2020,5907,21626172,0.35657161150306765,DOM,5907,7.5e-05,52932,0.134293,0.88,0.869,0.606,-0.147,"Other textile fabrics impregnated, coated or covered",59,"Impregnated, coated or laminated textile fabrics",0,Textiles,0.0
paises_interes,2020,5908,1470100,0.2440810227461398,DOM,5908,0.000133,5486,0.208299,0.864,0.001,-0.871,-0.147,Textile wicks,59,"Impregnated, coated or laminated textile fabrics",0,Textiles,0.21983230040102078
paises_interes,2020,5909,12824488,0.25560733192015866,DOM,5909,4.2e-05,13823,0.073673,0.873,1.115,0.96,-0.147,Textile hosepiping and similar tubing,59,"Impregnated, coated or laminated textile fabrics",0,Textiles,0.0
paises_interes,2020,5910,6667822,0.10624197846072805,DOM,5910,3e-06,1689,0.005591,0.885,1.225,1.22,-0.147,"Transmission belts or belting, of textile material",59,"Impregnated, coated or laminated textile fabrics",0,Textiles,1.0
paises_interes,2020,5911,69701598,0.12757906048701972,DOM,5911,6.7e-05,318085,0.119729,0.865,1.276,1.159,-0.147,Textile articles for technical use,59,"Impregnated, coated or laminated textile fabrics",0,Textiles,0.06635018941477906
paises_interes,2020,6001,83817237,0.688045997005317,DOM,6001,1e-06,5653,0.001732,0.861,0.002,-0.341,-0.147,"Pile fabrics, knit",60,Knitted fabrics,0,Textiles,0.0
paises_interes,2020,6002,365903994,0.39008457205598956,DOM,6002,0.000103,2602049,0.202851,0.816,0.234,-0.233,-0.147,Other knitted fabrics,60,Knitted fabrics,0,Textiles,0.5187761644765337
paises_interes,2020,6101,250639226,0.5527188318668645,DOM,6101,0.000367,716798,0.651473,0.779,-0.104,-1.072,-0.147,"Men's overcoats, knit",61,"Apparel, knit",0,Textiles,0.654457741232537
paises_interes,2020,6102,301266947,0.7243170811645845,DOM,6102,0.001997,5569346,3.547802,0.76,0.0,-0.988,-0.147,"Women's overcoats, knit",61,"Apparel, knit",0,Textiles,0.999216065943829
paises_interes,2020,6103,1333607921,0.6196792912369686,DOM,6103,0.000143,1574954,0.256842,0.76,-0.319,-1.345,-0.147,"Men's suits, knit",61,"Apparel, knit",0,Textiles,0.7089045140366005
paises_interes,2020,6104,5072136007,0.7830994682735232,DOM,6104,0.000254,7537599,0.455372,0.757,-0.232,-1.406,-0.147,"Women's suits, knit",61,"Apparel, knit",0,Textiles,0.9434061164569779
paises_interes,2020,6105,413052572,0.30352960359728126,DOM,6105,0.000224,1344810,0.403593,0.752,-0.308,-1.443,-0.147,"Men's shirts, knit",61,"Apparel, knit",0,Textiles,0.41272447408927654
paises_interes,2020,6106,222672331,0.2672028004873914,DOM,6106,0.001098,3537082,1.954782,0.735,-0.0,-1.375,-0.147,"Women's shirts, knit",61,"Apparel, knit",0,Textiles,0.8465904946506754
paises_interes,2020,6107,971910532,0.5894966249036417,DOM,6107,2.2e-05,141578,0.038415,0.767,-0.238,-1.513,-0.147,"Men's undergarments, knit",61,"Apparel, knit",0,Textiles,0.14878724095551568
paises_interes,2020,6108,2000640377,0.6790365102457634,DOM,6108,0.000971,11128257,1.724975,0.748,-0.0,-1.615,-0.147,"Women's undergarments, knit",61,"Apparel, knit",0,Textiles,0.7869206291695097
paises_interes,2020,6109,2599841660,0.40069710438329836,DOM,6109,0.00679,244062913,12.1659,0.738,-0.0,-1.342,-0.147,"T-shirts, knit",61,"Apparel, knit",0,Textiles,0.5941037915908183
paises_interes,2020,6110,6606411404,0.6855591997798277,DOM,6110,0.000913,41901041,1.636934,0.745,-0.0,-1.296,-0.147,"Sweaters, pullovers, sweatshirts etc., knit",61,"Apparel, knit",0,Textiles,0.9578769653956808
paises_interes,2020,6111,920397170,0.6238232006630477,DOM,6111,3e-06,19789,0.005568,0.779,-0.231,-1.603,-0.147,"Babies' garments, knit",61,"Apparel, knit",0,Textiles,0.06468239931274951
paises_interes,2020,6112,633758530,0.8184639029809938,DOM,6112,0.001646,6646785,2.955914,0.774,0.0,-0.861,-0.147,"Activewear, knit",61,"Apparel, knit",0,Textiles,0.9260803531331313
paises_interes,2020,6114,877514043,0.40787775579717767,DOM,6114,0.001136,7773695,2.015116,0.758,-0.0,-1.305,-0.147,"Other garments, knit",61,"Apparel, knit",0,Textiles,0.934075108426559
paises_interes,2020,6115,1490431449,0.6707119549921705,DOM,6115,0.000144,1638583,0.255069,0.796,0.179,-0.893,-0.147,"Socks, stockings, etc., knit",61,"Apparel, knit",0,Textiles,0.6630747420179509
paises_interes,2020,6116,668861160,0.6944571065547269,DOM,6116,6e-06,26044,0.010311,0.834,0.18,-0.962,-0.147,"Gloves, knit",61,"Apparel, knit",0,Textiles,0.8649209030870834
paises_interes,2020,6117,352363515,0.7567973224676455,DOM,6117,0.000381,1160581,0.694744,0.796,0.039,-1.374,-0.147,"Other clothing accesories, knit",61,"Apparel, knit",0,Textiles,0.28382249924822134
paises_interes,2020,6201,1053320204,0.6849877058380682,DOM,6201,0.000506,6380814,0.898407,0.798,0.045,-0.84,-0.147,"Men's overcoats, not knit",62,"Apparel, not knit",0,Textiles,0.8917813620644639
paises_interes,2020,6202,1020223763,0.6704216230695568,DOM,6202,9.1e-05,1385888,0.160529,0.813,0.215,-0.779,-0.147,"Womens overcoats, not knit",62,"Apparel, not knit",0,Textiles,0.8301471691796163
paises_interes,2020,6203,2231983067,0.3655083679040591,DOM,6203,0.000343,12598857,0.611206,0.766,-0.183,-1.369,-0.147,Men's suits and pants,62,"Apparel, not knit",0,Textiles,0.8640172675981639
paises_interes,2020,6204,5631727721,0.6483526842300004,DOM,6204,9e-05,4751019,0.160333,0.767,-0.137,-1.148,-0.147,Women's suits and pants,62,"Apparel, not knit",0,Textiles,0.9237161543660423
paises_interes,2020,6205,759915753,0.3904158391962333,DOM,6205,0.000838,7644420,1.498916,0.75,-0.0,-1.298,-0.147,Men's shirts,62,"Apparel, not knit",0,Textiles,0.9545413517310666
paises_interes,2020,6206,716679034,0.547274939965936,DOM,6206,0.000147,1308395,0.262028,0.765,-0.118,-1.329,-0.147,Women's shirts,62,"Apparel, not knit",0,Textiles,0.9074621960493582
paises_interes,2020,6207,117577295,0.47988966463222044,DOM,6207,6.3e-05,69357,0.112856,0.769,-0.271,-1.408,-0.147,Men's undergarments,62,"Apparel, not knit",0,Textiles,0.4354715457704341
paises_interes,2020,6208,250211105,0.6642952828953657,DOM,6208,0.004064,8364698,7.243522,0.745,-0.0,-1.346,-0.147,Women's undergarments,62,"Apparel, not knit",0,Textiles,0.9627633896645162
paises_interes,2020,6209,157279926,0.5092612709127408,DOM,6209,3.1e-05,55884,0.055232,0.774,-0.265,-1.365,-0.147,Babies' garments,62,"Apparel, not knit",0,Textiles,0.43178727363825065
paises_interes,2020,6210,3915436236,0.8271845709967441,DOM,6210,0.000183,3886332,0.325264,0.804,-0.044,-1.022,-0.147,Garments made of textile felts and nonwoven fabric,62,"Apparel, not knit",0,Textiles,0.7078448264327392
paises_interes,2020,6211,1131416052,0.5054585329440684,DOM,6211,0.000337,3843308,0.598323,0.772,-0.165,-1.207,-0.147,Activewear,62,"Apparel, not knit",0,Textiles,0.8767964992657367
paises_interes,2020,6212,1201943367,0.5966558897675925,DOM,6212,0.002701,25105700,4.897537,0.763,0.0,-1.101,-0.147,Brassieres,62,"Apparel, not knit",0,Textiles,0.8345110871236412
paises_interes,2020,6213,34822608,0.7814388029451619,DOM,6213,4.1e-05,6334,0.072384,0.829,0.256,-0.872,-0.147,Handkerchiefs,62,"Apparel, not knit",0,Textiles,1.0
paises_interes,2020,6214,210204200,0.5986001158823384,DOM,6214,0.000245,708652,0.437777,0.841,0.262,-0.913,-0.147,"Shawls, scarves, etc.",62,"Apparel, not knit",0,Textiles,0.9651295699440628
paises_interes,2020,6215,32156731,0.5622831007623872,DOM,6215,0.000301,94772,0.536045,0.878,0.791,-0.317,-0.147,"Ties, bow ties and cravats",62,"Apparel, not knit",0,Textiles,0.9288397416958596
paises_interes,2020,6216,239393222,0.8702301504024929,DOM,6216,2e-05,17721,0.03511,0.834,0.156,-0.755,-0.147,Gloves,62,"Apparel, not knit",0,Textiles,0.8707183567518763
paises_interes,2020,6217,50337560,0.2732335733121429,DOM,6217,0.004543,10144946,8.477105,0.778,0.0,-0.523,-0.147,Other clothing accesories,62,"Apparel, not knit",0,Textiles,0.6793159865020474
paises_interes,2020,6301,1179194765,0.8692170077672425,DOM,6301,0.002317,9837292,3.613818,0.827,0.0,-1.092,-0.147,Blankets,63,Other made up textile articles,0,Textiles,0.9921455010179631
paises_interes,2020,6302,2432677799,0.5037445043415455,DOM,6302,0.000214,3875740,0.37804,0.81,-0.014,-1.083,-0.147,House linen,63,Other made up textile articles,0,Textiles,0.6780096188082791
paises_interes,2020,6303,1015112002,0.6525880574224389,DOM,6303,1.9e-05,94397,0.033567,0.845,0.393,-0.18,-0.147,Curtains,63,Other made up textile articles,0,Textiles,0.2981132874985434
paises_interes,2020,6304,790844377,0.4048938799411282,DOM,6304,9.1e-05,456538,0.162134,0.812,0.044,-1.003,-0.147,Other furnishing articles,63,Other made up textile articles,0,Textiles,0.37635202327079015
paises_interes,2020,6305,256744890,0.39526040960674674,DOM,6305,0.000801,3925888,1.421046,0.732,-0.0,-1.616,-0.147,Bags for packing goods,63,Other made up textile articles,0,Textiles,0.01869895422385967
paises_interes,2020,6306,1013882818,0.8166483008971238,DOM,6306,5.3e-05,281663,0.095247,0.816,0.106,-0.742,-0.147,"Tents, tarpaulins, etc.",63,Other made up textile articles,0,Textiles,0.4173924157592584
paises_interes,2020,6307,16307178199,0.8764858090764578,DOM,6307,0.000944,65549530,1.47236,0.761,-0.0,-1.617,-0.147,Other made up articles,63,Other made up textile articles,0,Textiles,0.824927440364561
paises_interes,2020,6308,8278567,0.5604973392756335,DOM,6308,0.000138,13362,0.215554,0.84,0.002,0.013,-0.147,Needlecraft sets of woven fabric and yarn,63,Other made up textile articles,0,Textiles,0.8355036671157012
paises_interes,2020,6309,901876,0.034173079831219366,DOM,6309,0.000248,917579,0.441103,0.813,0.238,-0.604,-0.147,Used clothes and textiles,63,Other made up textile articles,0,Textiles,0.0449356404189721
paises_interes,2020,6310,791400,0.011337656350851096,DOM,6310,0.052689,24497797,94.305397,0.758,-0.0,-1.009,-0.147,Used or new rags textile scraps,63,Other made up textile articles,0,Textiles,0.12335003020883878
paises_interes,2020,6401,197353912,0.7601039977284606,DOM,6401,0.011182,14703010,19.919144,0.769,0.0,-1.097,-0.147,Waterproof footwear,64,Footwear,0,Textiles,0.9497138341060776
paises_interes,2020,6402,3530483535,0.8901453632865529,DOM,6402,0.000235,6642570,0.419077,0.814,0.064,-1.061,-0.147,Other footwear of rubber or plastics,64,Footwear,0,Textiles,0.722782898787668
paises_interes,2020,6403,4643531028,0.6812417964130275,DOM,6403,0.001958,78689927,3.488371,0.796,0.0,-0.355,-0.147,Leather footwear,64,Footwear,0,Textiles,0.4011514332704871
paises_interes,2020,6404,5991364220,0.9219737059543028,DOM,6404,0.00062,19740307,1.106435,0.817,0.0,-0.272,-0.147,Textile footwear,64,Footwear,0,Textiles,0.8953182440374408
paises_interes,2020,6405,379827690,0.6834983112830143,DOM,6405,0.038401,109242177,68.107323,0.773,0.0,-0.664,-0.147,Other footwear,64,Footwear,0,Textiles,0.6843228142551572
paises_interes,2020,6406,117609012,0.5786568929559841,DOM,6406,0.001515,10598476,2.761822,0.793,0.0,-0.68,-0.147,Parts of footwear,64,Footwear,0,Textiles,0.9657422444509947
paises_interes,2020,6502,3458289,0.713940894845377,DOM,6502,0.000311,6402,0.484399,0.867,0.001,-0.87,-0.147,Hat shapes,65,Headgear,0,Textiles,1.0
paises_interes,2020,6504,55251969,0.6906257772778617,DOM,6504,0.00043,135775,0.762353,0.825,0.141,-1.035,-0.147,Hats,65,Headgear,0,Textiles,0.6914012152458111
paises_interes,2020,6505,783090743,0.6652840282439118,DOM,6505,0.000157,693343,0.282223,0.831,0.244,-1.057,-0.147,"Hats, knit",65,Headgear,0,Textiles,0.8580918823727939
paises_interes,2020,6506,441342472,0.6891796960859801,DOM,6506,0.000304,1152879,0.542268,0.862,1.022,0.592,-0.147,Other headgear,65,Headgear,0,Textiles,0.25511090062356934
paises_interes,2020,6507,21523908,0.37171526916970293,DOM,6507,3.7e-05,11454,0.06979,0.855,0.775,0.321,-0.147,Headbands,65,Headgear,0,Textiles,0.23380478435481056
paises_interes,2020,6601,407702423,0.9681442654517732,DOM,6601,9e-06,22329,0.014239,0.864,0.002,-0.003,-0.147,Umbrellas,66,Umbrellas and walking-sticks,0,Textiles,0.0
paises_interes,2020,6602,29911961,0.773621865284615,DOM,6602,0.001995,417610,3.872922,0.817,0.0,0.018,-0.147,Walking sticks,66,Umbrellas and walking-sticks,0,Textiles,0.0
paises_interes,2020,6603,57039482,0.9391438944019913,DOM,6603,4e-06,1391,0.007257,0.847,0.718,0.475,-0.147,Parts of umbrellas or walking sticks,66,Umbrellas and walking-sticks,0,Textiles,0.0
paises_interes,2020,6701,15076309,0.9060617268043096,DOM,6701,0.0,0,0.0,0.851,0.292,-1.02,-0.147,Feathers or down,67,Feathers and down,0,Textiles,
paises_interes,2020,6702,1666291091,0.9828031844434935,DOM,6702,1.5e-05,77014,0.023317,0.886,0.001,-0.087,-0.147,Artificial flowers,67,Feathers and down,0,Textiles,0.1275742072869868
paises_interes,2020,6703,9470598,0.2772133672567992,DOM,6703,0.005272,3237454,10.155223,0.799,0.0,-0.897,-0.147,Human animal hair prepared for use in wigs,67,Feathers and down,0,Textiles,0.8312315788888429
paises_interes,2020,6704,1671158372,0.9053003472528708,DOM,6704,5e-06,21714,0.007586,0.821,-0.001,-2.2,-0.147,Wigs,67,Feathers and down,0,Textiles,0.6899696048632219
paises_interes,2020,6801,4881291,0.1770346601666674,DOM,6801,0.002027,1780356,3.581202,0.811,0.0,-0.445,-0.147,"Flagstones, of natural stone",68,"Articles of stone, plaster, cement, etc.",2,Stone,0.7928408700282416
paises_interes,2020,6802,571555851,0.24653271887003886,DOM,6802,0.000423,4703682,0.756496,0.826,0.088,-0.917,-0.147,Worked building stone,68,"Articles of stone, plaster, cement, etc.",2,Stone,0.6729079474335212
paises_interes,2020,6803,39078535,0.6053330446379221,DOM,6803,3e-06,1923,0.005809,0.868,0.308,-0.337,-0.147,Worked slate,68,"Articles of stone, plaster, cement, etc.",2,Stone,1.0
paises_interes,2020,6804,70125187,0.17163179124903216,DOM,6804,6e-06,26991,0.011464,0.879,1.444,1.366,-0.147,Grindstones,68,"Articles of stone, plaster, cement, etc.",2,Stone,0.1185209884776407
paises_interes,2020,6805,60354579,0.11165494878146148,DOM,6805,5e-06,22195,0.009533,0.861,1.232,1.091,-0.147,Natural or artificial abrasive powder,68,"Articles of stone, plaster, cement, etc.",2,Stone,0.0
paises_interes,2020,6806,15103314,0.0416949293728448,DOM,6806,4e-06,15963,0.006871,0.856,0.942,0.744,-0.147,Mineral wools and insulating materials,68,"Articles of stone, plaster, cement, etc.",2,Stone,0.0
paises_interes,2020,6807,1728193,0.005666009361674183,DOM,6807,1e-06,1400,0.001334,0.831,0.508,0.199,-0.147,Asphalt,68,"Articles of stone, plaster, cement, etc.",2,Stone,0.0
paises_interes,2020,6808,7547664,0.19382325480300153,DOM,6808,2.2e-05,10545,0.03825,0.846,0.836,0.124,-0.147,Panels of vegetable fibers,68,"Articles of stone, plaster, cement, etc.",2,Stone,0.0
paises_interes,2020,6809,4985308,0.03352858610529682,DOM,6809,1.7e-05,33687,0.030531,0.809,0.319,-0.374,-0.147,Plaster articles,68,"Articles of stone, plaster, cement, etc.",2,Stone,0.0
paises_interes,2020,6810,883967882,0.38951397472629673,DOM,6810,0.000206,2152964,0.366194,0.833,0.711,0.585,-0.147,"Articles of cement, of concrete or of artificial stone",68,"Articles of stone, plaster, cement, etc.",2,Stone,0.12636764943584752
paises_interes,2020,6811,12438606,0.1510461641280093,DOM,6811,3.7e-05,43461,0.064696,0.829,0.535,0.217,-0.147,Asbestos-cement or cellulose fiber-cement,68,"Articles of stone, plaster, cement, etc.",2,Stone,0.0
paises_interes,2020,6812,433030,0.13483386069544542,DOM,6812,0.0,0,0.0,0.855,0.653,0.277,-0.147,Asbestos fibres,68,"Articles of stone, plaster, cement, etc.",2,Stone,
paises_interes,2020,6813,2448186,0.019543490602175174,DOM,6813,3e-05,33118,0.053257,0.867,0.888,0.233,-0.147,Friction material and articles thereof,68,"Articles of stone, plaster, cement, etc.",2,Stone,0.5672745938764419
paises_interes,2020,6814,10608687,0.5125978664882096,DOM,6814,0.0,0,0.0,0.884,1.163,1.164,-0.147,Mica articles,68,"Articles of stone, plaster, cement, etc.",2,Stone,
paises_interes,2020,6815,35082084,0.038507660094508275,DOM,6815,2.6e-05,180471,0.046549,0.868,1.176,1.153,-0.147,Articles of stone or of other mineral substances,68,"Articles of stone, plaster, cement, etc.",2,Stone,0.8885361082944074
paises_interes,2020,6901,900518,0.24505651562452377,DOM,6901,1.3e-05,2789,0.022375,0.828,0.204,-0.907,-0.147,"Bricks, blocks, and other ceramic goods",69,Ceramic products,2,Stone,1.0
paises_interes,2020,6902,28516764,0.16873952255402827,DOM,6902,1.8e-05,61892,0.031966,0.871,1.007,0.701,-0.147,"Bricks, tiles and similar refractory ceramic constructional goods",69,Ceramic products,2,Stone,0.1626543010405222
paises_interes,2020,6903,10827817,0.052671284568735405,DOM,6903,1.2e-05,20368,0.020907,0.886,1.297,1.399,-0.147,Other refractory ceramic goods,69,Ceramic products,2,Stone,0.9211017282010998
paises_interes,2020,6904,6079756,0.14332336999486397,DOM,6904,3e-05,50820,0.052686,0.827,0.278,-0.467,-0.147,Ceramic building bricks,69,Ceramic products,2,Stone,0.8427390791027155
paises_interes,2020,6905,299143,0.02432496935421245,DOM,6905,5.8e-05,40069,0.102911,0.857,1.012,0.585,-0.147,Architectural ceramic ornaments,69,Ceramic products,2,Stone,0.0
paises_interes,2020,6906,1401959,0.4032179574716287,DOM,6906,0.0,0,0.0,0.876,0.003,0.599,-0.147,Ceramic pipes,69,Ceramic products,2,Stone,
paises_interes,2020,6907,69626498,0.04839821492260942,DOM,6907,2.4e-05,401695,0.042213,0.822,-0.006,-0.822,-0.147,Unglazed ceramic flags and pavers,69,Ceramic products,2,Stone,0.046654800283797405
paises_interes,2020,6909,50149831,0.07081546348277613,DOM,6909,1e-05,51766,0.01742,0.889,1.177,1.185,-0.147,Ceramic wares for technical ware,69,Ceramic products,2,Stone,0.9733802109492717
paises_interes,2020,6910,1056900727,0.6324623467505038,DOM,6910,0.000256,3051982,0.450907,0.842,0.291,-0.615,-0.147,"Ceramic sinks, washbasins, and similar sanitary fixtures",69,Ceramic products,2,Stone,0.7107905616743481
paises_interes,2020,6911,963680238,0.9179033794308397,DOM,6911,1e-05,69658,0.015664,0.865,0.002,-0.099,-0.147,Porcelain or china household articles,69,Ceramic products,2,Stone,0.5105802635734589
paises_interes,2020,6912,211061981,0.5568142939266749,DOM,6912,1.9e-05,34473,0.033327,0.863,0.859,0.401,-0.147,Ceramic household articles,69,Ceramic products,2,Stone,0.681431845212195
paises_interes,2020,6913,476909954,0.8131976700117131,DOM,6913,0.005438,12513686,9.60603,0.809,0.0,-0.576,-0.147,Ornamental ceramic articles,69,Ceramic products,2,Stone,0.9600247281256697
paises_interes,2020,6914,368986425,0.7862288015994179,DOM,6914,0.000224,541107,0.398276,0.852,0.378,-0.31,-0.147,Other ceramic articles,69,Ceramic products,2,Stone,0.8289987008114846
paises_interes,2020,7001,4816348,0.1464395088598623,DOM,7001,0.005653,2183104,10.225765,0.77,0.0,-0.706,-0.147,Cullet and other scraps of glass,70,Glass and glassware,2,Stone,0.014646576617513412
paises_interes,2020,7002,10223340,0.08766455851691214,DOM,7002,0.0,0,0.0,0.888,1.114,0.945,-0.147,Glass balls,70,Glass and glassware,2,Stone,
paises_interes,2020,7003,8242224,0.08343208020647835,DOM,7003,3e-05,70345,0.060483,0.884,0.404,0.874,-0.147,"Glass, cast or rolled",70,Glass and glassware,2,Stone,0.9185869642476366
paises_interes,2020,7004,584409,0.017799641801431242,DOM,7004,4.9e-05,37157,0.087728,0.906,0.809,0.454,-0.147,Drawn and blown glass,70,Glass and glassware,2,Stone,0.5864305514438733
paises_interes,2020,7005,8261862,0.09358239670084259,DOM,7005,1e-05,45589,0.018805,0.837,0.591,0.066,-0.147,Float glass,70,Glass and glassware,2,Stone,0.0
paises_interes,2020,7006,36359602,0.12975843133729253,DOM,7006,1.3e-05,45496,0.028147,0.903,1.119,2.487,-0.147,Worked glass,70,Glass and glassware,2,Stone,0.0
paises_interes,2020,7007,545652517,0.5190111933956688,DOM,7007,5.8e-05,550093,0.105135,0.846,0.861,0.628,-0.147,Safety glass,70,Glass and glassware,2,Stone,0.05441443537729075
paises_interes,2020,7008,41106411,0.12826872881877543,DOM,7008,3e-06,6297,0.006015,0.843,0.851,0.838,-0.147,Multiple-walled insulating glass,70,Glass and glassware,2,Stone,1.0
paises_interes,2020,7009,798314811,0.686269648343362,DOM,7009,2.4e-05,156363,0.043149,0.881,0.91,0.765,-0.147,Glass mirrors,70,Glass and glassware,2,Stone,0.5527586449479737
paises_interes,2020,7010,373264072,0.24345003270472165,DOM,7010,7e-06,70170,0.011706,0.798,0.287,-0.475,-0.147,Glass containers for conveyance,70,Glass and glassware,2,Stone,0.829115006412997
paises_interes,2020,7011,1291646,0.030727985131953156,DOM,7011,0.0,0,0.0,0.873,0.883,0.513,-0.147,Glass envelopes,70,Glass and glassware,2,Stone,0.0
paises_interes,2020,7013,578345677,0.5948172320684554,DOM,7013,4e-05,298094,0.071087,0.851,0.822,0.034,-0.147,Glassware for interior decorative use,70,Glass and glassware,2,Stone,0.4117426046817447
paises_interes,2020,7014,4882544,0.18770099587311412,DOM,7014,0.0,0,0.0,0.9,1.27,1.419,-0.147,Signaling glassware,70,Glass and glassware,2,Stone,
paises_interes,2020,7015,16490,0.00508711334545109,DOM,7015,0.0,0,0.0,0.872,0.003,0.385,-0.147,Clock or watch glasses and similar glasses,70,Glass and glassware,2,Stone,
paises_interes,2020,7016,219827184,0.7963574145969362,DOM,7016,0.000103,103699,0.180811,0.869,0.668,0.266,-0.147,Glass paving blocks or other molded products,70,Glass and glassware,2,Stone,0.550516398422357
paises_interes,2020,7017,27836756,0.1689977443760707,DOM,7017,4e-06,4739,0.007952,0.882,1.329,1.08,-0.147,"Laboratory, hygienic or pharmaceutical glassware",70,Glass and glassware,2,Stone,0.45621439122177676
paises_interes,2020,7018,132893629,0.7153693304592375,DOM,7018,9.8e-05,129049,0.174961,0.874,0.794,0.09,-0.147,Glass beads,70,Glass and glassware,2,Stone,0.5554401816364327
paises_interes,2020,7019,312801286,0.21003968215456767,DOM,7019,7e-06,76525,0.01296,0.834,0.787,0.498,-0.147,Glass fibers,70,Glass and glassware,2,Stone,0.09625046391438495
paises_interes,2020,7020,85779491,0.02480653377808641,DOM,7020,7e-06,26465,0.012841,0.876,1.037,0.835,-0.147,Other articles of glass,70,Glass and glassware,2,Stone,0.8752061652624905
paises_interes,2020,7101,3523047,0.09097495314516721,DOM,7101,5e-06,1869,0.011008,0.862,0.353,-0.413,-0.147,Pearls,71,Precious metals and stones,2,Stone,0.0
paises_interes,2020,7102,247890669,0.025235580938703733,DOM,7102,4e-06,238062,0.006705,0.854,0.214,-1.241,-0.147,Diamonds,71,Precious metals and stones,2,Stone,0.19748138413223987
paises_interes,2020,7103,19329214,0.02676818487287279,DOM,7103,0.000181,804801,0.366262,0.822,-0.015,-1.021,-0.147,Precious stones,71,Precious metals and stones,2,Stone,0.021988892171199318
paises_interes,2020,7104,24763311,0.04669708110834333,DOM,7104,5.4e-05,125700,0.120327,0.869,0.535,-0.153,-0.147,Synthetic precious stones,71,Precious metals and stones,2,Stone,0.42122016166030524
paises_interes,2020,7106,317828,6.054599409279519e-05,DOM,7106,0.000397,9742284,0.761303,0.851,0.259,-0.732,-0.147,Silver,71,Precious metals and stones,2,Stone,0.13023814538767295
paises_interes,2020,7107,356299,0.12053563575199157,DOM,7107,0.0,0,0.0,0.891,0.853,0.489,-0.147,Silver clad metals,71,Precious metals and stones,2,Stone,
paises_interes,2020,7108,51928208,0.0009888767137433028,DOM,7108,0.004578,1751349410,7.141886,0.757,-0.0,-2.208,-0.147,Gold,71,Precious metals and stones,2,Stone,0.041235423064530076
paises_interes,2020,7109,15606206,0.085384689936042,DOM,7109,0.0,0,0.0,0.894,0.003,1.019,-0.147,Gold clad metals,71,Precious metals and stones,2,Stone,0.019959042247163574
paises_interes,2020,7110,159276,1.4372549044645888e-05,DOM,7110,0.000369,22617270,0.656382,0.903,0.992,0.856,-0.147,Platinum,71,Precious metals and stones,2,Stone,0.9998161581835473
paises_interes,2020,7112,16093166,0.007704605158830999,DOM,7112,0.00158,38472456,3.239182,0.775,0.0,-0.71,-0.147,Scrap of precious metal,71,Precious metals and stones,2,Stone,0.9947703104787488
paises_interes,2020,7113,1557491452,0.1927383243810601,DOM,7113,0.005438,353229861,10.020361,0.805,0.0,-0.298,-0.147,Jewelry of precious metal,71,Precious metals and stones,2,Stone,0.9966473672507546
paises_interes,2020,7114,4131016,0.0540214526452278,DOM,7114,3e-06,9718,0.005373,0.853,0.001,-0.26,-0.147,Goldsmith and silversmith wares,71,Precious metals and stones,2,Stone,0.7980805280951084
paises_interes,2020,7115,19140230,0.00751498361852396,DOM,7115,0.0,0,0.0,0.882,0.661,-0.179,-0.147,Other articles of precious metals,71,Precious metals and stones,2,Stone,
paises_interes,2020,7116,43213403,0.4006790757617048,DOM,7116,7e-05,68448,0.128549,0.827,0.136,-0.887,-0.147,Articles of precious stones,71,Precious metals and stones,2,Stone,0.5877892706872371
paises_interes,2020,7117,408160736,0.49188380353117006,DOM,7117,0.000927,4459134,1.705212,0.815,0.0,0.191,-0.147,Imitation jewelry,71,Precious metals and stones,2,Stone,0.9887702410378338
paises_interes,2020,7118,379192,0.01753285514606166,DOM,7118,0.0,0,0.0,0.878,0.879,0.226,-0.147,Coin,71,Precious metals and stones,2,Stone,
paises_interes,2020,7201,116294,9.206971622403234e-05,DOM,7201,0.0,0,0.0,0.885,-0.083,-0.782,-0.147,Pig iron,72,Iron and steel,4,Metals,
paises_interes,2020,7202,72334057,0.05261984301475012,DOM,7202,0.011217,280175055,20.591038,0.785,-0.0,-1.093,-0.147,Ferroalloys,72,Iron and steel,4,Metals,0.06722715910593825
paises_interes,2020,7203,586225,0.0013304299575611397,DOM,7203,0.0,0,0.0,0.855,0.146,-0.89,-0.147,Ferrous products from the reduction of iron ore,72,Iron and steel,4,Metals,
paises_interes,2020,7204,2565578,0.0018510366826835214,DOM,7204,0.001185,34844639,2.123295,0.782,0.0,-0.602,-0.147,Ferrous waste and scrap,72,Iron and steel,4,Metals,0.007104019645604594
paises_interes,2020,7205,5485841,0.0288005877548185,DOM,7205,0.000602,1110557,1.071357,0.851,0.0,0.777,-0.147,Powders of iron or steel,72,Iron and steel,4,Metals,0.0
paises_interes,2020,7206,812227,0.16390867833496758,DOM,7206,0.0,0,0.0,0.847,0.001,-0.874,-0.147,Iron and nonalloy steel,72,Iron and steel,4,Metals,
paises_interes,2020,7207,2800922,0.0014417678693257837,DOM,7207,0.0,0,0.0,0.845,0.05,-0.796,-0.147,Semifinished products of iron or nonalloy steel,72,Iron and steel,4,Metals,
paises_interes,2020,7208,508573,0.0004385526437714707,DOM,7208,6.3e-05,2452019,0.118057,0.846,0.574,0.205,-0.147,"Flat-rolled iron, width > 600mm, hot-rolled, not clad",72,Iron and steel,4,Metals,0.0847799303349607
paises_interes,2020,7209,9683974,0.016017066683561045,DOM,7209,1e-06,8528,0.001487,0.84,0.424,-0.114,-0.147,"Flat-rolled iron, width > 600mm, cold-rolled, not clad",72,Iron and steel,4,Metals,0.0
paises_interes,2020,7210,178963027,0.06035593456426829,DOM,7210,8.8e-05,3554930,0.160735,0.824,0.505,-0.319,-0.147,"Flat rolled iron, width > 600mm, clad",72,Iron and steel,4,Metals,0.035345562359877694
paises_interes,2020,7211,1249147,0.0064047555040562375,DOM,7211,2e-06,6534,0.003468,0.855,0.848,0.662,-0.147,"Flat-rolled iron, width < 600mm, not clad",72,Iron and steel,4,Metals,0.0
paises_interes,2020,7212,16992584,0.09315996263641967,DOM,7212,0.0,0,0.0,0.847,0.848,0.554,-0.147,"Flat-rolled iron, width < 600mm, clad",72,Iron and steel,4,Metals,
paises_interes,2020,7213,9899148,0.024398970817058763,DOM,7213,0.001138,11665779,2.033647,0.802,0.0,-0.231,-0.147,Hot rolled bars of iron,72,Iron and steel,4,Metals,0.0010721101436946474
paises_interes,2020,7214,438687,0.0007176230630465478,DOM,7214,0.004745,65201469,8.513028,0.742,-0.0,-1.159,-0.147,"Other bars of iron, not further worked than forged",72,Iron and steel,4,Metals,0.46631406418159077
paises_interes,2020,7215,2412740,0.023257718996852514,DOM,7215,0.000834,1627915,1.51981,0.796,0.0,0.06,-0.147,Other bars and rods of iron or nonalloy steel,72,Iron and steel,4,Metals,0.0006376254288461007
paises_interes,2020,7216,10483837,0.021563495061423153,DOM,7216,0.00027,2968210,0.513775,0.805,0.209,-0.42,-0.147,Angles of iron or nonalloy steel,72,Iron and steel,4,Metals,0.03843461210628628
paises_interes,2020,7217,113966601,0.21993285412001695,DOM,7217,0.000264,1751194,0.477369,0.817,0.32,-0.224,-0.147,Wire of iron or nonalloy steel,72,Iron and steel,4,Metals,0.3208827805485857
paises_interes,2020,7218,13827496,0.0798415822448391,DOM,7218,0.0,0,0.0,0.882,0.508,0.757,-0.147,Stainless steel in ingots,72,Iron and steel,4,Metals,
paises_interes,2020,7219,46401044,0.09355841837067898,DOM,7219,1.2e-05,273732,0.021517,0.884,0.939,1.184,-0.147,Flat-rolled products of stainless steel of a width > 600 mm,72,Iron and steel,4,Metals,0.0
paises_interes,2020,7220,22061085,0.13346251780942783,DOM,7220,1.7e-05,67323,0.030477,0.893,1.406,1.521,-0.147,Flat-rolled products of stainless steel of a width < 600 mm,72,Iron and steel,4,Metals,0.9774222776762771
paises_interes,2020,7221,8229625,0.09701362883152923,DOM,7221,0.0,0,0.0,0.894,1.118,1.351,-0.147,"Bars of stainless steel, hot-rolled",72,Iron and steel,4,Metals,
paises_interes,2020,7222,6759701,0.01692990358253908,DOM,7222,8e-06,39847,0.015073,0.881,1.359,0.999,-0.147,Other bars and rods of stainless steel,72,Iron and steel,4,Metals,0.0
paises_interes,2020,7223,13308978,0.09304803746934397,DOM,7223,0.0,0,0.0,0.882,1.226,1.308,-0.147,Wire of stainless steel,72,Iron and steel,4,Metals,
paises_interes,2020,7225,24792626,0.025678187761132273,DOM,7225,0.0,9567,0.000763,0.893,1.455,1.615,-0.147,"Flat-rolled products of other alloy steel, width > 600 mm",72,Iron and steel,4,Metals,0.0
paises_interes,2020,7226,3325587,0.021666694160594614,DOM,7226,0.0,0,0.0,0.888,1.306,1.471,-0.147,"Flat-rolled products of other alloy steel, width < 600 mm",72,Iron and steel,4,Metals,
paises_interes,2020,7227,76519,0.00024328109140630394,DOM,7227,0.000125,438262,0.22121,0.865,0.817,0.355,-0.147,Bars of other alloy steel,72,Iron and steel,4,Metals,0.5384404762448033
paises_interes,2020,7228,65056217,0.1477883820454689,DOM,7228,0.000133,1275736,0.237055,0.855,0.834,0.303,-0.147,Other bars and rods of other alloy steel,72,Iron and steel,4,Metals,0.0
paises_interes,2020,7229,56398427,0.2872934958005026,DOM,7229,0.0,0,0.0,0.868,0.973,0.862,-0.147,Wire of other alloy steel,72,Iron and steel,4,Metals,
paises_interes,2020,7301,24546129,0.3389630932361517,DOM,7301,0.003223,5503581,7.1828,0.819,0.0,0.22,-0.147,Sheet piling of iron or steel,73,Articles of iron or steel,4,Metals,0.15216874249693063
paises_interes,2020,7302,35515658,0.2949369592337823,DOM,7302,0.0,0,0.0,0.87,0.845,0.512,-0.147,Railway construction material of iron or steel,73,Articles of iron or steel,4,Metals,
paises_interes,2020,7303,6148342,0.2485485901230797,DOM,7303,2.7e-05,34093,0.047255,0.86,0.563,-0.364,-0.147,Tubes of cast iron,73,Articles of iron or steel,4,Metals,0.0
paises_interes,2020,7304,124182845,0.07593268317433344,DOM,7304,6.3e-05,1124175,0.110668,0.852,0.568,-0.198,-0.147,"Tubes, seamless, of iron or steel",73,Articles of iron or steel,4,Metals,0.8434211755287211
paises_interes,2020,7305,1932538,0.00792052235680552,DOM,7305,9.2e-05,533939,0.161713,0.876,0.755,0.248,-0.147,"Other tubes and pipes, diameter > 406.4 mm, of iron or steel",73,Articles of iron or steel,4,Metals,0.0
paises_interes,2020,7306,179735856,0.08501213696372663,DOM,7306,0.000722,13706774,1.308809,0.772,0.0,-0.557,-0.147,"Other tubes, pipes and hollow profiles of iron or steel",73,Articles of iron or steel,4,Metals,0.9030404966186792
paises_interes,2020,7307,800561647,0.40013926583178744,DOM,7307,4.7e-05,737892,0.08368,0.865,1.255,1.037,-0.147,Tube or pipe fittings of iron or steel,73,Articles of iron or steel,4,Metals,0.21835038189870604
paises_interes,2020,7308,1487150552,0.28630231467787853,DOM,7308,0.000136,6197455,0.241487,0.816,0.555,0.265,-0.147,"Structures and their parts, of iron or steel",73,Articles of iron or steel,4,Metals,0.49815496845075924
paises_interes,2020,7309,18699096,0.05377227510955588,DOM,7309,0.000521,1817815,0.93543,0.806,0.427,0.007,-0.147,"Tanks etc. > 300 liters, iron or steel",73,Articles of iron or steel,4,Metals,0.003170839716912887
paises_interes,2020,7310,215092959,0.4482378353037386,DOM,7310,0.000122,696729,0.217986,0.804,0.583,0.002,-0.147,"Tanks etc. < 300 liters, iron or steel",73,Articles of iron or steel,4,Metals,0.7169659939517373
paises_interes,2020,7311,104582522,0.30476879508100924,DOM,7311,0.000457,1550285,0.815027,0.836,0.637,-0.302,-0.147,Containers for compressed or liquified gas,73,Articles of iron or steel,4,Metals,0.5086490548512048
paises_interes,2020,7312,255223520,0.36742073427351607,DOM,7312,7e-06,37708,0.012226,0.858,0.558,0.209,-0.147,"Wire of iron or steel, not insulated",73,Articles of iron or steel,4,Metals,0.48713800784979316
paises_interes,2020,7313,1406241,0.14510305400932752,DOM,7313,0.0015,455475,2.679344,0.779,-0.0,-1.158,-0.147,Barbed wire of iron or steel,73,Articles of iron or steel,4,Metals,0.20915308194741752
paises_interes,2020,7314,299127349,0.5052276339382986,DOM,7314,0.000664,3473827,1.184963,0.795,0.0,0.032,-0.147,Cloth of iron or steel wire,73,Articles of iron or steel,4,Metals,0.1783125642123226
paises_interes,2020,7315,201654070,0.37677173026565935,DOM,7315,0.000671,3027797,1.212044,0.85,0.0,1.174,-0.147,Chain of iron or steel,73,Articles of iron or steel,4,Metals,0.9632379581590179
paises_interes,2020,7316,19570733,0.4840326646743834,DOM,7316,0.0,0,0.0,0.84,0.39,-0.205,-0.147,Anchors of iron or steel,73,Articles of iron or steel,4,Metals,
paises_interes,2020,7317,285976477,0.34703327466847883,DOM,7317,0.000484,1460181,0.879408,0.801,0.198,-0.625,-0.147,Nails and similar articles of iron or steel,73,Articles of iron or steel,4,Metals,0.21459325932880924
paises_interes,2020,7318,919054565,0.18173769775888926,DOM,7318,1.1e-05,381523,0.021885,0.887,1.605,1.571,-0.147,Screws and similar articles of iron or steel,73,Articles of iron or steel,4,Metals,0.20425767253874602
paises_interes,2020,7319,15274650,0.4487486324604554,DOM,7319,0.000646,169031,1.185824,0.846,0.0,0.97,-0.147,Articles for sewing of iron or steel,73,Articles of iron or steel,4,Metals,0.0
paises_interes,2020,7320,87900896,0.08909750001612658,DOM,7320,0.000106,634789,0.18963,0.864,1.182,0.905,-0.147,Springs of iron or steel,73,Articles of iron or steel,4,Metals,0.832619972935889
paises_interes,2020,7321,2083503567,0.6343232226963672,DOM,7321,3e-05,313186,0.052636,0.834,0.524,-0.095,-0.147,Stoves and similar non-electric appliances of iron or steel,73,Articles of iron or steel,4,Metals,0.1590045532048048
paises_interes,2020,7322,36453773,0.0662080464690608,DOM,7322,2e-05,60844,0.035633,0.852,0.802,0.519,-0.147,Radiators for central heating of iron or steel,73,Articles of iron or steel,4,Metals,0.5796134376438103
paises_interes,2020,7323,2128854976,0.7708901178314768,DOM,7323,1.4e-05,191184,0.024397,0.864,0.315,0.057,-0.147,Household articles of iron or steel,73,Articles of iron or steel,4,Metals,0.357017323625408
paises_interes,2020,7324,568450077,0.7371102560359551,DOM,7324,1.9e-05,71964,0.034721,0.87,0.838,0.359,-0.147,Sanitary ware and parts of iron or steel,73,Articles of iron or steel,4,Metals,0.31660274581735315
paises_interes,2020,7325,87366572,0.17588958070454125,DOM,7325,3e-06,16678,0.005058,0.83,0.63,0.413,-0.147,Other cast articles of iron or steel,73,Articles of iron or steel,4,Metals,0.0
paises_interes,2020,7326,2263104135,0.33864181908045166,DOM,7326,0.000133,6171297,0.241412,0.833,0.907,0.566,-0.147,Other articles of iron or steel,73,Articles of iron or steel,4,Metals,0.5519073219130436
paises_interes,2020,7403,3479156,0.0008631204635437049,DOM,7403,0.0,7281,0.000216,0.826,0.02,-1.315,-0.147,Refined copper and copper alloys,74,Copper,4,Metals,0.0
paises_interes,2020,7404,1203639,0.0023399987126924704,DOM,7404,0.000827,13244215,1.50613,0.772,0.0,-0.747,-0.147,Copper waste and scrap,74,Copper,4,Metals,0.1617449580816983
paises_interes,2020,7405,17043,0.0031360970046344972,DOM,7405,0.0,0,0.0,0.875,0.461,-0.58,-0.147,Master alloys of copper,74,Copper,4,Metals,
paises_interes,2020,7406,408833,0.01602733804815795,DOM,7406,0.0,0,0.0,0.887,0.692,0.794,-0.147,Copper powders and flakes,74,Copper,4,Metals,
paises_interes,2020,7407,2993477,0.00943959775721759,DOM,7407,3e-06,14657,0.005845,0.835,0.58,0.178,-0.147,"Copper bars, rods and profiles",74,Copper,4,Metals,0.0
paises_interes,2020,7408,19644674,0.01621536520355886,DOM,7408,1e-06,10502,0.001192,0.841,0.345,-0.254,-0.147,Copper wire,74,Copper,4,Metals,0.16101694915254236
paises_interes,2020,7409,3102434,0.0063081052904928325,DOM,7409,2e-05,128501,0.035911,0.873,0.84,0.334,-0.147,"Copper plates, sheets and strip > 0.15 mm",74,Copper,4,Metals,0.0
paises_interes,2020,7410,11551705,0.053897267113885435,DOM,7410,0.0,0,0.0,0.888,0.868,1.372,-0.147,Copper foil < 0.15 mm thick,74,Copper,4,Metals,
paises_interes,2020,7411,235032363,0.31281487286072573,DOM,7411,1e-06,8302,0.002472,0.866,0.872,0.488,-0.147,Copper tubes and pipes,74,Copper,4,Metals,0.0
paises_interes,2020,7412,178835041,0.2985357324395024,DOM,7412,1.8e-05,80122,0.033105,0.881,1.116,0.922,-0.147,Copper tube or pipe fittings,74,Copper,4,Metals,0.0
paises_interes,2020,7413,2020979,0.04288026758583452,DOM,7413,0.000187,290580,0.331224,0.844,0.51,-0.175,-0.147,"Copper wire, uninsulated",74,Copper,4,Metals,0.056989469337187695
paises_interes,2020,7415,23707617,0.21012427516567564,DOM,7415,0.000117,111962,0.223606,0.891,1.302,1.174,-0.147,Screws and similar articles of copper,74,Copper,4,Metals,0.035315553491363144
paises_interes,2020,7418,73225283,0.3275574476172803,DOM,7418,4e-06,3226,0.008915,0.868,1.034,0.434,-0.147,Household articles of copper,74,Copper,4,Metals,0.0
paises_interes,2020,7419,31557851,0.08531741230845011,DOM,7419,6e-06,19582,0.011563,0.865,1.156,0.824,-0.147,Other articles of copper,74,Copper,4,Metals,0.0
paises_interes,2020,7504,390136,0.004668283044633869,DOM,7504,0.0,0,0.0,0.905,0.603,0.85,-0.147,Nickel powders,75,Nickel,4,Metals,
paises_interes,2020,7505,4259129,0.011691625192529897,DOM,7505,2.1e-05,54799,0.037287,0.893,1.262,1.087,-0.147,"Nickel bars, wire etc.",75,Nickel,4,Metals,0.0
paises_interes,2020,7507,2550883,0.01599771574000085,DOM,7507,0.0,0,0.0,0.881,1.305,1.286,-0.147,Nickel tubes and pipes,75,Nickel,4,Metals,
paises_interes,2020,7508,12070874,0.043016444498482145,DOM,7508,0.0,0,0.0,0.894,0.801,0.451,-0.147,Other articles of nickel,75,Nickel,4,Metals,
paises_interes,2020,7601,3551814,0.0005790973121591974,DOM,7601,1e-06,58663,0.002634,0.823,-0.147,-0.914,-0.147,Unwrought aluminum,76,Aluminium,4,Metals,0.32195762235139697
paises_interes,2020,7602,84199,0.00013085880334497412,DOM,7602,0.000693,6735224,1.24546,0.767,0.0,-0.801,-0.147,"Waste or scrap, aluminium",76,Aluminium,4,Metals,0.11641335165690109
paises_interes,2020,7603,4727491,0.10845965341390802,DOM,7603,0.0,0,0.0,0.889,0.711,0.373,-0.147,Aluminum powders,76,Aluminium,4,Metals,
paises_interes,2020,7604,198435800,0.18261298408245596,DOM,7604,0.002328,33918196,4.137479,0.787,0.0,-0.066,-0.147,Aluminum bars,76,Aluminium,4,Metals,0.9779074924857443
paises_interes,2020,7605,10089690,0.016442553748701124,DOM,7605,0.0,0,0.0,0.853,0.279,-0.624,-0.147,Aluminum wire,76,Aluminium,4,Metals,
paises_interes,2020,7606,374208138,0.15807548811197072,DOM,7606,1e-05,265963,0.018256,0.851,0.878,0.635,-0.147,Aluminum plates > 0.2 mm,76,Aluminium,4,Metals,0.14653166041893045
paises_interes,2020,7607,222066434,0.19538633551396767,DOM,7607,9.1e-05,1033637,0.163715,0.858,0.978,0.835,-0.147,Aluminum foil < 0.2 mm,76,Aluminium,4,Metals,0.183224865208966
paises_interes,2020,7608,45315251,0.19622721184743494,DOM,7608,1.2e-05,24151,0.022032,0.834,0.627,-0.073,-0.147,Aluminum tubes and pipes,76,Aluminium,4,Metals,0.4335224214318248
paises_interes,2020,7609,62779092,0.45592409194174177,DOM,7609,1e-05,7653,0.017138,0.873,1.104,0.655,-0.147,Aluminum tube or pipe fittings,76,Aluminium,4,Metals,0.0
paises_interes,2020,7610,525553412,0.28506833498714473,DOM,7610,0.000859,11297991,1.524038,0.805,0.0,0.151,-0.147,"Aluminum structures (bridges, towers etc)",76,Aluminium,4,Metals,0.5857241344943539
paises_interes,2020,7611,1252881,0.07405465397912524,DOM,7611,0.000737,154636,1.329828,0.832,0.0,0.674,-0.147,"Aluminum containers, >300 liters",76,Aluminium,4,Metals,0.0
paises_interes,2020,7612,78844207,0.10619600202410848,DOM,7612,0.000114,619814,0.204718,0.804,0.395,-0.064,-0.147,"Aluminum containers, <300 liters",76,Aluminium,4,Metals,0.5930585627301094
paises_interes,2020,7613,8235382,0.15068684948522015,DOM,7613,1.4e-05,7936,0.024845,0.879,0.947,0.757,-0.147,Aluminum containers for compressed or liquefied gas,76,Aluminium,4,Metals,0.6058467741935484
paises_interes,2020,7614,2159981,0.019996776046969582,DOM,7614,1e-06,1600,0.001999,0.838,0.295,-0.527,-0.147,"Aluminum wire, not insulated",76,Aluminium,4,Metals,0.0
paises_interes,2020,7615,955808660,0.7459459420901783,DOM,7615,4.4e-05,241616,0.078283,0.834,0.249,-0.835,-0.147,Household articles of aluminum,76,Aluminium,4,Metals,0.21198513343487185
paises_interes,2020,7616,967452929,0.4133822204858498,DOM,7616,2.9e-05,473156,0.053483,0.834,0.824,0.654,-0.147,Other articles of aluminum,76,Aluminium,4,Metals,0.6513855895307256
paises_interes,2020,7801,138057,0.00020303460114799192,DOM,7801,0.001573,8086005,2.815637,0.759,-0.0,-1.283,-0.147,Lead refined unwrought,78,Lead,4,Metals,0.4664992168567791
paises_interes,2020,7802,0,0.0,DOM,7802,0.001098,473246,1.942906,0.774,0.0,-0.826,-0.147,Lead waste or scrap,78,Lead,4,Metals,0.8796608951792514
paises_interes,2020,7804,116200,0.02286701160038382,DOM,7804,0.0,0,0.0,0.865,0.638,0.216,-0.147,Lead foil <2mm,78,Lead,4,Metals,
paises_interes,2020,7806,1079117,0.07434353986792948,DOM,7806,0.000714,199210,1.275918,0.811,0.0,-0.1,-0.147,Other articles of lead,78,Lead,4,Metals,0.03769389086893228
paises_interes,2020,7901,357726,0.0001997478159673384,DOM,7901,4e-06,49068,0.007678,0.861,0.197,-0.424,-0.147,Unwrought zinc,79,Zinc,4,Metals,0.8598679383712399
paises_interes,2020,7902,3649,0.00025025684074228,DOM,7902,0.000456,225343,0.835577,0.794,0.234,-0.558,-0.147,Zinc waste and scrap,79,Zinc,4,Metals,0.048983105754338944
paises_interes,2020,7903,812771,0.009895050648506263,DOM,7903,2.9e-05,12520,0.050564,0.834,0.325,-0.54,-0.147,Zinc powders,79,Zinc,4,Metals,0.0
paises_interes,2020,7904,1856404,0.1932649536665866,DOM,7904,0.000363,65123,0.645943,0.883,0.827,0.518,-0.147,Zinx bars and wire,79,Zinc,4,Metals,0.0
paises_interes,2020,7905,1145194,0.09544542417553915,DOM,7905,0.000785,386162,1.39221,0.85,0.0,0.639,-0.147,Zinc plates and foil,79,Zinc,4,Metals,0.0
paises_interes,2020,7907,42749533,0.2556365148465383,DOM,7907,1e-06,1695,0.00257,0.842,0.798,0.537,-0.147,Other articles of zinc,79,Zinc,4,Metals,0.0
paises_interes,2020,8001,143050072,0.3035507728209929,DOM,8001,0.0,0,0.0,0.85,0.308,-0.487,-0.147,Unwrought tin,80,Tin,4,Metals,
paises_interes,2020,8003,32997,0.0012132377151362556,DOM,8003,7e-06,2897,0.015295,0.882,1.151,1.355,-0.147,Tin bars and wire,80,Tin,4,Metals,0.5926820849154297
paises_interes,2020,8007,1131198,0.049048818923858685,DOM,8007,0.0,0,0.0,0.86,0.655,0.193,-0.147,Other articles of tin,80,Tin,4,Metals,
paises_interes,2020,8101,42822546,0.058622336235080987,DOM,8101,2e-06,1590,0.003559,0.89,1.404,0.907,-0.147,Tungsten (wolfram),81,Other base metals,4,Metals,0.38162397594109715
paises_interes,2020,8102,22896001,0.04687887531686313,DOM,8102,0.0,0,0.0,0.879,0.919,0.875,-0.147,Molybdenum,81,Other base metals,4,Metals,
paises_interes,2020,8103,83228831,0.35720260040965357,DOM,8103,0.000203,162177,0.36457,0.892,1.295,1.02,-0.147,Tantalum,81,Other base metals,4,Metals,1.0
paises_interes,2020,8104,50070959,0.038232870702950936,DOM,8104,0.0,0,0.0,0.869,0.826,0.774,-0.147,Magnesium,81,Other base metals,4,Metals,
paises_interes,2020,8106,1285586,0.24398625038241883,DOM,8106,0.0,0,0.0,0.901,0.004,0.525,-0.147,Bismuth,81,Other base metals,4,Metals,
paises_interes,2020,8108,58063491,0.0883871793047241,DOM,8108,2.2e-05,94003,0.038452,0.906,0.938,0.773,-0.147,Titanium,81,Other base metals,4,Metals,0.0
paises_interes,2020,8110,5630152,0.2055075635144495,DOM,8110,0.000142,26444,0.251813,0.864,0.39,-0.722,-0.147,Antimony,81,Other base metals,4,Metals,1.0
paises_interes,2020,8111,32926264,0.09898068686622852,DOM,8111,0.0,0,0.0,0.891,0.002,-0.07,-0.147,Manganese,81,Other base metals,4,Metals,
paises_interes,2020,8112,21230978,0.06283001197612709,DOM,8112,3.3e-05,36782,0.064021,0.894,0.505,0.255,-0.147,Other metals,81,Other base metals,4,Metals,0.0
paises_interes,2020,8201,177348844,0.46865783586052234,DOM,8201,7e-06,13836,0.013911,0.857,0.79,0.262,-0.147,Handtools for gardening,82,Metal tools and tableware,4,Metals,0.1530789245446661
paises_interes,2020,8202,186303866,0.24585597729757855,DOM,8202,7e-06,29123,0.012217,0.893,1.37,1.614,-0.147,Handsaws,82,Metal tools and tableware,4,Metals,0.0
paises_interes,2020,8203,272181908,0.6253957246540296,DOM,8203,0.000241,508401,0.451337,0.859,0.917,0.573,-0.147,"Pliers, pincers and other metal handtools",82,Metal tools and tableware,4,Metals,0.891758670813
paises_interes,2020,8204,302354150,0.46999996356326135,DOM,8204,0.000192,533835,0.436392,0.888,1.116,1.332,-0.147,Wrenches,82,Metal tools and tableware,4,Metals,0.8750625193177667
paises_interes,2020,8205,762658757,0.5072699293642466,DOM,8205,0.000116,842082,0.234697,0.88,1.194,0.748,-0.147,Hand tools n.e.c.,82,Metal tools and tableware,4,Metals,0.8640666823420997
paises_interes,2020,8206,195314403,0.6004617699319523,DOM,8206,3.1e-05,42655,0.066288,0.881,0.804,0.758,-0.147,Retail tool sets,82,Metal tools and tableware,4,Metals,0.366545539796038
paises_interes,2020,8207,814281919,0.2827629069813366,DOM,8207,1e-05,200859,0.018637,0.882,1.585,1.676,-0.147,Interchangeable tools for hand tools,82,Metal tools and tableware,4,Metals,0.10221100373894125
paises_interes,2020,8208,66754599,0.17107380867294758,DOM,8208,1.5e-05,42573,0.027829,0.884,1.471,1.496,-0.147,Knives and blades for machines,82,Metal tools and tableware,4,Metals,0.07180607427242619
paises_interes,2020,8209,86817462,0.13714733150732272,DOM,8209,0.0,0,0.0,0.911,1.518,2.453,-0.147,"Articles for utensils, of cermet",82,Metal tools and tableware,4,Metals,
paises_interes,2020,8210,48441897,0.6140473653836267,DOM,8210,3e-06,1299,0.004511,0.866,0.793,0.645,-0.147,"Hand-operated appliances, food preparation, <10kg",82,Metal tools and tableware,4,Metals,0.0
paises_interes,2020,8211,482418976,0.6619318048037476,DOM,8211,9e-06,24506,0.016762,0.896,1.082,1.042,-0.147,Knife sets,82,Metal tools and tableware,4,Metals,0.3196360075083653
paises_interes,2020,8212,94163202,0.1662815934769257,DOM,8212,0.000161,617345,0.285906,0.831,0.367,-0.357,-0.147,Razors,82,Metal tools and tableware,4,Metals,0.9796969279738234
paises_interes,2020,8213,116180178,0.7555291096927674,DOM,8213,3.7e-05,31992,0.058499,0.882,0.002,0.419,-0.147,Scissors,82,Metal tools and tableware,4,Metals,0.0
paises_interes,2020,8214,150185616,0.7290208149648931,DOM,8214,0.000233,240044,0.419915,0.866,0.289,-0.371,-0.147,Other cutlery,82,Metal tools and tableware,4,Metals,0.7925463664994751
paises_interes,2020,8215,452026386,0.9160029724263575,DOM,8215,4e-06,11023,0.007848,0.871,0.269,0.272,-0.147,Cutlery,82,Metal tools and tableware,4,Metals,0.42048444162206294
paises_interes,2020,8301,716210224,0.27322244636693144,DOM,8301,0.003697,43276882,6.882486,0.833,0.0,0.795,-0.147,Padlocks and locks,83,Miscellaneous articles of base metal,4,Metals,0.989452567308338
paises_interes,2020,8302,2208581484,0.4361382999073981,DOM,8302,1e-05,320678,0.018526,0.855,0.948,0.727,-0.147,"Base metal mountings, fittings and similar articles",83,Miscellaneous articles of base metal,4,Metals,0.4476920774109855
paises_interes,2020,8303,263296463,0.6514918823874633,DOM,8303,8.1e-05,93115,0.144163,0.855,0.901,0.819,-0.147,Safes,83,Miscellaneous articles of base metal,4,Metals,0.20338291360146055
paises_interes,2020,8304,66421374,0.9397911658005496,DOM,8304,9.5e-05,23548,0.170445,0.863,0.53,-0.224,-0.147,"Paper trays and similar office equipment, of base metal",83,Miscellaneous articles of base metal,4,Metals,0.04582130117207406
paises_interes,2020,8305,81842424,0.5654430121003293,DOM,8305,4.2e-05,33700,0.076952,0.877,0.968,0.965,-0.147,"Paper clips and similar office articles, of metal",83,Miscellaneous articles of base metal,4,Metals,0.32267062314540057
paises_interes,2020,8306,532859653,0.836226595383589,DOM,8306,4.2e-05,82033,0.074468,0.852,0.434,-0.322,-0.147,"Ornaments, statuettes, etc. of metal",83,Miscellaneous articles of base metal,4,Metals,0.7349847012787537
paises_interes,2020,8307,65294831,0.30024118771095454,DOM,8307,1e-06,1174,0.001053,0.859,1.012,0.679,-0.147,Flexible tubing of base metal,83,Miscellaneous articles of base metal,4,Metals,0.0
paises_interes,2020,8308,52783727,0.30919048335777305,DOM,8308,0.000125,369567,0.248026,0.847,0.847,0.768,-0.147,"Clasps, buckles etc. of metal",83,Miscellaneous articles of base metal,4,Metals,0.5635324582552014
paises_interes,2020,8309,131424150,0.16299841361488834,DOM,8309,0.000862,5985835,1.527674,0.787,0.0,0.032,-0.147,"Stoppers, caps and lids of metal",83,Miscellaneous articles of base metal,4,Metals,0.14599383377590594
paises_interes,2020,8310,42982971,0.41641277786571657,DOM,8310,7.4e-05,50300,0.136996,0.846,0.751,0.288,-0.147,Sign plates and similar plates of base metal,83,Miscellaneous articles of base metal,4,Metals,0.8309145129224652
paises_interes,2020,8311,28040235,0.20321430592373144,DOM,8311,0.000507,1319426,0.907784,0.842,0.862,0.491,-0.147,Wire etc. used for welding,83,Miscellaneous articles of base metal,4,Metals,0.007329702461524936
paises_interes,2020,8401,0,0.0,DOM,8401,0.0,0,0.0,0.894,1.177,1.445,-0.147,Nuclear reactors and related equipment,84,Industrial Machinery,7,Machinery,
paises_interes,2020,8402,76253105,0.3286035794371072,DOM,8402,2.6e-05,103947,0.045766,0.853,0.646,-0.009,-0.147,Steam boilers,84,Industrial Machinery,7,Machinery,0.0
paises_interes,2020,8403,24158722,0.07049728644333342,DOM,8403,0.0,1692,0.000456,0.847,0.991,0.623,-0.147,Central heating boilers,84,Industrial Machinery,7,Machinery,1.0
paises_interes,2020,8404,10770610,0.1151466348901335,DOM,8404,0.000409,602912,0.753695,0.873,0.99,0.707,-0.147,Auxiliary parts for use with boilers,84,Industrial Machinery,7,Machinery,0.9926440342869275
paises_interes,2020,8405,505216,0.00883489892798752,DOM,8405,2.6e-05,19990,0.045897,0.864,0.845,0.58,-0.147,Water gas generators,84,Industrial Machinery,7,Machinery,0.0
paises_interes,2020,8406,20989742,0.08110599989337464,DOM,8406,3.1e-05,114892,0.05451,0.875,1.089,0.956,-0.147,Steam turbines,84,Industrial Machinery,7,Machinery,0.9713121888382132
paises_interes,2020,8407,537758315,0.05920116933896057,DOM,8407,0.000141,5698837,0.248889,0.883,1.397,1.038,-0.147,Spark-ignition reciprocating internal combustion piston engines,84,Industrial Machinery,7,Machinery,0.9670295886687056
paises_interes,2020,8408,53486216,0.011934562467840951,DOM,8408,1e-06,27184,0.001322,0.88,1.362,1.406,-0.147,Compression-ignition internal combustion piston engines,84,Industrial Machinery,7,Machinery,0.41094025897586817
paises_interes,2020,8409,1174124430,0.12065064300101512,DOM,8409,1.5e-05,771963,0.026285,0.855,0.989,0.746,-0.147,Parts suitable for use with spark-ignition engines,84,Industrial Machinery,7,Machinery,0.15269255132694184
paises_interes,2020,8410,3916126,0.0846884527549872,DOM,8410,2.6e-05,24869,0.045801,0.845,0.768,-0.067,-0.147,"Hydraulic turbines, water wheels and regulators",84,Industrial Machinery,7,Machinery,0.8416100365917407
paises_interes,2020,8411,615471339,0.024096585668734388,DOM,8411,2.4e-05,2459043,0.042806,0.874,1.087,0.864,-0.147,Gas turbines,84,Industrial Machinery,7,Machinery,0.445238655851077
paises_interes,2020,8412,802254132,0.2234419219282839,DOM,8412,4e-06,72947,0.006583,0.866,1.218,1.071,-0.147,Other engines and motors,84,Industrial Machinery,7,Machinery,0.3219186532688116
paises_interes,2020,8413,1640075559,0.1957063651315553,DOM,8413,2.7e-05,1577221,0.048911,0.881,1.495,1.423,-0.147,Pumps for liquids,84,Industrial Machinery,7,Machinery,0.18246777084504961
paises_interes,2020,8414,3975460387,0.3496260290570676,DOM,8414,3.4e-05,2322397,0.06148,0.887,1.478,1.512,-0.147,"Pumps, compressors, fans, etc.",84,Industrial Machinery,7,Machinery,0.6859464596277036
paises_interes,2020,8415,2369405246,0.2813407510188656,DOM,8415,1.7e-05,752985,0.029959,0.876,0.832,0.674,-0.147,Air conditioners,84,Industrial Machinery,7,Machinery,0.4438853363612821
paises_interes,2020,8416,24756581,0.130057038623029,DOM,8416,0.0,0,0.0,0.874,1.132,1.213,-0.147,Furnace burners,84,Industrial Machinery,7,Machinery,
paises_interes,2020,8417,39542386,0.12675279701524342,DOM,8417,1e-06,5127,0.002354,0.872,1.296,1.176,-0.147,Industrial furnaces,84,Industrial Machinery,7,Machinery,0.0
paises_interes,2020,8418,2547095733,0.26884671173107266,DOM,8418,4.8e-05,2126611,0.085013,0.834,0.78,0.563,-0.147,"Refrigerators, freezers",84,Industrial Machinery,7,Machinery,0.467780896459202
paises_interes,2020,8419,1041582929,0.1814174040856939,DOM,8419,6e-06,221308,0.010381,0.869,1.315,1.055,-0.147,Equipment for temperature change of materials,84,Industrial Machinery,7,Machinery,0.262123375567083
paises_interes,2020,8420,7438013,0.05806956825171901,DOM,8420,5e-06,5991,0.009813,0.886,1.385,1.659,-0.147,"Calendering or other rolling machines, other than for metals or glass",84,Industrial Machinery,7,Machinery,0.0
paises_interes,2020,8421,2304210373,0.22164759865866943,DOM,8421,3.1e-05,2209441,0.055186,0.861,1.177,0.952,-0.147,Centrifuges,84,Industrial Machinery,7,Machinery,0.3922607573589881
paises_interes,2020,8422,445680499,0.10215808125093048,DOM,8422,5.6e-05,1670559,0.100865,0.859,1.191,1.277,-0.147,Dish washing machines,84,Industrial Machinery,7,Machinery,0.2480936022014188
paises_interes,2020,8423,403050723,0.515975966001673,DOM,8423,5e-06,21763,0.009027,0.89,1.1,0.951,-0.147,Weighing machinery,84,Industrial Machinery,7,Machinery,0.5865000229747737
paises_interes,2020,8424,1529295872,0.47495414868691227,DOM,8424,0.000353,7020630,0.634839,0.87,1.262,0.969,-0.147,Sprays and powder dispersers,84,Industrial Machinery,7,Machinery,0.45470306795828863
paises_interes,2020,8425,743418323,0.5977566414895212,DOM,8425,2e-05,125973,0.036152,0.872,0.984,0.513,-0.147,Pulleys and winches,84,Industrial Machinery,7,Machinery,0.18296777880974494
paises_interes,2020,8426,271948879,0.20678037366183416,DOM,8426,0.000128,1469647,0.226785,0.84,0.76,0.211,-0.147,Ships' derricks; cranes,84,Industrial Machinery,7,Machinery,0.08633433742932826
paises_interes,2020,8427,363315891,0.17377791371115556,DOM,8427,1.4e-05,225412,0.025406,0.896,1.572,1.605,-0.147,Fork-lift trucks,84,Industrial Machinery,7,Machinery,0.010647170514435788
paises_interes,2020,8428,322027212,0.09169737006354152,DOM,8428,8e-06,224437,0.01513,0.858,1.191,0.911,-0.147,Other lifting machinery,84,Industrial Machinery,7,Machinery,0.2161497435806039
paises_interes,2020,8429,362185487,0.06425109823151029,DOM,8429,2.9e-05,1035476,0.051246,0.857,0.76,-0.175,-0.147,"Self-propelled bulldozers, excavators and road rollers",84,Industrial Machinery,7,Machinery,0.0
paises_interes,2020,8430,181473622,0.14839603835411597,DOM,8430,7.3e-05,646861,0.129818,0.837,0.377,-0.616,-0.147,"Other moving, excavating or boring machinery",84,Industrial Machinery,7,Machinery,0.0
paises_interes,2020,8431,1432590647,0.20421652116506617,DOM,8431,1.9e-05,883097,0.033872,0.838,0.837,0.583,-0.147,Parts for use with hoists and excavation machinery,84,Industrial Machinery,7,Machinery,0.14806301006571193
paises_interes,2020,8432,158869669,0.1704600810756916,DOM,8432,9e-06,67267,0.015234,0.846,0.943,0.694,-0.147,Machinery for soil preparation or cultivation,84,Industrial Machinery,7,Machinery,0.8419878989697771
paises_interes,2020,8433,1000970088,0.3516719348767028,DOM,8433,2e-06,35478,0.003149,0.858,1.09,0.665,-0.147,Harvesting or agricultural machinery,84,Industrial Machinery,7,Machinery,0.7842888550651108
paises_interes,2020,8434,4234039,0.03692513441270478,DOM,8434,2e-06,3649,0.003116,0.851,1.024,0.893,-0.147,Dairy machinery,84,Industrial Machinery,7,Machinery,0.0
paises_interes,2020,8435,3795551,0.11964916455080736,DOM,8435,0.000435,151888,0.772514,0.86,1.049,0.719,-0.147,Machines for wine and juice production,84,Industrial Machinery,7,Machinery,0.0
paises_interes,2020,8436,108859569,0.11877991615267862,DOM,8436,2e-06,14948,0.003855,0.861,1.005,0.853,-0.147,Other agricultural machinery,84,Industrial Machinery,7,Machinery,0.0
paises_interes,2020,8437,12797091,0.10763414357512126,DOM,8437,1.8e-05,35595,0.032457,0.851,0.646,0.063,-0.147,Machinery for processing grain,84,Industrial Machinery,7,Machinery,0.7489254108723136
paises_interes,2020,8438,129586411,0.09064308044749535,DOM,8438,7.3e-05,879781,0.129642,0.862,1.078,0.728,-0.147,Machinery for the industrial preparation of food or drink,84,Industrial Machinery,7,Machinery,0.8587125659681216
paises_interes,2020,8439,41079183,0.07166196853052088,DOM,8439,1.1e-05,54882,0.019849,0.887,1.399,1.661,-0.147,Machinery for making paper,84,Industrial Machinery,7,Machinery,0.12047665901388434
paises_interes,2020,8440,6570659,0.05819457422879973,DOM,8440,0.0,0,0.0,0.874,1.124,0.696,-0.147,Bookbinding machinery,84,Industrial Machinery,7,Machinery,
paises_interes,2020,8441,331160569,0.293898514470253,DOM,8441,0.000102,669630,0.18433,0.868,1.2,1.263,-0.147,Other machinery for making paper,84,Industrial Machinery,7,Machinery,0.5015575765721368
paises_interes,2020,8442,9554524,0.09738544014627604,DOM,8442,5.7e-05,62278,0.10221,0.854,1.059,0.743,-0.147,Machinery for making printing components,84,Industrial Machinery,7,Machinery,0.2642345611612447
paises_interes,2020,8443,2205794340,0.30727737554926493,DOM,8443,2.9e-05,1195517,0.052535,0.896,1.308,1.584,-0.147,Printers and copiers,84,Industrial Machinery,7,Machinery,0.24035626427729592
paises_interes,2020,8444,2090873,0.06340508216384638,DOM,8444,0.000162,135078,0.287936,0.905,1.175,2.334,-0.147,"Machines to extrude, cut manmade textile fibres",84,Industrial Machinery,7,Machinery,0.7119516131420365
paises_interes,2020,8445,1229917,0.01756420829700653,DOM,8445,6.6e-05,183690,0.117571,0.879,1.141,0.31,-0.147,Machines for preparing textile fibers,84,Industrial Machinery,7,Machinery,0.5828025477707006
paises_interes,2020,8446,1478066,0.06730425263740747,DOM,8446,5e-05,71699,0.088456,0.895,1.155,0.917,-0.147,Looms,84,Industrial Machinery,7,Machinery,0.0
paises_interes,2020,8447,28521410,0.23641584572311058,DOM,8447,9e-05,166707,0.169229,0.867,0.763,0.115,-0.147,Knitting machines,84,Industrial Machinery,7,Machinery,0.0
paises_interes,2020,8448,19909158,0.10559010216876392,DOM,8448,2.7e-05,100177,0.048348,0.875,1.287,1.428,-0.147,Auxiliary machinery for use with knitting and textile machines,84,Industrial Machinery,7,Machinery,0.3320422851552752
paises_interes,2020,8450,549172962,0.3936764402079932,DOM,8450,1.2e-05,153014,0.02041,0.85,0.578,0.34,-0.147,Household- or laundry-type washing machines,84,Industrial Machinery,7,Machinery,0.3096710104957716
paises_interes,2020,8451,172736503,0.10017660999779247,DOM,8451,4.4e-05,358005,0.079221,0.878,1.244,1.411,-0.147,Machinery for processing fabrics,84,Industrial Machinery,7,Machinery,0.06640410050138965
paises_interes,2020,8452,241278699,0.5642236003807183,DOM,8452,0.001069,4693205,2.084716,0.809,0.0,0.546,-0.147,Sewing machines,84,Industrial Machinery,7,Machinery,0.10095169505700262
paises_interes,2020,8453,5776638,0.15887477377765538,DOM,8453,0.000746,667807,1.45402,0.808,0.0,0.255,-0.147,Machinery for preparing leather,84,Industrial Machinery,7,Machinery,0.5251622100397271
paises_interes,2020,8454,27519470,0.08523255059107682,DOM,8454,0.0,0,0.0,0.88,1.213,1.232,-0.147,Machines used in metallurgy,84,Industrial Machinery,7,Machinery,
paises_interes,2020,8455,50911329,0.08730757540133234,DOM,8455,1.8e-05,79188,0.032123,0.886,1.268,1.155,-0.147,Metal-rolling mills,84,Industrial Machinery,7,Machinery,0.0
paises_interes,2020,8456,94008292,0.1443921465698243,DOM,8456,2.4e-05,130253,0.043802,0.894,1.545,2.125,-0.147,Machines for working materials by laser and similar means,84,Industrial Machinery,7,Machinery,0.9915472196417741
paises_interes,2020,8457,7788995,0.007863634717741198,DOM,8457,0.0,0,0.0,0.901,1.36,2.011,-0.147,Machining centers for working metal,84,Industrial Machinery,7,Machinery,
paises_interes,2020,8458,20972539,0.026813151918034808,DOM,8458,2e-06,7268,0.002968,0.888,1.373,1.377,-0.147,Lathes for removing metal,84,Industrial Machinery,7,Machinery,0.0
paises_interes,2020,8459,37727589,0.11317106137760853,DOM,8459,1.3e-05,33531,0.025624,0.87,1.237,1.303,-0.147,Machine tools for drilling by removing metal,84,Industrial Machinery,7,Machinery,0.3771435388148281
paises_interes,2020,8460,37321694,0.10414864147221856,DOM,8460,3.6e-05,120056,0.067215,0.886,1.302,1.386,-0.147,Machines with grinding stones for finishing metal,84,Industrial Machinery,7,Machinery,0.014418271473312453
paises_interes,2020,8461,30299818,0.12937281403730277,DOM,8461,1e-06,1632,0.001609,0.894,1.359,1.712,-0.147,Other machine tools for planing and cutting metals,84,Industrial Machinery,7,Machinery,0.0
paises_interes,2020,8462,84445521,0.0755438496962324,DOM,8462,3.5e-05,273258,0.064285,0.885,1.318,1.472,-0.147,Machine tools for molding and forging metals,84,Industrial Machinery,7,Machinery,0.049919855960301254
paises_interes,2020,8463,9455435,0.05045413866023846,DOM,8463,0.000215,310282,0.402613,0.864,1.086,0.87,-0.147,"Other machine tools for working metal, without removal",84,Industrial Machinery,7,Machinery,0.05476630935729433
paises_interes,2020,8464,71379490,0.24821862827348262,DOM,8464,4.1e-05,94024,0.07482,0.876,1.33,0.952,-0.147,Machine tools for working stone,84,Industrial Machinery,7,Machinery,0.0
paises_interes,2020,8465,363713149,0.2671370762637705,DOM,8465,3e-06,19184,0.004876,0.884,1.109,1.162,-0.147,Machine tools for working wood,84,Industrial Machinery,7,Machinery,0.25041701417848206
paises_interes,2020,8466,228698579,0.10836910874772111,DOM,8466,2e-05,295519,0.036847,0.877,1.404,1.525,-0.147,Parts and accessories for metal working machines,84,Industrial Machinery,7,Machinery,0.4915419989916046
paises_interes,2020,8467,458879950,0.2880960874790404,DOM,8467,3.9e-05,313496,0.07858,0.894,1.127,1.474,-0.147,"Tools for hand working, pneumatic, hydraulic motors",84,Industrial Machinery,7,Machinery,0.7739205603899252
paises_interes,2020,8468,31071350,0.2293498699387342,DOM,8468,8e-06,6457,0.013921,0.87,1.171,0.769,-0.147,Machinery for soldering,84,Industrial Machinery,7,Machinery,0.0
paises_interes,2020,8470,298994263,0.3904317091725941,DOM,8470,1.2e-05,50565,0.023339,0.863,0.625,0.663,-0.147,"Cash registers, calculators, etc.",84,Industrial Machinery,7,Machinery,0.19630178977553644
paises_interes,2020,8471,49486372954,0.5453206971132064,DOM,8471,5.1e-05,14300703,0.095222,0.874,0.64,1.099,-0.147,Computers,84,Industrial Machinery,7,Machinery,0.9226410757569051
paises_interes,2020,8472,281114295,0.2956825577672885,DOM,8472,4.6e-05,182207,0.083312,0.887,1.261,0.917,-0.147,Other office machines,84,Industrial Machinery,7,Machinery,0.1626831021859753
paises_interes,2020,8473,17006560898,0.441844732865295,DOM,8473,7e-06,1406881,0.013005,0.884,1.099,1.384,-0.147,Parts and accessories for office machines,84,Industrial Machinery,7,Machinery,0.6520579921116285
paises_interes,2020,8474,189887815,0.14181521478480322,DOM,8474,5.2e-05,743897,0.092998,0.844,0.649,0.205,-0.147,Machinery for working minerals,84,Industrial Machinery,7,Machinery,0.5052379563299758
paises_interes,2020,8475,29187145,0.03907633361919149,DOM,8475,1e-06,3954,0.001597,0.894,1.429,1.938,-0.147,Machines for assembling electric lamps,84,Industrial Machinery,7,Machinery,0.6886697015680324
paises_interes,2020,8476,30687899,0.19085065728951348,DOM,8476,8e-06,10588,0.015531,0.849,0.869,0.701,-0.147,Automatic goods-vending machines,84,Industrial Machinery,7,Machinery,0.64072534945221
paises_interes,2020,8477,528312250,0.1473365256310201,DOM,8477,2.9e-05,708511,0.054572,0.886,1.445,1.741,-0.147,Machinery for working rubber or plastics,84,Industrial Machinery,7,Machinery,0.14221938685496768
paises_interes,2020,8478,6705889,0.10023310936158808,DOM,8478,0.003017,3904927,5.335458,0.838,0.0,0.21,-0.147,Machinery for preparing tobacco,84,Industrial Machinery,7,Machinery,0.8621718152477627
paises_interes,2020,8479,1801614538,0.12143142066909479,DOM,8479,1.4e-05,1637680,0.025469,0.897,1.707,2.212,-0.147,Machines n.e.c.,84,Industrial Machinery,7,Machinery,0.15988898930193932
paises_interes,2020,8480,528092894,0.20764975695845656,DOM,8480,0.000122,2028797,0.223704,0.878,1.247,1.675,-0.147,Molding boxes for metal foundry,84,Industrial Machinery,7,Machinery,0.7729452478488483
paises_interes,2020,8481,3736592789,0.3118894269921082,DOM,8481,0.000489,39781963,0.879044,0.885,1.548,1.615,-0.147,Appliances for thermostatically controlled valves,84,Industrial Machinery,7,Machinery,0.9392869326232092
paises_interes,2020,8482,615593592,0.2258716575413873,DOM,8482,1e-05,252331,0.017197,0.883,1.465,1.338,-0.147,Ball or roller bearings,84,Industrial Machinery,7,Machinery,0.12259690644431322
paises_interes,2020,8483,1418053732,0.1829874408909328,DOM,8483,1.6e-05,807394,0.029678,0.887,1.526,1.554,-0.147,Transmission shafts,84,Industrial Machinery,7,Machinery,0.5552481192577602
paises_interes,2020,8484,46946634,0.11034760606022015,DOM,8484,5.3e-05,185007,0.096684,0.874,1.236,1.116,-0.147,Gaskets and similar joints of metal sheeting,84,Industrial Machinery,7,Machinery,0.936018637132649
paises_interes,2020,8485,70309815,0.06627013539499328,DOM,8485,4.9e-05,507330,0.089603,0.881,1.576,1.727,-0.147,"Machinery parts, not containing electrical features, n.e.c.",84,Industrial Machinery,7,Machinery,0.7465673230441724
paises_interes,2020,8501,2008010862,0.22778099375715147,DOM,8501,1.6e-05,770094,0.027985,0.854,1.075,0.858,-0.147,Electric motors and generators,85,Electrical machinery and equipment,8,Electronics,0.42799060893864904
paises_interes,2020,8502,999227953,0.3704051276377842,DOM,8502,7.9e-05,1631929,0.140335,0.867,1.007,0.308,-0.147,Electric generating sets and rotary converters,85,Electrical machinery and equipment,8,Electronics,0.5720726820835955
paises_interes,2020,8503,728937819,0.22095122201495526,DOM,8503,9e-06,165262,0.01711,0.839,0.857,0.66,-0.147,Parts for use with electric generators,85,Electrical machinery and equipment,8,Electronics,0.5058150088949668
paises_interes,2020,8504,5030796804,0.31932186586063005,DOM,8504,0.000247,22659457,0.458065,0.858,1.008,1.02,-0.147,Electrical transformers,85,Electrical machinery and equipment,8,Electronics,0.7200720211433134
paises_interes,2020,8505,368074074,0.4051927176656199,DOM,8505,2.3e-05,177875,0.041047,0.891,1.189,1.458,-0.147,Electromagnets,85,Electrical machinery and equipment,8,Electronics,0.6443345045678145
paises_interes,2020,8506,564204895,0.5396029730645502,DOM,8506,9.2e-05,699272,0.167314,0.867,1.118,0.807,-0.147,Primary cells and primary batteries,85,Electrical machinery and equipment,8,Electronics,0.42903190746948255
paises_interes,2020,8507,3337759429,0.35198268923917114,DOM,8507,1.3e-05,837842,0.023566,0.874,0.979,1.213,-0.147,Batteries,85,Electrical machinery and equipment,8,Electronics,0.025342487008290344
paises_interes,2020,8508,3882442573,0.7644427229287537,DOM,8508,2e-06,30766,0.002939,0.889,1.203,1.037,-0.147,Vacuum cleaners,85,Electrical machinery and equipment,8,Electronics,0.0
paises_interes,2020,8509,5998949762,0.8917061030201483,DOM,8509,2e-06,69041,0.004317,0.867,0.906,0.753,-0.147,Electromechanical domestic appliances,85,Electrical machinery and equipment,8,Electronics,0.03579032748656595
paises_interes,2020,8510,464652913,0.7237527045736148,DOM,8510,5e-06,23651,0.008973,0.878,0.992,0.925,-0.147,Electric shavers and hair clippers,85,Electrical machinery and equipment,8,Electronics,0.946048792862881
paises_interes,2020,8511,483588051,0.13333165866911384,DOM,8511,0.000532,8759266,0.94404,0.856,1.081,0.883,-0.147,Electrical ignition equipment,85,Electrical machinery and equipment,8,Electronics,0.9505851289366026
paises_interes,2020,8512,1128723526,0.18929628706104204,DOM,8512,1.9e-05,542402,0.036186,0.863,1.187,0.969,-0.147,Electrical lighting equipment used for motor vehicles,85,Electrical machinery and equipment,8,Electronics,0.19072385426307426
paises_interes,2020,8513,688437708,0.9521047204167418,DOM,8513,3e-06,10275,0.00542,0.887,0.001,0.827,-0.147,Portable electric lamps,85,Electrical machinery and equipment,8,Electronics,0.4862287104622871
paises_interes,2020,8514,50851723,0.10982718898316282,DOM,8514,5e-06,24866,0.00959,0.895,1.539,1.868,-0.147,Industrial electric furnaces,85,Electrical machinery and equipment,8,Electronics,0.9217405292367088
paises_interes,2020,8515,226370768,0.12967076557103632,DOM,8515,1.4e-05,149730,0.025856,0.897,1.659,1.945,-0.147,Electric soldering machines,85,Electrical machinery and equipment,8,Electronics,0.37037333867628397
paises_interes,2020,8516,8114753240,0.7334542157109138,DOM,8516,4e-06,215032,0.007228,0.848,0.637,0.571,-0.147,Electric heaters,85,Electrical machinery and equipment,8,Electronics,0.6183777298262584
paises_interes,2020,8517,3208766419,0.23318790689021282,DOM,8517,0.000471,56324885,0.894852,0.886,0.711,0.728,-0.147,Telephones,85,Electrical machinery and equipment,8,Electronics,0.7381680761531959
paises_interes,2020,8518,5353307632,0.6897226073673656,DOM,8518,3.8e-05,1497493,0.069064,0.878,0.773,0.827,-0.147,Microphones,85,Electrical machinery and equipment,8,Electronics,0.5464960437210725
paises_interes,2020,8519,136091673,0.6054259825876396,DOM,8519,3e-06,4410,0.00609,0.879,1.04,0.902,-0.147,Sound reproducing apparatus,85,Electrical machinery and equipment,8,Electronics,0.0
paises_interes,2020,8520,162141811,0.7252858746937849,DOM,8520,0.0,0,0.0,0.886,1.069,0.882,-0.147,Magnetic tape recorders,85,Electrical machinery and equipment,8,Electronics,
paises_interes,2020,8521,3444149876,0.436531400142079,DOM,8521,1.1e-05,378896,0.01999,0.872,0.854,0.688,-0.147,Video recording apparatus,85,Electrical machinery and equipment,8,Electronics,0.5971374730796841
paises_interes,2020,8522,42702156,0.34512952069062186,DOM,8522,2.6e-05,44049,0.050101,0.877,0.735,1.009,-0.147,Parts and accessories for video or sound equipment,85,Electrical machinery and equipment,8,Electronics,0.5414424845058912
paises_interes,2020,8523,1176047522,0.15040377412195005,DOM,8523,1.9e-05,938563,0.042227,0.891,1.008,2.085,-0.147,Sound storage media,85,Electrical machinery and equipment,8,Electronics,0.159771906627472
paises_interes,2020,8524,950973,0.0028510673030633427,DOM,8524,7e-06,9814,0.012292,0.859,1.096,1.076,-0.147,"Tapes, cassettes, records and compact disks",85,Electrical machinery and equipment,8,Electronics,1.0
paises_interes,2020,8525,59448279393,0.8020628154146182,DOM,8525,0.000319,118537965,0.60204,0.876,0.913,0.933,-0.147,"Transmission apparatus for radio, telephone and TV",85,Electrical machinery and equipment,8,Electronics,0.8813710527255972
paises_interes,2020,8526,637525488,0.1946827022766073,DOM,8526,0.0,6710,0.00074,0.871,1.351,1.246,-0.147,Radar,85,Electrical machinery and equipment,8,Electronics,0.6073025335320418
paises_interes,2020,8527,791378537,0.326626968482997,DOM,8527,2.2e-05,251874,0.039581,0.87,0.636,0.629,-0.147,Reception apparatus for radio broadcasting,85,Electrical machinery and equipment,8,Electronics,0.8493810397262123
paises_interes,2020,8528,6944758794,0.3208651224116685,DOM,8528,1.2e-05,892362,0.022003,0.848,0.568,0.339,-0.147,Monitors and projectors,85,Electrical machinery and equipment,8,Electronics,0.8133717034118441
paises_interes,2020,8529,1329145050,0.3403304606305532,DOM,8529,3e-06,143408,0.005831,0.878,0.783,0.644,-0.147,"Parts of radios, telephones, and T.V.s",85,Electrical machinery and equipment,8,Electronics,0.735084514113578
paises_interes,2020,8530,35901867,0.12855324534589838,DOM,8530,2.3e-05,53475,0.041912,0.859,1.091,0.944,-0.147,Electric signal and traffic controls,85,Electrical machinery and equipment,8,Electronics,0.0
paises_interes,2020,8531,925758758,0.36522040519045124,DOM,8531,0.001669,23636810,3.131918,0.819,0.0,0.689,-0.147,Electric sound or visual signaling apparatus,85,Electrical machinery and equipment,8,Electronics,0.9838481588674614
paises_interes,2020,8532,267659690,0.13984194003425632,DOM,8532,0.00071,19770823,1.397257,0.835,0.0,0.97,-0.147,Electrical capacitors,85,Electrical machinery and equipment,8,Electronics,0.7168484589639996
paises_interes,2020,8533,127699610,0.1561935063898659,DOM,8533,5.3e-05,520137,0.106099,0.86,1.12,1.081,-0.147,Electrical resistors,85,Electrical machinery and equipment,8,Electronics,0.6703060924333397
paises_interes,2020,8534,624412087,0.2788390404743457,DOM,8534,1e-06,31656,0.001755,0.879,0.926,1.182,-0.147,Electronic printed circuits,85,Electrical machinery and equipment,8,Electronics,0.910253980288097
paises_interes,2020,8535,63080960,0.06537084812076688,DOM,8535,0.00329,24489592,5.847424,0.84,0.0,0.511,-0.147,Electrical apparatus for > 1k volts,85,Electrical machinery and equipment,8,Electronics,0.9436129438171121
paises_interes,2020,8536,2703352013,0.24513688521889673,DOM,8536,0.009004,790676556,16.507444,0.832,0.0,0.765,-0.147,Electrical apparatus for < 1k volts,85,Electrical machinery and equipment,8,Electronics,0.9471912279640172
paises_interes,2020,8537,2140598755,0.18800127470207972,DOM,8537,4.6e-05,2783756,0.082303,0.865,1.045,1.03,-0.147,Electrical boards,85,Electrical machinery and equipment,8,Electronics,0.11654721175275419
paises_interes,2020,8538,724667779,0.18975385527980687,DOM,8538,0.000233,7345946,0.421607,0.854,1.127,1.016,-0.147,Parts for electrical apparatus,85,Electrical machinery and equipment,8,Electronics,0.5231833993879073
paises_interes,2020,8539,813906803,0.5858840776717888,DOM,8539,1.1e-05,82922,0.020086,0.885,1.182,0.914,-0.147,Electrical filament,85,Electrical machinery and equipment,8,Electronics,0.14967077494512915
paises_interes,2020,8540,8713241,0.031928715619188,DOM,8540,1.8e-05,28998,0.032689,0.891,1.133,1.057,-0.147,"Thermionic, cold cathode or photocathode tubes",85,Electrical machinery and equipment,8,Electronics,0.8516449410304159
paises_interes,2020,8541,6127550889,0.5370416797743991,DOM,8541,0.000118,11743497,0.223914,0.878,0.904,1.147,-0.147,Semiconductor devices,85,Electrical machinery and equipment,8,Electronics,0.7769307558046806
paises_interes,2020,8542,4047603184,0.21535568199406604,DOM,8542,5e-06,3487085,0.012522,0.885,1.145,1.371,-0.147,Electronic integrated circuits,85,Electrical machinery and equipment,8,Electronics,0.9293401221937521
paises_interes,2020,8543,7420309194,0.5978917153516989,DOM,8543,2.9e-05,1576577,0.053513,0.888,1.142,1.785,-0.147,Electrical machines with individual functions n.e.c.,85,Electrical machinery and equipment,8,Electronics,0.19061802880544368
paises_interes,2020,8544,4815133644,0.2377315687065158,DOM,8544,0.00019,21107056,0.340013,0.776,0.089,-0.445,-0.147,Insulated electrical wire,85,Electrical machinery and equipment,8,Electronics,0.413420422061703
paises_interes,2020,8545,44119066,0.1085181117537368,DOM,8545,0.012449,71129740,22.192364,0.847,0.0,0.684,-0.147,Carbon articles for eletrical purposes,85,Electrical machinery and equipment,8,Electronics,0.9996789106778684
paises_interes,2020,8546,94434333,0.32361311823178696,DOM,8546,0.0,0,0.0,0.861,0.97,0.716,-0.147,Electrical insulators of any material,85,Electrical machinery and equipment,8,Electronics,
paises_interes,2020,8547,130554724,0.2836580215139361,DOM,8547,2e-06,10489,0.003214,0.875,1.329,1.112,-0.147,Insulating fittings for electrical machines,85,Electrical machinery and equipment,8,Electronics,0.3974640099151492
paises_interes,2020,8548,124671085,0.2552568521065317,DOM,8548,2.3e-05,114119,0.043516,0.865,0.766,0.606,-0.147,Waste and scrap of batteries,85,Electrical machinery and equipment,8,Electronics,0.09430506751724077
paises_interes,2020,8604,8756,0.0009713361540834668,DOM,8604,0.0,0,0.0,0.888,1.243,1.364,-0.147,Railway service vehicles,86,Trains,6,Vehicles,
paises_interes,2020,8605,34695,0.0007493375668008145,DOM,8605,0.0,0,0.0,0.881,1.106,1.035,-0.147,"Railway coaches, not self-propelled",86,Trains,6,Vehicles,
paises_interes,2020,8606,5382,1.2104963229251162e-05,DOM,8606,0.0,0,0.0,0.859,0.627,0.387,-0.147,"Railway cars, not self-propelled",86,Trains,6,Vehicles,
paises_interes,2020,8607,157881511,0.20226764871957112,DOM,8607,8e-06,89265,0.01434,0.854,0.902,0.669,-0.147,Parts of railway locomotives,86,Trains,6,Vehicles,0.6909202935080939
paises_interes,2020,8608,9018364,0.23279777035305566,DOM,8608,0.0,0,0.0,0.848,1.013,0.843,-0.147,Railway track fixtures,86,Trains,6,Vehicles,
paises_interes,2020,8609,2281633680,0.9115734128378966,DOM,8609,9e-06,82054,0.013414,0.839,0.001,-0.789,-0.147,Containers for multimodal transportation,86,Trains,6,Vehicles,0.17266678041289882
paises_interes,2020,8701,61251615,0.006616340652090369,DOM,8701,1e-06,36188,0.001485,0.869,1.228,1.285,-0.147,Tractors,87,Vehicles,6,Vehicles,0.311180501823809
paises_interes,2020,8702,4787157,0.006803644906425002,DOM,8702,1e-06,7930,0.001067,0.834,0.432,-0.107,-0.147,Buses,87,Vehicles,6,Vehicles,0.0
paises_interes,2020,8703,1318864514,0.009536174211681724,DOM,8703,2e-06,1275729,0.003752,0.868,1.102,1.018,-0.147,Cars,87,Vehicles,6,Vehicles,0.43101238585937923
paises_interes,2020,8704,3349520,0.0001299907622192432,DOM,8704,4e-06,458345,0.007645,0.872,1.015,0.762,-0.147,Motor vehicles for transporting goods,87,Vehicles,6,Vehicles,0.21628903991534762
paises_interes,2020,8705,1305985,0.0016076096973169638,DOM,8705,5e-06,50263,0.008259,0.828,0.436,-0.266,-0.147,Special purpose motor vehicles,87,Vehicles,6,Vehicles,0.3562262499253924
paises_interes,2020,8706,42877,0.0010263235707127173,DOM,8706,0.0,0,0.0,0.86,0.768,0.468,-0.147,Vehicle chassis fitted with engines,87,Vehicles,6,Vehicles,
paises_interes,2020,8707,2633867,0.004669758928914688,DOM,8707,1e-06,7663,0.002032,0.868,1.027,0.73,-0.147,Vehicle Bodies,87,Vehicles,6,Vehicles,0.20775153334203314
paises_interes,2020,8708,9198941877,0.15004923372951318,DOM,8708,2.7e-05,8445923,0.047271,0.861,1.271,1.248,-0.147,Parts of motor vehicles,87,Vehicles,6,Vehicles,0.7904768963676321
paises_interes,2020,8709,58198972,0.3372353641424295,DOM,8709,1e-05,14422,0.017967,0.874,1.211,0.775,-0.147,Work trucks,87,Vehicles,6,Vehicles,0.0
paises_interes,2020,8710,567510,0.0004397313189029643,DOM,8710,0.0,0,0.0,0.887,0.846,0.295,-0.147,Tanks and other armored fighting vehicles,87,Vehicles,6,Vehicles,
paises_interes,2020,8711,1236499229,0.4219063886691835,DOM,8711,1e-05,286099,0.018289,0.869,0.98,0.49,-0.147,Motorcycles,87,Vehicles,6,Vehicles,0.15049336068983113
paises_interes,2020,8712,1070088243,0.7004096557882675,DOM,8712,8e-06,76568,0.016892,0.839,0.62,-0.328,-0.147,Bicycles,87,Vehicles,6,Vehicles,0.06557569741928743
paises_interes,2020,8713,175629999,0.6307652489080027,DOM,8713,2e-06,2142,0.002847,0.876,0.851,1.0,-0.147,Wheelchairs,87,Vehicles,6,Vehicles,0.0
paises_interes,2020,8714,498025638,0.31516841483390146,DOM,8714,1.8e-05,383449,0.036982,0.868,0.933,0.826,-0.147,Parts of motorcycles or wheelchairs,87,Vehicles,6,Vehicles,0.07804166916591254
paises_interes,2020,8715,337174086,0.953249805684091,DOM,8715,1e-06,1739,0.001623,0.868,0.825,0.767,-0.147,Baby carriages,87,Vehicles,6,Vehicles,0.0
paises_interes,2020,8716,1133137841,0.3317346333627178,DOM,8716,3.3e-05,752760,0.059725,0.847,0.975,0.66,-0.147,Trailers and semi-trailers,87,Vehicles,6,Vehicles,0.06346777193262129
paises_interes,2020,8802,41468750,0.003526790539188794,DOM,8802,0.0,0,0.0,0.884,0.664,0.17,-0.147,Other aircraft and spacecraft,88,Aircraft,6,Vehicles,
paises_interes,2020,8803,704517942,0.044850017955424065,DOM,8803,3.1e-05,1912957,0.055371,0.866,0.958,0.375,-0.147,Parts of other aircraft,88,Aircraft,6,Vehicles,0.8427544372403561
paises_interes,2020,8805,391416,0.0006975008569741486,DOM,8805,0.0,0,0.0,0.885,0.505,-0.009,-0.147,Aircraft launching gear,88,Aircraft,6,Vehicles,
paises_interes,2020,8901,23520558,0.005852814227712897,DOM,8901,2e-06,139649,0.003969,0.858,0.654,-0.66,-0.147,Cargo ships and similar vessels,89,Ships,6,Vehicles,0.0
paises_interes,2020,8903,159994637,0.08262848174350321,DOM,8903,0.00013,2334102,0.278622,0.845,0.791,-0.019,-0.147,Pleasure or sport boats,89,Ships,6,Vehicles,0.2281331321424685
paises_interes,2020,8905,6459337,0.09707775435265208,DOM,8905,2e-06,35388,0.002795,0.853,0.253,-0.95,-0.147,"Special function vessels, n.e.c.",89,Ships,6,Vehicles,0.14397535887871596
paises_interes,2020,8906,770311,0.012720679920293024,DOM,8906,0.0,0,0.0,0.845,0.405,-0.072,-0.147,Other vessels,89,Ships,6,Vehicles,
paises_interes,2020,8907,25293643,0.285017131806452,DOM,8907,4.8e-05,62691,0.084764,0.833,0.443,-0.215,-0.147,Other floating structures,89,Ships,6,Vehicles,0.18626278094144294
paises_interes,2020,9001,306793907,0.11948511208485761,DOM,9001,1e-06,36580,0.00245,0.874,0.99,1.214,-0.147,Optical fibers,90,"Apparatuses (optical, medical, etc.)",7,Machinery,0.8583652268999453
paises_interes,2020,9002,222734679,0.18402387079116442,DOM,9002,2e-06,27563,0.004618,0.891,1.349,1.957,-0.147,Lenses and other optical elements,90,"Apparatuses (optical, medical, etc.)",7,Machinery,0.0
paises_interes,2020,9003,242549127,0.3568697040714972,DOM,9003,0.0,0,0.0,0.863,1.014,0.643,-0.147,"Frames for spectacles, goggles",90,"Apparatuses (optical, medical, etc.)",7,Machinery,
paises_interes,2020,9004,799091262,0.4100486061569372,DOM,9004,1e-05,84993,0.020009,0.87,0.827,0.574,-0.147,Glasses,90,"Apparatuses (optical, medical, etc.)",7,Machinery,0.04393302977892297
paises_interes,2020,9005,196928719,0.5577780816990544,DOM,9005,3e-06,4762,0.006274,0.863,1.023,0.761,-0.147,Binoculars and telescopes,90,"Apparatuses (optical, medical, etc.)",7,Machinery,0.4517009659806804
paises_interes,2020,9006,117993316,0.45382133983279227,DOM,9006,0.000114,329171,0.208412,0.872,0.74,0.468,-0.147,Photographic cameras,90,"Apparatuses (optical, medical, etc.)",7,Machinery,0.15278381145362138
paises_interes,2020,9007,17242147,0.263236952412609,DOM,9007,0.000472,220587,0.842848,0.853,0.901,0.447,-0.147,Cinematographic cameras and projectors,90,"Apparatuses (optical, medical, etc.)",7,Machinery,1.0
paises_interes,2020,9008,20764654,0.3926697946004914,DOM,9008,0.000167,48400,0.298445,0.878,1.078,0.826,-0.147,Still image projectors,90,"Apparatuses (optical, medical, etc.)",7,Machinery,0.8742561983471074
paises_interes,2020,9009,99260275,0.4016059703259487,DOM,9009,7.1e-05,100783,0.126291,0.854,0.605,0.654,-0.147,Electrostatic photo-copyers,90,"Apparatuses (optical, medical, etc.)",7,Machinery,0.0
paises_interes,2020,9010,107257728,0.02842823850379553,DOM,9010,0.0,2291,9.2e-05,0.908,1.177,2.676,-0.147,"Apparatus and equipment for photographic laboratories, n.e.c.",90,"Apparatuses (optical, medical, etc.)",7,Machinery,0.6294194674814492
paises_interes,2020,9011,442447063,0.10147828980547191,DOM,9011,0.001955,4665395,3.517708,0.854,0.0,1.104,-0.147,Optical microscopes,90,"Apparatuses (optical, medical, etc.)",7,Machinery,0.05383908943731406
paises_interes,2020,9012,16476909,0.011683423071350837,DOM,9012,2e-06,4529,0.003179,0.905,1.505,2.03,-0.147,"Microscopes, other than optical",90,"Apparatuses (optical, medical, etc.)",7,Machinery,0.5947106836026655
paises_interes,2020,9013,907032289,0.2797351848125883,DOM,9013,1e-06,36064,0.00151,0.897,1.005,1.369,-0.147,Liquid crystal devices,90,"Apparatuses (optical, medical, etc.)",7,Machinery,0.42346938775510207
paises_interes,2020,9014,54106392,0.036113112569431643,DOM,9014,1.3e-05,80807,0.023042,0.875,1.094,0.797,-0.147,Navigational instruments,90,"Apparatuses (optical, medical, etc.)",7,Machinery,0.4465719652500587
paises_interes,2020,9015,183747734,0.15693843020374978,DOM,9015,2.8e-05,224854,0.049639,0.85,0.71,-0.119,-0.147,Surveying instruments,90,"Apparatuses (optical, medical, etc.)",7,Machinery,0.10412979088653082
paises_interes,2020,9016,15624741,0.3743801150905482,DOM,9016,0.0,0,0.0,0.894,1.044,1.518,-0.147,Balances of a sensitivity < 50 milligram,90,"Apparatuses (optical, medical, etc.)",7,Machinery,
paises_interes,2020,9017,158726479,0.5226530764237429,DOM,9017,6.9e-05,144642,0.125098,0.9,1.638,1.785,-0.147,Drafting tables and machines,90,"Apparatuses (optical, medical, etc.)",7,Machinery,0.5274055945022884
paises_interes,2020,9018,2726146734,0.10078064280741754,DOM,9018,0.008859,1089642470,15.758389,0.84,0.0,0.975,-0.147,Medical instruments,90,"Apparatuses (optical, medical, etc.)",7,Machinery,0.7106939664346967
paises_interes,2020,9019,1678117578,0.3782752578473234,DOM,9019,0.00428,82041181,7.638358,0.835,0.0,0.818,-0.147,Therapy applicances,90,"Apparatuses (optical, medical, etc.)",7,Machinery,0.5387864418967835
paises_interes,2020,9020,18717570,0.06969525587331091,DOM,9020,7.9e-05,169558,0.144702,0.849,0.655,0.167,-0.147,Other breathing appliances and gas masks,90,"Apparatuses (optical, medical, etc.)",7,Machinery,0.011736396985102442
paises_interes,2020,9021,709674758,0.06748171762298964,DOM,9021,0.000527,27271249,0.935738,0.875,1.322,0.982,-0.147,Orthopedic appliances,90,"Apparatuses (optical, medical, etc.)",7,Machinery,0.6329457301501147
paises_interes,2020,9022,368312276,0.096354997169009,DOM,9022,3.6e-05,772482,0.063627,0.903,1.455,1.557,-0.147,X-ray machines,90,"Apparatuses (optical, medical, etc.)",7,Machinery,0.23588769705960785
paises_interes,2020,9023,137787041,0.2500085401913562,DOM,9023,0.000251,698772,0.450538,0.875,0.942,0.676,-0.147,Instruments designed for demonstrational purposes,90,"Apparatuses (optical, medical, etc.)",7,Machinery,0.6198556348693799
paises_interes,2020,9024,35423425,0.1140221783818256,DOM,9024,4.3e-05,90260,0.077694,0.891,1.307,1.427,-0.147,Machines for testing the mechanical properties of materials,90,"Apparatuses (optical, medical, etc.)",7,Machinery,0.9207287591754209
paises_interes,2020,9025,977806447,0.5845910830988486,DOM,9025,3.7e-05,303752,0.068585,0.882,1.138,0.821,-0.147,"Thermometers, hydrometers etc.",90,"Apparatuses (optical, medical, etc.)",7,Machinery,0.8532421185704127
paises_interes,2020,9026,443273319,0.14852383040063102,DOM,9026,3.3e-05,656071,0.058773,0.885,1.435,1.567,-0.147,Instruments for measuring properties of liquids or gases,90,"Apparatuses (optical, medical, etc.)",7,Machinery,0.5610185482973642
paises_interes,2020,9027,517882964,0.08244037112636206,DOM,9027,4e-05,1736092,0.071012,0.893,1.626,1.949,-0.147,Instruments for physical or chemical analysis,90,"Apparatuses (optical, medical, etc.)",7,Machinery,0.5366581955334164
paises_interes,2020,9028,211573051,0.15116551957719934,DOM,9028,9e-06,68459,0.015791,0.846,0.735,0.358,-0.147,"Gas, liquid or electricity meters",90,"Apparatuses (optical, medical, etc.)",7,Machinery,0.42142012007186785
paises_interes,2020,9029,112718352,0.08219185046350268,DOM,9029,1.1e-05,79669,0.019408,0.889,1.171,1.364,-0.147,Meters,90,"Apparatuses (optical, medical, etc.)",7,Machinery,0.9723104344224228
paises_interes,2020,9030,1178150290,0.3329472225099209,DOM,9030,2.9e-05,809529,0.054198,0.897,1.475,1.94,-0.147,Instruments for measuring electricity,90,"Apparatuses (optical, medical, etc.)",7,Machinery,0.6899542820578386
paises_interes,2020,9031,787372663,0.14621738332102072,DOM,9031,1.4e-05,583327,0.025649,0.881,1.496,1.475,-0.147,Measuring instruments,90,"Apparatuses (optical, medical, etc.)",7,Machinery,0.2637251490159036
paises_interes,2020,9032,712270220,0.11799748846945166,DOM,9032,1.1e-05,345034,0.020438,0.881,1.355,1.339,-0.147,Automatic regulating instruments,90,"Apparatuses (optical, medical, etc.)",7,Machinery,0.59263724734374
paises_interes,2020,9033,109577110,0.16836521839254112,DOM,9033,0.000524,1779815,0.964318,0.86,1.099,1.241,-0.147,Other parts for machines and appliances,90,"Apparatuses (optical, medical, etc.)",7,Machinery,0.015480260588881429
paises_interes,2020,9101,84692323,0.0795507667397281,DOM,9101,0.000173,1912325,0.32757,0.862,0.568,0.394,-0.147,Watches with precious metal,91,Clocks,7,Machinery,0.931180983515232
paises_interes,2020,9102,214246900,0.10277008376474464,DOM,9102,0.000111,2124263,0.209714,0.869,0.58,0.578,-0.147,Watches,91,Clocks,7,Machinery,0.923072143138585
paises_interes,2020,9103,1505248,0.025248728189552656,DOM,9103,0.0,0,0.0,0.853,0.003,0.489,-0.147,Clocks with watch movements,91,Clocks,7,Machinery,0.005449052164380632
paises_interes,2020,9104,142145,0.021147460035994346,DOM,9104,0.0,0,0.0,0.893,0.004,0.669,-0.147,Instrument panel clocks for vehicles,91,Clocks,7,Machinery,
paises_interes,2020,9105,184768281,0.8777159402241239,DOM,9105,5e-06,5547,0.008705,0.881,0.565,0.544,-0.147,Other clocks,91,Clocks,7,Machinery,0.0
paises_interes,2020,9106,18547991,0.4617408854674927,DOM,9106,0.000259,78943,0.496973,0.864,0.774,0.475,-0.147,Apparatus for measuring intervals of time,91,Clocks,7,Machinery,0.014618142203868614
paises_interes,2020,9107,15088428,0.16245012805181547,DOM,9107,0.000135,50491,0.248402,0.873,1.022,1.075,-0.147,Time switches,91,Clocks,7,Machinery,0.9787090768651839
paises_interes,2020,9108,4726020,0.1763045652579484,DOM,9108,0.0,0,0.0,0.911,0.892,1.718,-0.147,"Watch movements, complete",91,Clocks,7,Machinery,
paises_interes,2020,9109,6444444,0.041655663376292056,DOM,9109,0.0,0,0.0,0.87,0.003,0.077,-0.147,"Clock movements, complete",91,Clocks,7,Machinery,0.19960778873086282
paises_interes,2020,9113,22818222,0.31484802376628257,DOM,9113,4e-06,4776,0.007339,0.857,0.722,-0.143,-0.147,Watch straps,91,Clocks,7,Machinery,0.716499162479062
paises_interes,2020,9114,1261290,0.02261832753599226,DOM,9114,0.0,0,0.0,0.88,1.06,0.963,-0.147,Other clock or watch parts,91,Clocks,7,Machinery,
paises_interes,2020,9201,26899827,0.30579980224515796,DOM,9201,2.1e-05,16484,0.037442,0.884,1.018,0.918,-0.147,Pianos,92,Musical instruments,7,Machinery,0.7292526085901481
paises_interes,2020,9202,152911416,0.7055334009435179,DOM,9202,1.6e-05,15630,0.027633,0.885,0.793,0.147,-0.147,"Musical instruments, string",92,Musical instruments,7,Machinery,0.7354446577095329
paises_interes,2020,9205,71645439,0.430078201058229,DOM,9205,1e-05,6293,0.018199,0.891,1.208,0.844,-0.147,"Musical instruments, wind",92,Musical instruments,7,Machinery,0.0
paises_interes,2020,9206,44402526,0.4425044871289046,DOM,9206,0.000164,60498,0.307948,0.845,0.451,-0.815,-0.147,"Musical instruments, percussion",92,Musical instruments,7,Machinery,0.7637607854805117
paises_interes,2020,9207,344822852,0.7467509774074528,DOM,9207,2e-06,4335,0.00359,0.886,0.782,0.744,-0.147,"Musical instruments, electric",92,Musical instruments,7,Machinery,0.645444059976932
paises_interes,2020,9208,17423037,0.7808202399935967,DOM,9208,0.0,0,0.0,0.884,0.693,0.234,-0.147,"Other musical instruments, n.e.c.",92,Musical instruments,7,Machinery,
paises_interes,2020,9209,64271001,0.27959041507815496,DOM,9209,8e-06,10780,0.01553,0.872,1.467,1.047,-0.147,Parts of musical instruments,92,Musical instruments,7,Machinery,0.9010204081632653
paises_interes,2020,9301,1005912,0.019476698583494174,DOM,9301,4.5e-05,50392,0.079892,0.867,0.824,0.623,-0.147,"Military weapons, other than pistols and swords",93,Arms and ammunition,7,Machinery,1.0
paises_interes,2020,9302,0,0.0,DOM,9302,0.0,0,0.0,0.868,0.845,0.891,-0.147,Revolvers and pistols,93,Arms and ammunition,7,Machinery,
paises_interes,2020,9303,23078247,0.032092742845663366,DOM,9303,0.0,0,0.0,0.861,0.616,0.493,-0.147,Other firearms,93,Arms and ammunition,7,Machinery,
paises_interes,2020,9304,69138398,0.3102574076973819,DOM,9304,0.0,0,0.0,0.873,0.992,0.872,-0.147,"Other arms (air guns, truncheons, etc.)",93,Arms and ammunition,7,Machinery,
paises_interes,2020,9305,16033529,0.026643073023417157,DOM,9305,0.0,0,0.0,0.866,0.885,1.014,-0.147,Parts of military weapons,93,Arms and ammunition,7,Machinery,
paises_interes,2020,9306,10401620,0.013086962774659155,DOM,9306,0.0,0,0.0,0.853,0.573,0.391,-0.147,Munitions of war,93,Arms and ammunition,7,Machinery,
paises_interes,2020,9307,8748955,0.4652628868484837,DOM,9307,0.0,0,0.0,0.884,0.004,0.017,-0.147,Swords,93,Arms and ammunition,7,Machinery,
paises_interes,2020,9401,11623438669,0.584071408567413,DOM,9401,8e-05,5874055,0.141571,0.818,0.489,0.195,-0.147,Seats,94,Furniture,0,Textiles,0.4572502300370017
paises_interes,2020,9402,281973112,0.3487687994274392,DOM,9402,0.000526,2284668,0.955349,0.866,1.147,0.839,-0.147,"Medical, dental or veterinary furniture",94,Furniture,0,Textiles,0.12742945583340773
paises_interes,2020,9403,14965378183,0.6541871130896648,DOM,9403,5e-05,4360188,0.089588,0.821,0.494,0.333,-0.147,Other furniture and parts,94,Furniture,0,Textiles,0.3659615135861114
paises_interes,2020,9404,3713332915,0.7696465018711205,DOM,9404,0.000668,12113205,1.185276,0.772,0.0,-0.508,-0.147,Mattresses and bedding,94,Furniture,0,Textiles,0.5741700895840531
paises_interes,2020,9405,10182615795,0.7433805946597167,DOM,9405,1.2e-05,678250,0.021745,0.866,0.592,0.521,-0.147,Lamps,94,Furniture,0,Textiles,0.6133048286030225
paises_interes,2020,9406,136543732,0.2576681095988353,DOM,9406,1.8e-05,149287,0.032237,0.812,0.548,0.206,-0.147,Prefabricated buildings,94,Furniture,0,Textiles,0.0
paises_interes,2020,9503,9236176476,0.8609819386616148,DOM,9503,2.4e-05,1178727,0.043079,0.857,0.48,0.404,-0.147,Toys,95,Toys,7,Machinery,0.3713302571333311
paises_interes,2020,9504,5290393632,0.6968556598710639,DOM,9504,5e-06,136879,0.008952,0.871,0.843,0.724,-0.147,Games,95,Toys,7,Machinery,0.2144083460574668
paises_interes,2020,9505,3930693185,0.9524044732459274,DOM,9505,1.3e-05,121707,0.020157,0.867,0.001,-0.492,-0.147,Christmas and other festivity articles,95,Toys,7,Machinery,0.3193489281635403
paises_interes,2020,9506,6282120523,0.6998129745046426,DOM,9506,0.000144,4276164,0.275105,0.862,0.668,0.484,-0.147,Sports equipment,95,Toys,7,Machinery,0.9137257130456176
paises_interes,2020,9507,584556433,0.7278258639748261,DOM,9507,0.002434,8061654,4.367644,0.779,0.0,-0.616,-0.147,Fishing and hunting equipment,95,Toys,7,Machinery,0.9489479454216219
paises_interes,2020,9508,17955746,0.08498495999092774,DOM,9508,1.9e-05,23872,0.034932,0.856,0.914,0.798,-0.147,Fairground amusements,95,Toys,7,Machinery,0.7202999329758714
paises_interes,2020,9601,3433287,0.13010448794540388,DOM,9601,1e-05,1096,0.017473,0.83,0.013,-1.109,-0.147,Worked animal carving material,96,Miscellaneous manufactured articles,7,Machinery,1.0
paises_interes,2020,9602,62016131,0.30630658872743854,DOM,9602,0.000115,100700,0.205844,0.864,0.526,0.071,-0.147,Worked vegetable or mineral carving material,96,Miscellaneous manufactured articles,7,Machinery,0.0
paises_interes,2020,9603,1281516673,0.7183249184200764,DOM,9603,0.00597,58483039,10.620253,0.802,0.0,-0.161,-0.147,Brooms and mops,96,Miscellaneous manufactured articles,7,Machinery,0.7965019054498861
paises_interes,2020,9604,152846,0.11766037178109441,DOM,9604,8.8e-05,3224,0.136664,0.86,0.004,0.235,-0.147,Hand sieves and riddles,96,Miscellaneous manufactured articles,7,Machinery,0.0
paises_interes,2020,9605,62684878,0.9386944830054263,DOM,9605,4.9e-05,11726,0.086881,0.85,0.218,-0.808,-0.147,Travel sets,96,Miscellaneous manufactured articles,7,Machinery,0.0
paises_interes,2020,9606,6363421,0.20015053545297065,DOM,9606,0.00056,749830,1.195669,0.805,0.0,-0.171,-0.147,Buttons,96,Miscellaneous manufactured articles,7,Machinery,0.0056172732486030165
paises_interes,2020,9607,19472149,0.41619674789786665,DOM,9607,0.000344,833363,0.707015,0.86,0.68,0.303,-0.147,Slide fasteners,96,Miscellaneous manufactured articles,7,Machinery,0.15312774865214798
paises_interes,2020,9608,369008713,0.3634522012297691,DOM,9608,0.000108,568172,0.193481,0.874,1.047,0.39,-0.147,Pens,96,Miscellaneous manufactured articles,7,Machinery,0.014164724766443964
paises_interes,2020,9609,156177719,0.4982024161734599,DOM,9609,0.000276,386742,0.491218,0.853,0.525,-0.176,-0.147,"Pencils, crayons, pastels, etc.",96,Miscellaneous manufactured articles,7,Machinery,0.27084464578452816
paises_interes,2020,9610,179501196,0.949878871935813,DOM,9610,2.6e-05,17675,0.045535,0.866,0.76,0.468,-0.147,"Slates and boards, with writing or drawing surfaces",96,Miscellaneous manufactured articles,7,Machinery,0.2593493635077794
paises_interes,2020,9611,10860653,0.4082511620644253,DOM,9611,3.4e-05,7944,0.068606,0.869,1.012,1.012,-0.147,Hand-operated stamps,96,Miscellaneous manufactured articles,7,Machinery,0.13595166163141995
paises_interes,2020,9612,38454830,0.23863821109428146,DOM,9612,9.1e-05,117800,0.164227,0.858,0.962,0.936,-0.147,Typewriter ribbons and ink pads,96,Miscellaneous manufactured articles,7,Machinery,0.05573005093378608
paises_interes,2020,9613,134786394,0.4949071792890253,DOM,9613,4e-06,6915,0.00713,0.857,0.621,0.098,-0.147,Cigarette lighters,96,Miscellaneous manufactured articles,7,Machinery,0.3363702096890817
paises_interes,2020,9614,46225307,0.730039006487078,DOM,9614,6e-06,2924,0.011361,0.856,0.528,-0.446,-0.147,Smoking pipes,96,Miscellaneous manufactured articles,7,Machinery,0.0
paises_interes,2020,9615,275133456,0.8782424304516575,DOM,9615,1.2e-05,18381,0.019162,0.865,0.001,-0.119,-0.147,"Combs, hair-slides etc.",96,Miscellaneous manufactured articles,7,Machinery,0.0933028670910179
paises_interes,2020,9616,270818021,0.741015424670829,DOM,9616,0.0,0,0.0,0.873,0.548,0.303,-0.147,Scent sprays,96,Miscellaneous manufactured articles,7,Machinery,
paises_interes,2020,9617,1001866506,0.9604661651784923,DOM,9617,5e-06,14732,0.007097,0.889,0.001,0.409,-0.147,Vacuum vessels,96,Miscellaneous manufactured articles,7,Machinery,0.4698615259299484
paises_interes,2020,9618,35929411,0.6469399213075524,DOM,9618,3.1e-05,11115,0.05588,0.847,0.56,-0.305,-0.147,Mannequins,96,Miscellaneous manufactured articles,7,Machinery,0.14475933423301846
paises_interes,2020,9701,67949504,0.03223641210070948,DOM,9701,2.8e-05,342619,0.051577,0.877,0.963,0.567,-0.147,Paintings and drawings,97,Art,0,Textiles,0.21546674294186838
paises_interes,2020,9702,991779,0.010941691859678866,DOM,9702,7e-06,2677,0.012002,0.898,0.83,0.72,-0.147,Original engravings,97,Art,0,Textiles,1.0
paises_interes,2020,9703,1827917,0.003983861446514891,DOM,9703,2.8e-05,66892,0.04956,0.866,0.597,-0.421,-0.147,Sculptures,97,Art,0,Textiles,0.19157746815762722
paises_interes,2020,9704,103857,0.006881197132314415,DOM,9704,0.0,0,0.0,0.834,0.001,-0.382,-0.147,Postage or revenue stamps,97,Art,0,Textiles,
paises_interes,2020,9705,908172,0.002029121793901568,DOM,9705,5e-06,6124,0.009392,0.816,0.16,-0.71,-0.147,Collectors pieces,97,Art,0,Textiles,0.6291639451338994
paises_interes,2020,9706,14730832,0.03681137093151183,DOM,9706,4e-06,6910,0.006775,0.853,0.372,-0.885,-0.147,Antiques >100 years,97,Art,0,Textiles,1.0
paises_interes,2020,9999,5849033862,0.10553014787956183,DOM,9999,0.000491,220744196,0.765487,0.84,0.001,-0.008,-0.147,Commodities not specified according to kind,99,Other,9,Other,0.8287735728281617
paises_interes,2021,1001,11482,2.933143909765417e-05,DOM,1001,1e-06,79455,0.002607,0.837,0.258,-0.512,-0.036,Wheat and meslin,10,Cereals,1,Agriculture,0.3147567805676169
paises_interes,2021,1004,5663,1.5240833618211955e-05,DOM,1004,8.4e-05,81041,0.153479,0.859,0.415,-0.095,-0.036,Oats,10,Cereals,1,Agriculture,0.09797509902395084
paises_interes,2021,1005,960921,0.003927376519302382,DOM,1005,1e-05,482938,0.018175,0.827,-0.016,-1.225,-0.036,Corn,10,Cereals,1,Agriculture,0.01928197822494813
paises_interes,2021,1006,38413078,0.045334120540942956,DOM,1006,1e-05,256524,0.01777,0.792,-0.316,-1.625,-0.036,Rice,10,Cereals,1,Agriculture,0.038885250502876924
paises_interes,2021,1008,816601,0.007711307654678812,DOM,1008,0.0,0,0.0,0.788,-0.117,-1.413,-0.036,Other cereals,10,Cereals,1,Agriculture,
paises_interes,2021,1101,595946,0.00308830144545034,DOM,1101,0.006798,34635763,12.750123,0.733,-0.0,-1.444,-0.036,Wheat or meslin flour,11,"Flours, starches and malts",1,Agriculture,0.0013551022392663907
paises_interes,2021,1102,1992267,0.01110179689429067,DOM,1102,0.008984,9546651,16.586679,0.747,-0.0,-1.366,-0.036,Cereal flours,11,"Flours, starches and malts",1,Agriculture,0.011564579034050788
paises_interes,2021,1103,131839,0.0008722922098382049,DOM,1103,0.006196,8488272,11.576017,0.772,0.0,-0.952,-0.036,Cereal meals,11,"Flours, starches and malts",1,Agriculture,0.00016010325776553814
paises_interes,2021,1104,2580438,0.006473017605653756,DOM,1104,0.002896,6666060,5.304023,0.772,0.0,-0.833,-0.036,Worked cereal grains,11,"Flours, starches and malts",1,Agriculture,0.8380791652040336
paises_interes,2021,1105,437457,0.006501039079617989,DOM,1105,0.0,0,0.0,0.881,0.975,0.679,-0.036,Potato flour,11,"Flours, starches and malts",1,Agriculture,
paises_interes,2021,1106,17060000,0.13667710259636262,DOM,1106,0.000108,92928,0.204275,0.776,-0.113,-1.301,-0.036,Flour of dried legumes,11,"Flours, starches and malts",1,Agriculture,0.0
paises_interes,2021,1107,3242,1.1959281222261854e-05,DOM,1107,0.0,0,0.0,0.854,0.542,-0.048,-0.036,Malt,11,"Flours, starches and malts",1,Agriculture,
paises_interes,2021,1108,15203917,0.045132039081436405,DOM,1108,0.000138,795005,0.251528,0.826,0.246,-0.687,-0.036,Starches,11,"Flours, starches and malts",1,Agriculture,0.01005905623235074
paises_interes,2021,1109,5311667,0.014455067117462262,DOM,1109,0.0,0,0.0,0.861,0.691,-0.132,-0.036,Wheat gluten,11,"Flours, starches and malts",1,Agriculture,
paises_interes,2021,1201,1398170,0.003821029480123656,DOM,1201,1e-06,46370,0.001118,0.849,-0.204,-1.714,-0.036,Soya beans,12,Oil seeds and oleaginous fruits,1,Agriculture,0.0
paises_interes,2021,1202,24102,0.0024558172974638503,DOM,1202,0.0,0,0.0,0.789,-0.342,-2.153,-0.036,Peanuts,12,Oil seeds and oleaginous fruits,1,Agriculture,
paises_interes,2021,1204,33619,0.0002678861858777772,DOM,1204,0.0,0,0.0,0.873,0.041,-0.953,-0.036,Linseed,12,Oil seeds and oleaginous fruits,1,Agriculture,
paises_interes,2021,1206,935714,0.007978149559119404,DOM,1206,0.0,0,0.0,0.84,0.369,-0.493,-0.036,Sunflower seeds,12,Oil seeds and oleaginous fruits,1,Agriculture,
paises_interes,2021,1207,4400714,0.0151246317831315,DOM,1207,1e-06,3302,0.00118,0.758,-0.391,-2.266,-0.036,Other oil seeds,12,Oil seeds and oleaginous fruits,1,Agriculture,0.0
paises_interes,2021,1208,322336,0.012183835394545298,DOM,1208,0.000154,252459,0.281951,0.818,-0.084,-1.695,-0.036,Flours of oil seeds,12,Oil seeds and oleaginous fruits,1,Agriculture,0.9595062960718375
paises_interes,2021,1209,22237424,0.03839307461186536,DOM,1209,2.1e-05,176954,0.038817,0.804,0.015,-0.874,-0.036,Seeds used for sowing,12,Oil seeds and oleaginous fruits,1,Agriculture,0.17314104230477978
paises_interes,2021,1210,29266,0.00047714029114720365,DOM,1210,0.0,0,0.0,0.875,0.673,-0.007,-0.036,Hop cones,12,Oil seeds and oleaginous fruits,1,Agriculture,
paises_interes,2021,1211,49345431,0.11494117898981368,DOM,1211,0.000596,2158648,1.134491,0.746,-0.0,-1.642,-0.036,"Plants used in perfumery, pharmacy or insecticide",12,Oil seeds and oleaginous fruits,1,Agriculture,0.43630318606831686
paises_interes,2021,1212,79242095,0.703742523510631,DOM,1212,3.1e-05,45255,0.056416,0.767,-0.189,-1.737,-0.036,Seaweeds & edible vegetable products,12,Oil seeds and oleaginous fruits,1,Agriculture,0.8267152800795492
paises_interes,2021,1214,812153,0.006988076800947611,DOM,1214,4e-06,12504,0.0068,0.862,0.204,-1.03,-0.036,Forage products,12,Oil seeds and oleaginous fruits,1,Agriculture,0.0
paises_interes,2021,1301,2883864,0.027660468882020464,DOM,1301,5.9e-05,50295,0.124567,0.759,-0.449,-2.545,-0.036,Lac,13,Lac and other vegetable extracts,1,Agriculture,0.027577293965602944
paises_interes,2021,1302,454387241,0.32494877588283866,DOM,1302,0.000897,6798506,1.642786,0.788,0.0,-1.133,-0.036,Vegetable saps and extracts,13,Lac and other vegetable extracts,1,Agriculture,0.08344701026960924
paises_interes,2021,1401,12023445,0.7613446153974746,DOM,1401,0.000162,40152,0.29873,0.812,0.107,-0.86,-0.036,Vegetable materials used for plaiting,14,Other vegetable materials,1,Agriculture,0.16335425383542537
paises_interes,2021,1404,4223508,0.0552762562275976,DOM,1404,6.5e-05,74731,0.120643,0.772,-0.324,-1.707,-0.036,Vegetable products n.e.c.,14,Other vegetable materials,1,Agriculture,0.5993095234909208
paises_interes,2021,1501,0,0.0,DOM,1501,0.000238,280755,0.435573,0.868,1.134,0.889,-0.036,"Pig and poultry fat, rendered",15,"Animal or vegetable fats, oils or waxes",1,Agriculture,0.0
paises_interes,2021,1502,0,0.0,DOM,1502,0.0,0,0.0,0.856,0.115,-0.805,-0.036,"Bovine, sheep and goat fats",15,"Animal or vegetable fats, oils or waxes",1,Agriculture,
paises_interes,2021,1504,49201630,0.33005622730766715,DOM,1504,0.0,0,0.0,0.82,-0.008,-1.697,-0.036,Fish oils,15,"Animal or vegetable fats, oils or waxes",1,Agriculture,
paises_interes,2021,1505,3324522,0.1331714376735959,DOM,1505,0.0,0,0.0,0.875,0.727,-0.078,-0.036,Wool grease,15,"Animal or vegetable fats, oils or waxes",1,Agriculture,
paises_interes,2021,1506,1323388,0.06613813980821964,DOM,1506,0.0,0,0.0,0.868,0.683,0.102,-0.036,Other animal fats and oils,15,"Animal or vegetable fats, oils or waxes",1,Agriculture,
paises_interes,2021,1507,5533,2.686132565608521e-05,DOM,1507,0.002296,35425834,4.379554,0.777,-0.0,-1.08,-0.036,Soybean oil,15,"Animal or vegetable fats, oils or waxes",1,Agriculture,0.02341819249759935
paises_interes,2021,1509,72318,5.5703432240097954e-05,DOM,1509,2e-06,14133,0.003298,0.836,0.134,-0.931,-0.036,Olive oil,15,"Animal or vegetable fats, oils or waxes",1,Agriculture,1.0
paises_interes,2021,1511,1495287828,0.9419571491328796,DOM,1511,0.000199,9316400,0.366875,0.764,-0.251,-2.124,-0.036,Palm oil,15,"Animal or vegetable fats, oils or waxes",1,Agriculture,0.02850124511613928
paises_interes,2021,1512,85367,0.0003909338713514924,DOM,1512,0.0,0,0.0,0.812,0.031,-0.835,-0.036,Sunflower seed oil,15,"Animal or vegetable fats, oils or waxes",1,Agriculture,
paises_interes,2021,1513,600418165,0.6196267523269575,DOM,1513,2.4e-05,174861,0.044476,0.781,-0.131,-1.735,-0.036,Coconut & palm kernel oil,15,"Animal or vegetable fats, oils or waxes",1,Agriculture,0.657127661399626
paises_interes,2021,1514,78320,2.8035435192148982e-05,DOM,1514,5e-06,59417,0.009163,0.844,0.804,0.403,-0.036,"Rapeseed, colza or mustard oil,",15,"Animal or vegetable fats, oils or waxes",1,Agriculture,0.0
paises_interes,2021,1515,31904215,0.04532149504387989,DOM,1515,0.001957,10070555,3.602415,0.775,0.0,-1.398,-0.036,Other vegetable fats and oils,15,"Animal or vegetable fats, oils or waxes",1,Agriculture,0.012806742031596074
paises_interes,2021,1516,160171054,0.5773142337785392,DOM,1516,0.000389,2116462,0.711572,0.777,-0.144,-1.47,-0.036,"Vegetable fats, hydrogenated",15,"Animal or vegetable fats, oils or waxes",1,Agriculture,0.005635348047826986
paises_interes,2021,1517,68182269,0.22660894692144906,DOM,1517,0.000897,6943400,1.643703,0.762,-0.0,-0.959,-0.036,Margarine,15,"Animal or vegetable fats, oils or waxes",1,Agriculture,0.4138708701788749
paises_interes,2021,1518,208647,0.0016474349589998352,DOM,1518,3e-06,17898,0.005107,0.83,0.51,0.166,-0.036,"Animal or vegetable fats and oils, processed",15,"Animal or vegetable fats, oils or waxes",1,Agriculture,0.27712593585875517
paises_interes,2021,1519,530144034,0.6718417843114176,DOM,1519,1e-06,14179,0.001958,0.843,0.123,-1.156,-0.036,Stearic acid,15,"Animal or vegetable fats, oils or waxes",1,Agriculture,0.0
paises_interes,2021,1520,126749654,0.7244365974045472,DOM,1520,9e-06,26623,0.016573,0.836,0.369,-0.329,-0.036,Glycerol,15,"Animal or vegetable fats, oils or waxes",1,Agriculture,0.0
paises_interes,2021,1521,13238126,0.22128976873867956,DOM,1521,0.0,0,0.0,0.814,-0.235,-1.913,-0.036,Vegetable waxes and beeswax,15,"Animal or vegetable fats, oils or waxes",1,Agriculture,
paises_interes,2021,1601,0,0.0,DOM,1601,0.00053,3105693,0.970146,0.809,0.614,0.164,-0.036,Sausages,16,Preparations of meat or fish,1,Agriculture,0.043623436057588436
paises_interes,2021,1602,13402428,0.010656231930771885,DOM,1602,1.9e-05,317512,0.035205,0.812,0.445,0.05,-0.036,Other prepared or preserved meat,16,Preparations of meat or fish,1,Agriculture,0.025646274786464765
paises_interes,2021,1603,389943,0.01011852365559721,DOM,1603,0.0,0,0.0,0.858,0.407,-0.029,-0.036,Extracts and juices of meat or fish,16,Preparations of meat or fish,1,Agriculture,
paises_interes,2021,1604,924934827,0.40856607739851314,DOM,1604,3.4e-05,642631,0.06411,0.771,-0.072,-1.291,-0.036,Prepared or preserved fish,16,Preparations of meat or fish,1,Agriculture,0.028022302067594
paises_interes,2021,1605,2120671612,0.4683738206377552,DOM,1605,1.6e-05,323548,0.029799,0.777,-0.282,-1.534,-0.036,Prepared aquatic invertibrates,16,Preparations of meat or fish,1,Agriculture,0.19826115445003523
paises_interes,2021,1701,15515032,0.01023258995698106,DOM,1701,0.004341,111697967,8.021199,0.731,-0.0,-1.765,-0.036,Sugarcane & sucrose,17,Sugar and candy,1,Agriculture,0.9974093619805989
paises_interes,2021,1702,90602389,0.13017556328214477,DOM,1702,7.4e-05,558739,0.134856,0.837,0.474,0.034,-0.036,Other sugars,17,Sugar and candy,1,Agriculture,0.5855292005748659
paises_interes,2021,1703,35058,0.0002556419108002677,DOM,1703,0.018563,20557957,34.937843,0.742,-0.0,-1.475,-0.036,Molasses,17,Sugar and candy,1,Agriculture,0.6145077548318639
paises_interes,2021,1704,218443717,0.09237462383977614,DOM,1704,0.000433,5289900,0.796845,0.775,0.103,-0.651,-0.036,Confectionery sugar,17,Sugar and candy,1,Agriculture,0.1179105465131666
paises_interes,2021,1801,261500,0.00021917073127238946,DOM,1801,0.020129,173584727,36.959366,0.721,-0.0,-2.58,-0.036,Cocoa beans,18,Cocoa,1,Agriculture,0.2517202852760197
paises_interes,2021,1803,9394679,0.0256168658678496,DOM,1803,0.000316,1172748,0.57673,0.859,0.456,-0.445,-0.036,Cocoa paste,18,Cocoa,1,Agriculture,0.03230617319321798
paises_interes,2021,1804,286149707,0.5816218880872364,DOM,1804,0.001221,6149976,2.226007,0.805,0.0,-1.128,-0.036,Cocoa butter,18,Cocoa,1,Agriculture,0.23220009313857484
paises_interes,2021,1805,30672906,0.10015381508953877,DOM,1805,0.00022,604730,0.402191,0.841,0.343,-0.564,-0.036,Cocoa powder,18,Cocoa,1,Agriculture,0.2116068328014155
paises_interes,2021,1806,52583557,0.016791817948527334,DOM,1806,0.000194,5909642,0.354984,0.816,0.518,0.036,-0.036,Chocolates,18,Cocoa,1,Agriculture,0.6768154483807987
paises_interes,2021,1901,12874023,0.013008052154803785,DOM,1901,0.00022,4674882,0.405743,0.804,0.326,-0.07,-0.036,Malt extract,19,"Preparations of cereals, flour, starch or milk",1,Agriculture,0.1171944019121766
paises_interes,2021,1902,241122731,0.19282038748113484,DOM,1902,0.001034,12474232,1.915684,0.755,-0.0,-1.166,-0.036,Pasta,19,"Preparations of cereals, flour, starch or milk",1,Agriculture,0.03702608705690258
paises_interes,2021,1903,4258902,0.08361824367843607,DOM,1903,0.005988,1233741,10.038188,0.803,-0.0,-1.377,-0.036,Tapioca,19,"Preparations of cereals, flour, starch or milk",1,Agriculture,0.9509467546267815
paises_interes,2021,1904,28268619,0.03048284460850137,DOM,1904,0.000178,1231162,0.327598,0.78,0.186,-0.495,-0.036,Cereal foods,19,"Preparations of cereals, flour, starch or milk",1,Agriculture,0.14327927600104617
paises_interes,2021,1905,128033408,0.017997350248247754,DOM,1905,0.001397,56320586,2.57686,0.767,0.0,-0.395,-0.036,Bakery products,19,"Preparations of cereals, flour, starch or milk",1,Agriculture,0.3268326966626377
paises_interes,2021,2001,14868578,0.043056512209084394,DOM,2001,1.6e-05,34409,0.029338,0.771,0.033,-0.83,-0.036,Pickled fruits and vegetables,20,"Preparations of vegetables, fruit, or nuts",1,Agriculture,0.13694091662065158
paises_interes,2021,2002,458641,0.002526380343340752,DOM,2002,2.4e-05,118718,0.043657,0.793,-0.182,-1.631,-0.036,"Tomatoes, prepared or preserved",20,"Preparations of vegetables, fruit, or nuts",1,Agriculture,0.13858892501558315
paises_interes,2021,2003,9660695,0.07995588308735095,DOM,2003,2e-06,3830,0.00401,0.858,0.736,0.18,-0.036,"Mushrooms, prepared or preserved",20,"Preparations of vegetables, fruit, or nuts",1,Agriculture,0.0
paises_interes,2021,2004,31310858,0.020994745419386056,DOM,2004,3.6e-05,323958,0.06517,0.873,0.544,-0.027,-0.036,"Other vegetables, frozen",20,"Preparations of vegetables, fruit, or nuts",1,Agriculture,0.5018953074163934
paises_interes,2021,2005,201305944,0.1251772465713399,DOM,2005,0.001848,21730209,3.387877,0.758,0.0,-0.893,-0.036,"Other vegetables, prepared or preserved",20,"Preparations of vegetables, fruit, or nuts",1,Agriculture,0.5664283762756263
paises_interes,2021,2006,6449231,0.04486721668374549,DOM,2006,2e-05,16316,0.037403,0.815,0.321,-0.667,-0.036,"Vegetables, fruits and nuts, preserved by sugar",20,"Preparations of vegetables, fruit, or nuts",1,Agriculture,0.07777641578818338
paises_interes,2021,2007,17819960,0.04111637522132375,DOM,2007,0.001404,5232528,2.59764,0.765,0.0,-0.729,-0.036,"Jams, jellies and marmalades",20,"Preparations of vegetables, fruit, or nuts",1,Agriculture,0.8160195224946718
paises_interes,2021,2008,685262212,0.2018731251489145,DOM,2008,0.002551,47013672,4.726534,0.745,-0.0,-1.038,-0.036,"Fruits and nuts, otherwise prepared",20,"Preparations of vegetables, fruit, or nuts",1,Agriculture,0.7800339016275947
paises_interes,2021,2009,201633517,0.08163492773272311,DOM,2009,0.001677,23740712,3.085979,0.751,-0.0,-0.916,-0.036,Fruit juices,20,"Preparations of vegetables, fruit, or nuts",1,Agriculture,0.6553017449518784
paises_interes,2021,2101,79298453,0.07992067058560398,DOM,2101,3e-05,258014,0.054461,0.799,0.182,-0.447,-0.036,Coffee extracts,21,Miscellaneous edible preparations,1,Agriculture,0.8180684025735622
paises_interes,2021,2102,25174670,0.07608600964733683,DOM,2102,1.5e-05,39192,0.028102,0.798,0.181,-0.485,-0.036,Yeasts,21,Miscellaneous edible preparations,1,Agriculture,0.0
paises_interes,2021,2103,146649553,0.08032960232990978,DOM,2103,0.002923,46298268,5.395505,0.76,0.0,-0.852,-0.036,Sauces and seasonings,21,Miscellaneous edible preparations,1,Agriculture,0.2915203436983863
paises_interes,2021,2104,6664835,0.021528467212290455,DOM,2104,0.001076,3648516,1.980644,0.768,0.0,-0.637,-0.036,Soups and broths,21,Miscellaneous edible preparations,1,Agriculture,0.029062775111853695
paises_interes,2021,2105,808715,0.0032612777718692494,DOM,2105,0.000514,2464111,0.949442,0.795,0.428,-0.163,-0.036,Ice cream,21,Miscellaneous edible preparations,1,Agriculture,0.06811137972274788
paises_interes,2021,2106,553727243,0.08451937772369221,DOM,2106,0.000549,27691184,1.025851,0.779,0.0,0.188,-0.036,Food preparations n.e.c.,21,Miscellaneous edible preparations,1,Agriculture,0.6395402594558615
paises_interes,2021,2201,81050,0.00010998700516764954,DOM,2201,6e-05,241930,0.117459,0.804,0.376,-0.444,-0.036,Waters,22,Beverages,1,Agriculture,0.5499607324432687
paises_interes,2021,2202,58945570,0.017987136368330086,DOM,2202,0.001017,24806816,1.888278,0.763,0.0,-0.505,-0.036,"Waters, flavored or sweetened",22,Beverages,1,Agriculture,0.4359554648206364
paises_interes,2021,2203,13298068,0.002246558861070666,DOM,2203,0.001043,16451305,1.910666,0.78,0.0,-0.501,-0.036,Beer,22,Beverages,1,Agriculture,0.047696216196830586
paises_interes,2021,2204,148992,2.4021743741041656e-05,DOM,2204,0.000199,7419012,0.364094,0.825,0.103,-0.674,-0.036,Wine,22,Beverages,1,Agriculture,0.11476285521576188
paises_interes,2021,2205,0,0.0,DOM,2205,2.7e-05,16963,0.048519,0.839,0.277,-0.625,-0.036,"Wine, flavored",22,Beverages,1,Agriculture,0.0
paises_interes,2021,2206,2259714,0.0037071217112192227,DOM,2206,0.000419,829749,0.771214,0.812,0.426,-0.268,-0.036,Other fermented beverages,22,Beverages,1,Agriculture,0.021054559872925427
paises_interes,2021,2207,6988,1.574336640201012e-05,DOM,2207,0.000726,7458763,1.326033,0.785,0.0,-0.764,-0.036,Ethyl alcohol > 80%,22,Beverages,1,Agriculture,0.06941164372698261
paises_interes,2021,2208,13688952,0.0015490687077059008,DOM,2208,0.003577,118281486,6.680764,0.76,0.0,-0.7,-0.036,Spirits < 80% alcohol,22,Beverages,1,Agriculture,0.23036404868975013
paises_interes,2021,2209,2623210,0.01842505748817976,DOM,2209,0.001251,1033257,2.312173,0.812,0.0,-0.035,-0.036,Vinegars,22,Beverages,1,Agriculture,0.07410450642966851
paises_interes,2021,2301,387043,0.00202705368762798,DOM,2301,0.0,0,0.0,0.779,-0.25,-1.626,-0.036,"Flours of fish, for animal feed",23,Food residues and animal feed,1,Agriculture,
paises_interes,2021,2302,85393,0.0017993919748040873,DOM,2302,0.00032,828579,0.595028,0.774,-0.217,-1.975,-0.036,Cereal residues,23,Food residues and animal feed,1,Agriculture,0.0
paises_interes,2021,2303,2499512,0.024222202595177295,DOM,2303,0.0,0,0.0,0.857,0.506,-0.124,-0.036,Starch residues,23,Food residues and animal feed,1,Agriculture,
paises_interes,2021,2304,4660482,0.015939563317619518,DOM,2304,0.0,0,0.0,0.837,-0.023,-1.336,-0.036,Solid soybean residues,23,Food residues and animal feed,1,Agriculture,
paises_interes,2021,2306,2619793,0.002244130706001423,DOM,2306,0.0,991,0.0002,0.792,-0.065,-0.913,-0.036,Solid vegetable oil and fat residues,23,Food residues and animal feed,1,Agriculture,0.0
paises_interes,2021,2308,21306031,0.31242144110067444,DOM,2308,0.0,0,0.0,0.829,0.067,-0.713,-0.036,Vegetable materials for animal feeding,23,Food residues and animal feed,1,Agriculture,
paises_interes,2021,2309,584662230,0.23484104562923386,DOM,2309,0.000195,7366278,0.357991,0.791,0.362,-0.567,-0.036,Animal feed,23,Food residues and animal feed,1,Agriculture,0.08390329553133889
paises_interes,2021,2401,16100304,0.031868119874582275,DOM,2401,0.016596,134320654,30.276186,0.743,-0.0,-1.568,-0.036,Unmanufactured tobacco,24,Tobacco,1,Agriculture,0.47567696476522514
paises_interes,2021,2402,14967621,0.009056317140643337,DOM,2402,0.046252,1008682922,87.104851,0.746,-0.0,-1.064,-0.036,Cigars and cigarettes,24,Tobacco,1,Agriculture,0.9165026321323997
paises_interes,2021,2403,889980,0.006652641188551405,DOM,2403,0.003868,37795873,7.14011,0.78,0.0,-0.837,-0.036,Other manufactured tobacco,24,Tobacco,1,Agriculture,0.6711526679116527
paises_interes,2021,2501,3630323,0.00744176373508568,DOM,2501,0.00082,2734436,1.509064,0.759,-0.0,-1.067,-0.036,Salt,25,"Salt, sulphur, lime, cement, etc.",3,Minerals,0.11851511609706718
paises_interes,2021,2502,252945,0.1243664780605231,DOM,2502,0.0,0,0.0,0.88,0.002,0.127,-0.036,Unroasted iron pyrites,25,"Salt, sulphur, lime, cement, etc.",3,Minerals,
paises_interes,2021,2503,46198,0.00017235451103105804,DOM,2503,1e-06,5775,0.002308,0.842,-0.075,-1.524,-0.036,"Sulphur, crude",25,"Salt, sulphur, lime, cement, etc.",3,Minerals,0.0
paises_interes,2021,2504,28639821,0.4723331830070808,DOM,2504,0.0,0,0.0,0.864,0.483,-0.378,-0.036,Natural graphite,25,"Salt, sulphur, lime, cement, etc.",3,Minerals,
paises_interes,2021,2505,1145969,0.01629095778055654,DOM,2505,0.000542,1011624,1.021986,0.786,0.0,-0.713,-0.036,Natural sands,25,"Salt, sulphur, lime, cement, etc.",3,Minerals,0.007858651040307465
paises_interes,2021,2506,3764632,0.0463866229440585,DOM,2506,0.000457,411128,0.835361,0.829,0.165,-0.845,-0.036,Quartz,25,"Salt, sulphur, lime, cement, etc.",3,Minerals,0.9895458348738105
paises_interes,2021,2507,265175,0.009927179593844239,DOM,2507,5.1e-05,82477,0.094081,0.841,0.42,0.0,-0.036,Kaolin,25,"Salt, sulphur, lime, cement, etc.",3,Minerals,0.0
paises_interes,2021,2508,36094316,0.5942411174045467,DOM,2508,2e-05,49010,0.036736,0.829,0.182,-0.856,-0.036,Clays,25,"Salt, sulphur, lime, cement, etc.",3,Minerals,0.1687614772495409
paises_interes,2021,2510,333821,0.0019444512902402195,DOM,2510,0.0,0,0.0,0.82,-0.054,-1.301,-0.036,Natural calcium phosphates,25,"Salt, sulphur, lime, cement, etc.",3,Minerals,
paises_interes,2021,2511,55806684,0.34762617790748535,DOM,2511,0.0,0,0.0,0.827,0.048,-1.215,-0.036,Natural barium sulfate,25,"Salt, sulphur, lime, cement, etc.",3,Minerals,
paises_interes,2021,2512,134564,0.016452711963587965,DOM,2512,0.0,0,0.0,0.826,0.304,-0.506,-0.036,Siliceous fossil meals and earths,25,"Salt, sulphur, lime, cement, etc.",3,Minerals,
paises_interes,2021,2513,7205826,0.1975389441559875,DOM,2513,0.000203,69264,0.375988,0.85,0.156,-0.918,-0.036,Natural abrasives,25,"Salt, sulphur, lime, cement, etc.",3,Minerals,0.1695974820974821
paises_interes,2021,2515,773282,0.025310283212067207,DOM,2515,9.7e-05,195028,0.177844,0.792,-0.093,-1.313,-0.036,Marble,25,"Salt, sulphur, lime, cement, etc.",3,Minerals,0.006552905223865291
paises_interes,2021,2516,662057,0.013539703736294966,DOM,2516,4.9e-05,90547,0.090318,0.813,-0.115,-1.307,-0.036,Granite,25,"Salt, sulphur, lime, cement, etc.",3,Minerals,1.0
paises_interes,2021,2517,19949336,0.08208962722834771,DOM,2517,0.00103,3302532,1.944796,0.775,0.0,-0.36,-0.036,Gravel,25,"Salt, sulphur, lime, cement, etc.",3,Minerals,0.8603962050935464
paises_interes,2021,2518,205591,0.008197305010032569,DOM,2518,0.0,0,0.0,0.812,0.127,-0.635,-0.036,Dolomite,25,"Salt, sulphur, lime, cement, etc.",3,Minerals,
paises_interes,2021,2519,133031067,0.5686670540052055,DOM,2519,0.0,0,0.0,0.844,0.524,-0.322,-0.036,Natural magnesia,25,"Salt, sulphur, lime, cement, etc.",3,Minerals,
paises_interes,2021,2520,837880,0.009633874924713074,DOM,2520,0.001018,1361165,1.879037,0.76,-0.0,-1.259,-0.036,Gypsum,25,"Salt, sulphur, lime, cement, etc.",3,Minerals,0.0
paises_interes,2021,2521,31470,0.0014611623330458368,DOM,2521,0.004086,3785216,7.47299,0.785,0.0,-0.776,-0.036,Limstone,25,"Salt, sulphur, lime, cement, etc.",3,Minerals,0.7254914911064521
paises_interes,2021,2522,514958,0.010166451814580304,DOM,2522,0.004219,4614776,7.716689,0.777,0.0,-0.502,-0.036,Quicklime,25,"Salt, sulphur, lime, cement, etc.",3,Minerals,0.9786849892605838
paises_interes,2021,2523,63975029,0.04498251444850365,DOM,2523,0.004888,67642157,9.112907,0.741,-0.0,-1.327,-0.036,Cements,25,"Salt, sulphur, lime, cement, etc.",3,Minerals,0.00013430973231678582
paises_interes,2021,2525,3685920,0.23367019721723564,DOM,2525,0.0,0,0.0,0.854,0.192,-0.942,-0.036,Mica,25,"Salt, sulphur, lime, cement, etc.",3,Minerals,
paises_interes,2021,2526,9506649,0.0978313889754577,DOM,2526,0.0,0,0.0,0.864,0.715,-0.153,-0.036,Natural steatite,25,"Salt, sulphur, lime, cement, etc.",3,Minerals,
paises_interes,2021,2528,98862,0.0043351487150442404,DOM,2528,0.0,0,0.0,0.881,0.187,-0.418,-0.036,Natural borates,25,"Salt, sulphur, lime, cement, etc.",3,Minerals,
paises_interes,2021,2529,15814604,0.06927288548398935,DOM,2529,0.0,0,0.0,0.812,-0.185,-1.27,-0.036,Feldspar,25,"Salt, sulphur, lime, cement, etc.",3,Minerals,
paises_interes,2021,2530,11723330,0.0991905582790568,DOM,2530,0.000174,486954,0.318154,0.819,-0.188,-1.317,-0.036,Mineral substances n.e.c.,25,"Salt, sulphur, lime, cement, etc.",3,Minerals,0.6889952644397622
paises_interes,2021,2602,0,0.0,DOM,2602,0.0,0,0.0,0.791,-0.523,-2.771,-0.036,Manganese > 47% by weight,26,"Ores, slag and ash",3,Minerals,
paises_interes,2021,2603,4883,4.856079208012167e-05,DOM,2603,0.000514,44091934,0.985897,0.8,-0.349,-2.172,-0.036,Copper ore,26,"Ores, slag and ash",3,Minerals,0.0
paises_interes,2021,2606,42157488,0.22989188809766564,DOM,2606,0.000307,1624977,0.582233,0.845,-0.286,-2.611,-0.036,Aluminum ore,26,"Ores, slag and ash",3,Minerals,1.0
paises_interes,2021,2608,0,0.0,DOM,2608,0.000936,9754697,1.746067,0.767,-0.0,-1.341,-0.036,Zinc ore,26,"Ores, slag and ash",3,Minerals,0.0
paises_interes,2021,2610,124614,0.006653210112213056,DOM,2610,8e-06,21681,0.014069,0.843,-0.001,-2.413,-0.036,Chromium ore,26,"Ores, slag and ash",3,Minerals,0.0
paises_interes,2021,2616,0,0.0,DOM,2616,0.0,0,0.0,0.795,-0.33,-1.717,-0.036,Precious metal ores,26,"Ores, slag and ash",3,Minerals,
paises_interes,2021,2620,30440213,0.012737031788413363,DOM,2620,4e-05,642268,0.074161,0.808,0.242,-0.651,-0.036,"Slag, ash and residues containing metals",26,"Ores, slag and ash",3,Minerals,0.7472628248643868
paises_interes,2021,2621,6703518,0.20470438640608954,DOM,2621,0.0,0,0.0,0.842,0.483,-0.319,-0.036,Other slag and ash,26,"Ores, slag and ash",3,Minerals,
paises_interes,2021,2701,41753270,0.06985301271545978,DOM,2701,0.0,4117,6.1e-05,0.856,-0.244,-1.929,-0.036,Coal,27,"Mineral fuels, oils and waxes",3,Minerals,0.6694194802040321
paises_interes,2021,2703,370168,0.0006669179686196257,DOM,2703,8.5e-05,154197,0.155683,0.853,0.639,0.166,-0.036,Peat,27,"Mineral fuels, oils and waxes",3,Minerals,0.0
paises_interes,2021,2704,395036,0.008822486902983397,DOM,2704,0.0,0,0.0,0.871,0.553,-0.325,-0.036,Coke,27,"Mineral fuels, oils and waxes",3,Minerals,
paises_interes,2021,2706,0,0.0,DOM,2706,0.0,0,0.0,0.857,0.618,0.401,-0.036,"Tar distilled from coal, lignite etc.",27,"Mineral fuels, oils and waxes",3,Minerals,
paises_interes,2021,2707,221531,0.00013423714852589983,DOM,2707,1e-05,298258,0.018605,0.84,0.755,0.357,-0.036,Oils etc. from high temperature coal tar,27,"Mineral fuels, oils and waxes",3,Minerals,0.641062435877663
paises_interes,2021,2708,1458288,0.015506409166497332,DOM,2708,0.0,0,0.0,0.868,1.013,0.816,-0.036,Pitch and pitch coke,27,"Mineral fuels, oils and waxes",3,Minerals,
paises_interes,2021,2709,13376606,0.00011238109932949766,DOM,2709,0.0,0,0.0,0.797,-0.18,-2.226,-0.036,"Petroleum oils, crude",27,"Mineral fuels, oils and waxes",3,Minerals,
paises_interes,2021,2710,413100639,0.008284491688776699,DOM,2710,9.1e-05,55659043,0.171064,0.792,0.046,-0.844,-0.036,"Petroleum oils, refined",27,"Mineral fuels, oils and waxes",3,Minerals,0.31489052012626234
paises_interes,2021,2711,2532158,0.00018027799752633013,DOM,2711,0.000158,59067295,0.290763,0.817,-0.248,-2.126,-0.036,Petroleum gases,27,"Mineral fuels, oils and waxes",3,Minerals,0.2784475571464717
paises_interes,2021,2712,142448426,0.3322493999636651,DOM,2712,0.000562,2332796,1.040958,0.807,0.0,-0.036,-0.036,Petroleum jelly,27,"Mineral fuels, oils and waxes",3,Minerals,0.0012127078407198914
paises_interes,2021,2713,155360,8.772593327517293e-05,DOM,2713,0.0,0,0.0,0.796,-0.013,-0.74,-0.036,Petroleum coke,27,"Mineral fuels, oils and waxes",3,Minerals,
paises_interes,2021,2714,11090,5.820042582979192e-05,DOM,2714,2e-06,2202,0.004507,0.808,0.106,-0.855,-0.036,"Bitumen and asphalt, natural",27,"Mineral fuels, oils and waxes",3,Minerals,0.0
paises_interes,2021,2715,20591,0.00016870600942259646,DOM,2715,4e-06,11940,0.008095,0.813,0.11,-1.114,-0.036,Bituminous mixtures,27,"Mineral fuels, oils and waxes",3,Minerals,0.5637353433835846
paises_interes,2021,2801,1647213,0.009079526099220313,DOM,2801,9.9e-05,153872,0.181324,0.841,0.202,-0.616,-0.036,Iodine,28,Inorganic chemicals,5,Chemicals,0.15740355620255797
paises_interes,2021,2802,195348,0.018167565351126787,DOM,2802,0.0,0,0.0,0.85,0.075,-0.989,-0.036,"Sulfur, sublimed or precipitated",28,Inorganic chemicals,5,Chemicals,
paises_interes,2021,2803,2123105,0.0070143394751394006,DOM,2803,1.4e-05,69776,0.025079,0.855,0.647,0.295,-0.036,Carbon,28,Inorganic chemicals,5,Chemicals,0.0
paises_interes,2021,2804,34000450,0.051168265139605124,DOM,2804,3.5e-05,421240,0.066246,0.853,0.627,-0.051,-0.036,Silicon & rare gases,28,Inorganic chemicals,5,Chemicals,0.019506694520938183
paises_interes,2021,2805,35560678,0.46697618788578393,DOM,2805,4.3e-05,42445,0.079212,0.866,0.222,-0.891,-0.036,Rare-earth metals,28,Inorganic chemicals,5,Chemicals,0.0
paises_interes,2021,2806,3096,9.036135875114298e-05,DOM,2806,3.8e-05,12188,0.070998,0.838,0.56,0.388,-0.036,Hydrochloric acid,28,Inorganic chemicals,5,Chemicals,1.0
paises_interes,2021,2807,32934,0.00015104901809401118,DOM,2807,6.6e-05,98105,0.128172,0.839,0.494,0.246,-0.036,"Sulfiric acid, oleum",28,Inorganic chemicals,5,Chemicals,0.7658427195351919
paises_interes,2021,2808,8472,0.0009349931448183203,DOM,2808,0.0,0,0.0,0.849,0.544,0.247,-0.036,Sulfonitric acids,28,Inorganic chemicals,5,Chemicals,
paises_interes,2021,2809,7141850,0.037872666821451864,DOM,2809,1.8e-05,93656,0.03376,0.827,0.109,-0.852,-0.036,Phosphoric acid etc.,28,Inorganic chemicals,5,Chemicals,0.0
paises_interes,2021,2810,331753,0.02977181846238092,DOM,2810,5e-06,2687,0.009938,0.881,0.119,-0.793,-0.036,Oxides of boron; boric acids,28,Inorganic chemicals,5,Chemicals,0.0
paises_interes,2021,2811,94080684,0.19514632389375583,DOM,2811,0.000108,578239,0.206068,0.807,0.461,0.002,-0.036,Other inorganic acids,28,Inorganic chemicals,5,Chemicals,0.008077974678290465
paises_interes,2021,2812,4536758,0.09230707753082955,DOM,2812,0.0,0,0.0,0.907,1.151,1.915,-0.036,Halides of nonmetals,28,Inorganic chemicals,5,Chemicals,
paises_interes,2021,2813,42639,0.007670594220546629,DOM,2813,0.0,0,0.0,0.897,1.033,1.029,-0.036,Sulfides of nonmetals,28,Inorganic chemicals,5,Chemicals,
paises_interes,2021,2814,61234,4.398048719791574e-05,DOM,2814,6e-06,55704,0.011126,0.847,-0.121,-1.35,-0.036,Ammonia,28,Inorganic chemicals,5,Chemicals,0.0
paises_interes,2021,2815,1793523,0.006956211005769187,DOM,2815,2.6e-05,143835,0.050769,0.847,0.602,0.298,-0.036,Sodium hydroxide,28,Inorganic chemicals,5,Chemicals,0.3991309486564466
paises_interes,2021,2816,4659213,0.1880069023907461,DOM,2816,0.000155,36803,0.28271,0.879,0.974,0.89,-0.036,Hydroxides or peroxides of magnesium,28,Inorganic chemicals,5,Chemicals,0.0
paises_interes,2021,2817,130497,0.0004409636195028642,DOM,2817,1e-06,1665,0.001822,0.823,0.247,-0.044,-0.036,Zinc oxide or peroxide,28,Inorganic chemicals,5,Chemicals,0.0
paises_interes,2021,2818,114001956,0.12475085656955082,DOM,2818,0.0,0,0.0,0.839,-0.04,-1.153,-0.036,Aluminum oxide,28,Inorganic chemicals,5,Chemicals,
paises_interes,2021,2819,5117467,0.2274901440676478,DOM,2819,0.0,0,0.0,0.89,0.473,0.05,-0.036,Chromium oxides and hydroxides,28,Inorganic chemicals,5,Chemicals,
paises_interes,2021,2820,638494,0.02052957146166617,DOM,2820,0.0,0,0.0,0.848,0.302,-0.835,-0.036,Manganese oxides,28,Inorganic chemicals,5,Chemicals,
paises_interes,2021,2821,83849465,0.3997693547339125,DOM,2821,7.9e-05,83259,0.147005,0.893,0.936,0.372,-0.036,Iron oxides and hydroxides,28,Inorganic chemicals,5,Chemicals,0.09744291908382277
paises_interes,2021,2822,212629,0.0024162194988069244,DOM,2822,0.0,1531,0.000793,0.906,0.0,-1.37,-0.036,Cobalt oxides and hydroxides,28,Inorganic chemicals,5,Chemicals,0.0
paises_interes,2021,2823,5972571,0.09414590166678746,DOM,2823,0.00031,259231,0.569118,0.884,1.185,0.948,-0.036,Titanium oxides,28,Inorganic chemicals,5,Chemicals,0.0
paises_interes,2021,2824,0,0.0,DOM,2824,0.0,0,0.0,0.836,0.246,-0.684,-0.036,Lead oxides,28,Inorganic chemicals,5,Chemicals,
paises_interes,2021,2825,208698484,0.3629440800463662,DOM,2825,4e-06,22065,0.007046,0.868,0.305,-0.563,-0.036,"Metal base oxides, n.e.c.",28,Inorganic chemicals,5,Chemicals,0.6603217765692273
paises_interes,2021,2826,53834084,0.2730710335455681,DOM,2826,0.0,0,0.0,0.858,0.808,0.579,-0.036,Flourides,28,Inorganic chemicals,5,Chemicals,
paises_interes,2021,2827,63846924,0.21004242219155458,DOM,2827,1.6e-05,46582,0.029453,0.858,0.852,0.146,-0.036,"Chlorides, bromides, iodides etc.",28,Inorganic chemicals,5,Chemicals,0.026576789317762226
paises_interes,2021,2828,353776,0.00815877471520589,DOM,2828,0.002476,1544036,4.545754,0.778,0.0,-0.592,-0.036,Hyopchlorites,28,Inorganic chemicals,5,Chemicals,0.541374682973713
paises_interes,2021,2829,1071049,0.0061741782119622,DOM,2829,1.4e-05,8080,0.026071,0.878,0.287,-0.317,-0.036,Sodium chlorate,28,Inorganic chemicals,5,Chemicals,0.0
paises_interes,2021,2830,1634756,0.06339426399093377,DOM,2830,0.0,0,0.0,0.866,0.663,-0.312,-0.036,Sulfides; polysulfides,28,Inorganic chemicals,5,Chemicals,
paises_interes,2021,2831,850668,0.06708407511459412,DOM,2831,4.3e-05,12018,0.079517,0.871,0.723,0.267,-0.036,Dithionites and sulfoxylates,28,Inorganic chemicals,5,Chemicals,0.0
paises_interes,2021,2832,5835366,0.22065261357120927,DOM,2832,2.9e-05,16317,0.052162,0.87,0.833,0.079,-0.036,Sulfites,28,Inorganic chemicals,5,Chemicals,0.0
paises_interes,2021,2833,66749469,0.17115579406626424,DOM,2833,4.8e-05,249582,0.096845,0.843,0.333,-0.167,-0.036,Sulfates,28,Inorganic chemicals,5,Chemicals,0.44339335368736527
paises_interes,2021,2834,3281945,0.03260015074196783,DOM,2834,4.4e-05,53716,0.079642,0.831,0.211,-0.565,-0.036,"Nitrites, nitrates",28,Inorganic chemicals,5,Chemicals,0.0
paises_interes,2021,2835,70334787,0.1953842736109484,DOM,2835,0.001389,5945851,2.541756,0.814,0.0,0.054,-0.036,Phosphates,28,Inorganic chemicals,5,Chemicals,0.029547999100549272
paises_interes,2021,2836,37114679,0.12649010483361536,DOM,2836,0.000459,3613687,0.847183,0.827,0.195,-0.435,-0.036,Carbonates,28,Inorganic chemicals,5,Chemicals,0.5655478739580933
paises_interes,2021,2837,1933508,0.16981274917403807,DOM,2837,9.1e-05,101424,0.168917,0.858,0.187,-0.91,-0.036,Cyanides,28,Inorganic chemicals,5,Chemicals,0.0
paises_interes,2021,2839,913205,0.01410458355526076,DOM,2839,0.0006,465329,1.126458,0.799,0.0,-0.201,-0.036,Silicates,28,Inorganic chemicals,5,Chemicals,0.1294224086613987
paises_interes,2021,2840,1426850,0.013741144155932368,DOM,2840,0.0,0,0.0,0.856,0.198,-0.176,-0.036,Borates,28,Inorganic chemicals,5,Chemicals,
paises_interes,2021,2841,42929393,0.02816248622683739,DOM,2841,0.0,0,0.0,0.907,0.386,-0.275,-0.036,Salts of oxometallic acids,28,Inorganic chemicals,5,Chemicals,
paises_interes,2021,2842,81867064,0.30878953852473595,DOM,2842,1.5e-05,45202,0.026988,0.886,1.12,1.484,-0.036,Other salts of acids,28,Inorganic chemicals,5,Chemicals,0.0
paises_interes,2021,2843,3269369,0.023962455561221657,DOM,2843,0.0,0,0.0,0.913,1.139,2.676,-0.036,Compounds of precious metals,28,Inorganic chemicals,5,Chemicals,
paises_interes,2021,2844,5010118,0.0018098495662064896,DOM,2844,1e-06,6084,0.001089,0.879,0.412,-0.624,-0.036,Uranium,28,Inorganic chemicals,5,Chemicals,1.0
paises_interes,2021,2845,1196235,0.009611627759153283,DOM,2845,0.0,0,0.0,0.879,0.504,0.32,-0.036,Non-radioactive isotopes,28,Inorganic chemicals,5,Chemicals,
paises_interes,2021,2846,69695456,0.5535869582994041,DOM,2846,1.3e-05,31492,0.023433,0.888,0.857,0.817,-0.036,Compounds of rare-earth metals,28,Inorganic chemicals,5,Chemicals,1.0
paises_interes,2021,2847,30656,0.0009381600263037352,DOM,2847,2.4e-05,20375,0.043804,0.834,0.654,0.374,-0.036,Hydrogen peroxide,28,Inorganic chemicals,5,Chemicals,0.0
paises_interes,2021,2849,80339371,0.3115536205953369,DOM,2849,0.0,0,0.0,0.871,0.518,0.041,-0.036,Carbides,28,Inorganic chemicals,5,Chemicals,
paises_interes,2021,2850,8042605,0.19574562984876342,DOM,2850,0.000345,250094,0.64926,0.895,1.126,1.819,-0.036,"Hydrides, nitrides, azides, silicides and borides",28,Inorganic chemicals,5,Chemicals,0.017913264612505697
paises_interes,2021,2851,2302613,0.0303598430647842,DOM,2851,0.0,0,0.0,0.896,0.69,2.191,-0.036,"Inorganic compounds, liquid or compressed air",28,Inorganic chemicals,5,Chemicals,
paises_interes,2021,2901,6948501,0.003943984948395628,DOM,2901,4e-06,107137,0.008104,0.843,0.514,0.426,-0.036,Acyclic hydrocarbons,29,Organic chemicals,5,Chemicals,1.0
paises_interes,2021,2902,17065114,0.006805712154739291,DOM,2902,2.6e-05,1135298,0.051486,0.877,0.89,1.009,-0.036,Cyclic hydrocarbons,29,Organic chemicals,5,Chemicals,0.3757277824853034
paises_interes,2021,2903,554823776,0.6072603382041647,DOM,2903,1e-06,16474,0.002378,0.891,0.919,1.122,-0.036,Halogenated derivatives of hydrocarbons,29,Organic chemicals,5,Chemicals,0.0
paises_interes,2021,2904,10471397,0.0781322986266346,DOM,2904,0.0,0,0.0,0.859,0.52,-0.269,-0.036,"Sulfonated, nitrated derivatives of hydrocarbons",29,Organic chemicals,5,Chemicals,
paises_interes,2021,2905,252214623,0.12457200852091296,DOM,2905,3.8e-05,1305709,0.073975,0.842,0.22,-0.458,-0.036,Acyclic alcohols,29,Organic chemicals,5,Chemicals,0.02256475217678671
paises_interes,2021,2906,44869175,0.14085346292784998,DOM,2906,6e-06,15568,0.011521,0.877,1.04,0.965,-0.036,Cyclic alcohols,29,Organic chemicals,5,Chemicals,0.5999486125385406
paises_interes,2021,2907,33153068,0.10310775619188672,DOM,2907,1.9e-05,149486,0.040337,0.878,0.934,1.579,-0.036,"Phenols, phenol-alcohols",29,Organic chemicals,5,Chemicals,0.0
paises_interes,2021,2909,114242987,0.1436583717694939,DOM,2909,8e-06,127172,0.015245,0.879,0.591,-0.135,-0.036,Ethers,29,Organic chemicals,5,Chemicals,0.8781807316075866
paises_interes,2021,2910,70113812,0.3550611390800452,DOM,2910,6e-06,25131,0.010622,0.902,1.295,1.837,-0.036,Epoxides,29,Organic chemicals,5,Chemicals,0.0
paises_interes,2021,2911,1552641,0.16965305413325815,DOM,2911,0.0,0,0.0,0.899,0.004,1.595,-0.036,Acetals and hemiacetals,29,Organic chemicals,5,Chemicals,
paises_interes,2021,2912,168718533,0.42786662824760174,DOM,2912,2.8e-05,74796,0.051383,0.869,1.181,1.175,-0.036,Aldehydes,29,Organic chemicals,5,Chemicals,0.7373923739237392
paises_interes,2021,2914,375155563,0.3976327839961277,DOM,2914,1.6e-05,119437,0.031491,0.869,1.241,1.532,-0.036,Ketones and quinones,29,Organic chemicals,5,Chemicals,0.22382511282098513
paises_interes,2021,2915,268884090,0.2537621550039283,DOM,2915,3e-05,545950,0.058141,0.874,0.932,0.976,-0.036,Saturated acyclic monocarboxylic acids,29,Organic chemicals,5,Chemicals,0.04337027200293067
paises_interes,2021,2916,334866766,0.23254446568017376,DOM,2916,2.6e-05,333795,0.049568,0.873,1.263,1.478,-0.036,Unsaturated acyclic monocarboxylic acids,29,Organic chemicals,5,Chemicals,0.004146257433454665
paises_interes,2021,2917,185888297,0.14264570270124632,DOM,2917,8e-06,130590,0.016237,0.858,0.884,0.891,-0.036,Polycarboxylic acids,29,Organic chemicals,5,Chemicals,0.09810858411823263
paises_interes,2021,2918,389342742,0.2902082649956592,DOM,2918,2.9e-05,268459,0.05426,0.861,0.97,0.774,-0.036,Carboxylic acids with additional oxygen function,29,Organic chemicals,5,Chemicals,0.0
paises_interes,2021,2919,153649989,0.746748062616324,DOM,2919,0.0,0,0.0,0.902,0.981,2.331,-0.036,Phosporic esters,29,Organic chemicals,5,Chemicals,
paises_interes,2021,2920,76316408,0.3321331022166537,DOM,2920,1e-06,1343,0.001439,0.886,1.219,1.476,-0.036,Esters of other inorganic acids of nonmetals,29,Organic chemicals,5,Chemicals,0.0
paises_interes,2021,2921,255388741,0.28933039027624224,DOM,2921,3e-06,32160,0.005725,0.881,1.473,1.281,-0.036,Amine-function compounds,29,Organic chemicals,5,Chemicals,0.0
paises_interes,2021,2922,480223914,0.2296350665173276,DOM,2922,6.7e-05,1083651,0.123155,0.866,0.948,1.001,-0.036,Oxygen-function amino-compounds,29,Organic chemicals,5,Chemicals,0.0
paises_interes,2021,2923,83715299,0.3268921447635453,DOM,2923,0.000377,963360,0.69289,0.872,0.876,0.525,-0.036,Quaternary ammonium salts and hydroxides,29,Organic chemicals,5,Chemicals,0.005187053645573825
paises_interes,2021,2924,445819274,0.35392286232382525,DOM,2924,2.1e-05,184079,0.0386,0.889,0.961,1.196,-0.036,Carboxyamide-function compounds,29,Organic chemicals,5,Chemicals,0.32851112837423063
paises_interes,2021,2925,102440506,0.3863003926024202,DOM,2925,0.0,0,0.0,0.882,1.214,0.951,-0.036,Carboxyimide-function compounds,29,Organic chemicals,5,Chemicals,
paises_interes,2021,2926,182932565,0.46439806969085246,DOM,2926,0.0,0,0.0,0.895,1.015,1.115,-0.036,Nitrile-function compounds,29,Organic chemicals,5,Chemicals,
paises_interes,2021,2927,16099898,0.26302916268546633,DOM,2927,0.0,0,0.0,0.888,0.706,0.82,-0.036,"Diazo-, azo-, or azoxy-compounds",29,Organic chemicals,5,Chemicals,
paises_interes,2021,2928,39636821,0.297185903626998,DOM,2928,0.0,0,0.0,0.873,0.734,0.57,-0.036,Organix derivatives of hydrazine,29,Organic chemicals,5,Chemicals,
paises_interes,2021,2929,135482773,0.3436379009872042,DOM,2929,1.4e-05,90307,0.026663,0.895,1.07,0.934,-0.036,Isocyanates,29,Organic chemicals,5,Chemicals,0.0
paises_interes,2021,2930,438364970,0.5267850670177386,DOM,2930,4e-06,29787,0.006949,0.882,1.074,1.155,-0.036,Organo-sulfur compounds,29,Organic chemicals,5,Chemicals,0.37412293953738207
paises_interes,2021,2931,865036481,0.6566376015975075,DOM,2931,0.0,0,0.0,0.897,1.231,2.007,-0.036,Other organo-inorganic compounds,29,Organic chemicals,5,Chemicals,
paises_interes,2021,2932,509041181,0.3965549925843399,DOM,2932,0.001361,12302171,2.543894,0.846,0.0,1.146,-0.036,Heterocyclic compounds with oxygen hetero-atom(s) only,29,Organic chemicals,5,Chemicals,0.4327029757593192
paises_interes,2021,2933,1379063344,0.15889825416083017,DOM,2933,2e-06,157721,0.003982,0.879,0.765,1.182,-0.036,Heterocyclic compounds with nitrogen hetero-atom(s) only,29,Organic chemicals,5,Chemicals,0.020783535483543725
paises_interes,2021,2934,875410043,0.12499320475041885,DOM,2934,1.2e-05,280937,0.02139,0.894,1.209,1.364,-0.036,Nucleic acids and their salts,29,Organic chemicals,5,Chemicals,0.0
paises_interes,2021,2935,201216661,0.07284376707533775,DOM,2935,0.0,1399,0.000288,0.876,0.86,1.444,-0.036,Sulfonamides,29,Organic chemicals,5,Chemicals,0.0
paises_interes,2021,2936,928638192,0.6385211486961447,DOM,2936,1.9e-05,177931,0.034694,0.884,1.123,1.175,-0.036,Vitamins,29,Organic chemicals,5,Chemicals,0.06748683478427031
paises_interes,2021,2937,92163107,0.015979537744622067,DOM,2937,1e-06,15768,0.001475,0.885,0.833,0.904,-0.036,Hormones,29,Organic chemicals,5,Chemicals,0.0
paises_interes,2021,2938,252964743,0.7138307685774438,DOM,2938,0.0,0,0.0,0.859,0.59,-0.132,-0.036,Glycosides,29,Organic chemicals,5,Chemicals,
paises_interes,2021,2939,64972014,0.18554530584770498,DOM,2939,8.7e-05,148744,0.161808,0.867,0.848,0.341,-0.036,Vegetable alkaloids,29,Organic chemicals,5,Chemicals,0.06253697628139622
paises_interes,2021,2940,51181501,0.2061926747644081,DOM,2940,0.0,0,0.0,0.874,1.351,1.234,-0.036,"Other sugars, chemically pure",29,Organic chemicals,5,Chemicals,
paises_interes,2021,2941,124481208,0.3166010448613096,DOM,2941,8e-06,66554,0.013852,0.865,1.019,0.794,-0.036,Antibiotics,29,Organic chemicals,5,Chemicals,0.0
paises_interes,2021,2942,2426530,0.015061871746852053,DOM,2942,4e-06,7810,0.007445,0.848,0.474,0.273,-0.036,Other organic compounds,29,Organic chemicals,5,Chemicals,0.0
paises_interes,2021,3001,164932767,0.3784120108751764,DOM,3001,1e-06,5327,0.001727,0.871,0.922,0.942,-0.036,Heparin for therapeutic use,30,Pharmaceutical products,5,Chemicals,0.0
paises_interes,2021,3002,502771812,0.008241891214664314,DOM,3002,1.6e-05,5279922,0.030012,0.889,1.119,1.439,-0.036,Serums and vaccines,30,Pharmaceutical products,5,Chemicals,0.021467551982775505
paises_interes,2021,3003,69853456,0.08276632134170127,DOM,3003,5.4e-05,492282,0.099658,0.826,0.724,0.468,-0.036,"Medicaments, not packaged",30,Pharmaceutical products,5,Chemicals,0.0
paises_interes,2021,3004,792227547,0.010834166365076614,DOM,3004,0.000158,59202343,0.289959,0.824,0.834,0.652,-0.036,"Medicaments, packaged",30,Pharmaceutical products,5,Chemicals,0.009267893333208113
paises_interes,2021,3005,570009443,0.3739593445601911,DOM,3005,0.005141,43657982,9.505865,0.83,0.0,1.0,-0.036,"Wadding, gauze and bandages",30,Pharmaceutical products,5,Chemicals,0.343565215634566
paises_interes,2021,3006,633651880,0.19780072708984106,DOM,3006,0.012675,190570260,23.197802,0.835,0.0,0.622,-0.036,Pharmaceutical goods,30,Pharmaceutical products,5,Chemicals,0.7144325195337404
paises_interes,2021,3101,1753133,0.025292100152349898,DOM,3101,0.002084,2314231,3.811562,0.783,0.0,-0.809,-0.036,Animal or vegetable fertilizers,31,Fertilisers,5,Chemicals,0.14868265095403183
paises_interes,2021,3102,42980475,0.012619612310257237,DOM,3102,0.000103,3441083,0.188184,0.781,-0.168,-1.329,-0.036,Nitrogenous fertilizers,31,Fertilisers,5,Chemicals,0.3715315788663046
paises_interes,2021,3103,584493,0.0026660408093222543,DOM,3103,9e-06,24104,0.016851,0.818,-0.023,-1.082,-0.036,Phosphatic fertilizers,31,Fertilisers,5,Chemicals,0.0
paises_interes,2021,3104,654697,0.00017925264297473712,DOM,3104,9.6e-05,1644714,0.176506,0.846,0.155,-0.807,-0.036,Potassic fertilizers,31,Fertilisers,5,Chemicals,0.1608358656885027
paises_interes,2021,3105,8722588,0.004800662647121145,DOM,3105,0.000749,23257692,1.367956,0.754,-0.0,-0.969,-0.036,Mixed fertilizers,31,Fertilisers,5,Chemicals,0.1808298519044796
paises_interes,2021,3201,1168767,0.04972179808934087,DOM,3201,0.0,0,0.0,0.859,0.101,-1.299,-0.036,Vegetable tanning extracts,32,"Dyes, paints, inks, etc.",5,Chemicals,
paises_interes,2021,3202,42357,0.00451736348591962,DOM,3202,9.2e-05,54088,0.171078,0.863,0.491,-0.311,-0.036,Synthetic tanning substances,32,"Dyes, paints, inks, etc.",5,Chemicals,0.8751663955036237
paises_interes,2021,3203,20425069,0.1113574305528341,DOM,3203,0.000462,681248,0.848457,0.853,1.076,0.431,-0.036,Coloring matter of animal or vegetable origin,32,"Dyes, paints, inks, etc.",5,Chemicals,0.9426302902907605
paises_interes,2021,3204,169198459,0.1912291825840699,DOM,3204,8.6e-05,1224506,0.161919,0.845,0.785,0.675,-0.036,Synthetic organic coloring matter,32,"Dyes, paints, inks, etc.",5,Chemicals,0.6337943627879324
paises_interes,2021,3205,70152,0.00500376145170709,DOM,3205,0.00079,197145,1.454238,0.812,0.0,-0.184,-0.036,Color lakes,32,"Dyes, paints, inks, etc.",5,Chemicals,0.0
paises_interes,2021,3206,81068573,0.08175470335387788,DOM,3206,7e-05,1064522,0.132443,0.864,0.783,0.596,-0.036,Other coloring matter,32,"Dyes, paints, inks, etc.",5,Chemicals,0.09043495578297113
paises_interes,2021,3207,7198952,0.032357387884780126,DOM,3207,1.4e-05,81679,0.027239,0.868,0.587,0.369,-0.036,Prepared pigments,32,"Dyes, paints, inks, etc.",5,Chemicals,0.03506409236156172
paises_interes,2021,3208,14701529,0.01984361376228263,DOM,3208,0.000509,7896318,0.939451,0.811,0.757,0.381,-0.036,"Paints and varnishes, nonaqueous",32,"Dyes, paints, inks, etc.",5,Chemicals,0.04454417869189159
paises_interes,2021,3209,522648,0.0014242960286724954,DOM,3209,0.000499,3471988,0.920331,0.798,0.417,-0.109,-0.036,"Paints and varnishes, aqueous",32,"Dyes, paints, inks, etc.",5,Chemicals,0.21359981658922783
paises_interes,2021,3210,13693,0.0007668914377884314,DOM,3210,0.00049,376084,0.970249,0.824,0.686,0.126,-0.036,Other paints and varnishes,32,"Dyes, paints, inks, etc.",5,Chemicals,0.08426840812158985
paises_interes,2021,3211,48365,0.003785706693167005,DOM,3211,0.000446,106313,0.816327,0.825,0.37,-0.27,-0.036,Prepared driers,32,"Dyes, paints, inks, etc.",5,Chemicals,0.01097702068420607
paises_interes,2021,3212,16838062,0.07019630375340438,DOM,3212,5.9e-05,133497,0.114266,0.843,1.051,0.761,-0.036,"Pigments, nonaqueous",32,"Dyes, paints, inks, etc.",5,Chemicals,0.13255728593151905
paises_interes,2021,3213,151079138,0.6563624473229528,DOM,3213,0.000877,994836,1.624957,0.806,0.0,-0.255,-0.036,Artists' colors,32,"Dyes, paints, inks, etc.",5,Chemicals,0.09720094568350965
paises_interes,2021,3214,6398281,0.012659551772857141,DOM,3214,0.000709,6762926,1.302384,0.796,0.0,0.385,-0.036,Glaziers' putty,32,"Dyes, paints, inks, etc.",5,Chemicals,0.01185359709687789
paises_interes,2021,3215,32397196,0.04915863667083891,DOM,3215,3.4e-05,395780,0.062909,0.837,0.94,0.9,-0.036,Ink,32,"Dyes, paints, inks, etc.",5,Chemicals,0.11987973116377786
paises_interes,2021,3301,115101197,0.10222628821846243,DOM,3301,0.00026,1470271,0.481054,0.785,-0.173,-1.215,-0.036,Essential oils,33,Essential oils,5,Chemicals,0.7432473333147427
paises_interes,2021,3302,35363782,0.010033772099286267,DOM,3302,0.00084,22237367,1.539174,0.81,0.0,-0.035,-0.036,Mixtures of odoriferous subtances,33,Essential oils,5,Chemicals,0.01464148161066011
paises_interes,2021,3303,21719635,0.008494668756223948,DOM,3303,9.7e-05,1906069,0.179698,0.829,0.574,0.072,-0.036,Perfumes,33,Essential oils,5,Chemicals,0.04700931603210587
paises_interes,2021,3304,690972912,0.13798159401148388,DOM,3304,0.000432,27122042,0.817436,0.828,0.688,0.391,-0.036,Make-up preparations,33,Essential oils,5,Chemicals,0.8655630722789973
paises_interes,2021,3305,74634855,0.04856087499924362,DOM,3305,0.00116,17734375,2.134458,0.787,0.0,0.17,-0.036,Hair products,33,Essential oils,5,Chemicals,0.7340757145374449
paises_interes,2021,3306,24695584,0.07366197579684892,DOM,3306,2.5e-05,144329,0.045888,0.825,0.543,0.209,-0.036,Dental hygiene products,33,Essential oils,5,Chemicals,0.1807536946836741
paises_interes,2021,3307,329939480,0.22363464427541674,DOM,3307,0.00025,3447648,0.461993,0.82,0.556,0.258,-0.036,Toiletries,33,Essential oils,5,Chemicals,0.2542800193059152
paises_interes,2021,3401,235359047,0.3491882554547173,DOM,3401,0.002562,19962192,4.708041,0.74,-0.0,-1.157,-0.036,Soap,34,"Soaps, waxes, and paints",5,Chemicals,0.21331364812040682
paises_interes,2021,3402,161637534,0.07683562550048824,DOM,3402,0.000404,15885230,0.74618,0.802,0.49,0.122,-0.036,Cleaning products,34,"Soaps, waxes, and paints",5,Chemicals,0.5554561060809318
paises_interes,2021,3403,10031218,0.028928863095269115,DOM,3403,2e-06,22008,0.004093,0.88,1.439,1.493,-0.036,Lubricants,34,"Soaps, waxes, and paints",5,Chemicals,0.8892675390766994
paises_interes,2021,3404,34690286,0.1501079901036855,DOM,3404,5.5e-05,186120,0.100996,0.867,1.081,0.979,-0.036,Artificial and prepared waxes,34,"Soaps, waxes, and paints",5,Chemicals,0.023189340210616808
paises_interes,2021,3405,9858275,0.06978469699679266,DOM,3405,9.6e-05,268499,0.18504,0.832,0.75,0.164,-0.036,Polishes and creams,34,"Soaps, waxes, and paints",5,Chemicals,0.7464161877697868
paises_interes,2021,3406,530235525,0.5464617070039434,DOM,3406,0.008937,38250065,16.333937,0.815,0.0,0.182,-0.036,Candles,34,"Soaps, waxes, and paints",5,Chemicals,0.8636921793466233
paises_interes,2021,3407,80774642,0.4144937523288918,DOM,3407,1.1e-05,12383,0.019778,0.869,1.151,0.835,-0.036,Modeling pastes,34,"Soaps, waxes, and paints",5,Chemicals,0.0
paises_interes,2021,3502,2590861,0.02544140580470088,DOM,3502,0.0,0,0.0,0.863,0.809,0.353,-0.036,Albumins,35,Albuminoidals; modified starches; glues; enzymes,5,Chemicals,
paises_interes,2021,3503,26415245,0.08914556671869235,DOM,3503,4.5e-05,88478,0.083134,0.835,0.376,-0.372,-0.036,Gelatin,35,Albuminoidals; modified starches; glues; enzymes,5,Chemicals,0.016512579398268497
paises_interes,2021,3504,92953172,0.14703110978790265,DOM,3504,1e-05,39554,0.018216,0.867,0.86,0.538,-0.036,Peptones,35,Albuminoidals; modified starches; glues; enzymes,5,Chemicals,0.0
paises_interes,2021,3505,7561832,0.0383349429094749,DOM,3505,7e-06,28736,0.013343,0.858,1.104,0.832,-0.036,Dextrins and other modified starches,35,Albuminoidals; modified starches; glues; enzymes,5,Chemicals,0.0
paises_interes,2021,3506,148133741,0.23050822688496342,DOM,3506,0.000332,4503131,0.637889,0.863,1.314,1.194,-0.036,Glues and adhesives,35,Albuminoidals; modified starches; glues; enzymes,5,Chemicals,0.20124486718241152
paises_interes,2021,3507,65535476,0.06251020975984814,DOM,3507,5e-06,35004,0.009481,0.877,1.341,1.362,-0.036,Enzymes,35,Albuminoidals; modified starches; glues; enzymes,5,Chemicals,0.0
paises_interes,2021,3602,1047879,0.012291484262303443,DOM,3602,8.4e-05,68098,0.154486,0.791,0.073,-0.677,-0.036,"Prepared explosives, except gunpowder",36,Explosives,5,Chemicals,0.0
paises_interes,2021,3603,997439,0.003328882281564751,DOM,3603,2.1e-05,34044,0.037679,0.824,0.248,-0.623,-0.036,Detonators,36,Explosives,5,Chemicals,0.0
paises_interes,2021,3604,464882019,0.9162203984375459,DOM,3604,0.0,0,0.0,0.833,0.528,-0.148,-0.036,Fireworks,36,Explosives,5,Chemicals,
paises_interes,2021,3606,6938358,0.16618795285257754,DOM,3606,3e-06,1206,0.006373,0.831,0.659,0.412,-0.036,Ferrocerium and other pyrophoric alloys,36,Explosives,5,Chemicals,0.0
paises_interes,2021,3701,5112241,0.015095588559128592,DOM,3701,0.0,1925,0.000824,0.9,1.127,1.693,-0.036,Photographic plates,37,Photographic or cinematographic goods,5,Chemicals,0.0
paises_interes,2021,3702,2743257,0.01745046830875181,DOM,3702,0.000261,428049,0.492881,0.905,0.959,2.284,-0.036,Photographic film in rolls,37,Photographic or cinematographic goods,5,Chemicals,0.021976455966489818
paises_interes,2021,3703,222527,0.03660553105795737,DOM,3703,0.0,0,0.0,0.88,0.747,0.78,-0.036,Photographic paper,37,Photographic or cinematographic goods,5,Chemicals,
paises_interes,2021,3704,77520,0.004960665671163283,DOM,3704,0.0,0,0.0,0.879,0.004,0.906,-0.036,"Photographic film, not developed",37,Photographic or cinematographic goods,5,Chemicals,
paises_interes,2021,3705,171291,0.00050885307233897,DOM,3705,0.0,0,0.0,0.911,1.094,2.497,-0.036,"Photographic film, developed",37,Photographic or cinematographic goods,5,Chemicals,
paises_interes,2021,3706,2337,0.0014815199875240423,DOM,3706,0.0,0,0.0,0.888,0.004,1.0,-0.036,Motion-picture film,37,Photographic or cinematographic goods,5,Chemicals,
paises_interes,2021,3707,7203010,0.012223705854146748,DOM,3707,6e-06,39526,0.011002,0.909,0.904,1.926,-0.036,Chemical preparations for photographic uses,37,Photographic or cinematographic goods,5,Chemicals,0.043768658604462884
paises_interes,2021,3801,173642459,0.5224622582629287,DOM,3801,0.0,0,0.0,0.888,1.113,0.981,-0.036,Artificial graphite,38,Miscellaneous chemical products,5,Chemicals,
paises_interes,2021,3802,16228538,0.06754395424444198,DOM,3802,0.000139,385440,0.253576,0.837,0.449,-0.201,-0.036,Activated carbon,38,Miscellaneous chemical products,5,Chemicals,1.0
paises_interes,2021,3803,0,0.0,DOM,3803,0.0,0,0.0,0.88,0.479,0.451,-0.036,Tall oil,38,Miscellaneous chemical products,5,Chemicals,
paises_interes,2021,3804,54002,0.0017841804429480203,DOM,3804,0.0,0,0.0,0.892,0.835,0.706,-0.036,Residual lyes,38,Miscellaneous chemical products,5,Chemicals,
paises_interes,2021,3805,411195,0.016612074143270945,DOM,3805,2.9e-05,12763,0.052705,0.84,0.099,-0.775,-0.036,Turpentines,38,Miscellaneous chemical products,5,Chemicals,0.5528480764710492
paises_interes,2021,3806,21658540,0.3549071972280633,DOM,3806,1.8e-05,27917,0.032957,0.854,0.487,-0.131,-0.036,Rosin and resin acids,38,Miscellaneous chemical products,5,Chemicals,0.0
paises_interes,2021,3808,630152198,0.23004317618458126,DOM,3808,0.00059,23947813,1.085768,0.802,0.0,0.177,-0.036,"Insecticides, rodenticides, fungicides, etc.",38,Miscellaneous chemical products,5,Chemicals,0.7655021358317772
paises_interes,2021,3809,5026909,0.02241125052124265,DOM,3809,0.000177,820753,0.340275,0.814,0.688,0.496,-0.036,Finishing agents,38,Miscellaneous chemical products,5,Chemicals,0.5358006611002336
paises_interes,2021,3810,4593566,0.04849870450086322,DOM,3810,8e-06,13304,0.014555,0.879,1.309,1.437,-0.036,Pickling preparations for metal surfaces,38,Miscellaneous chemical products,5,Chemicals,0.3603427540589296
paises_interes,2021,3811,1979551,0.0037426867808679747,DOM,3811,9e-06,98652,0.015987,0.865,0.598,0.27,-0.036,Anti-knock,38,Miscellaneous chemical products,5,Chemicals,0.1460284636905486
paises_interes,2021,3812,232876546,0.40765460169468076,DOM,3812,3.9e-05,206114,0.074668,0.872,0.996,0.965,-0.036,Stabilizers for rubber or plastic,38,Miscellaneous chemical products,5,Chemicals,0.04282096315631156
paises_interes,2021,3813,7348494,0.5350925539390993,DOM,3813,0.0,0,0.0,0.868,0.998,0.769,-0.036,Preparations for fire extinguishers,38,Miscellaneous chemical products,5,Chemicals,
paises_interes,2021,3814,576010,0.0062358698697450084,DOM,3814,0.000703,1438841,1.316921,0.779,0.0,0.043,-0.036,Organic composite solvents and thinners,38,Miscellaneous chemical products,5,Chemicals,0.0064517205167214445
paises_interes,2021,3815,134864825,0.047538912170227786,DOM,3815,5e-06,137897,0.009252,0.881,1.234,1.145,-0.036,Catalytic preparations,38,Miscellaneous chemical products,5,Chemicals,0.9289324640855131
paises_interes,2021,3816,637711,0.0062559977006735575,DOM,3816,1.3e-05,32141,0.024137,0.858,1.021,0.777,-0.036,Refractory cements,38,Miscellaneous chemical products,5,Chemicals,0.0
paises_interes,2021,3817,296501,0.0021280258981816176,DOM,3817,0.0,0,0.0,0.866,0.377,0.14,-0.036,Mixed alkylbenzenes,38,Miscellaneous chemical products,5,Chemicals,
paises_interes,2021,3818,171928712,0.10649443858715826,DOM,3818,0.0,6163,0.000768,0.897,1.212,2.337,-0.036,Chemical elements for electronics,38,Miscellaneous chemical products,5,Chemicals,0.0
paises_interes,2021,3819,144978,0.004342134488344662,DOM,3819,6.5e-05,56681,0.118723,0.868,0.832,0.658,-0.036,Hydraulic fluids,38,Miscellaneous chemical products,5,Chemicals,0.0
paises_interes,2021,3820,1175346,0.026781573722391427,DOM,3820,8e-06,9927,0.01386,0.842,0.686,0.397,-0.036,Antifreezing preparation,38,Miscellaneous chemical products,5,Chemicals,0.0
paises_interes,2021,3821,16292712,0.04683473801942818,DOM,3821,4e-06,12776,0.006519,0.877,1.362,1.208,-0.036,Prepared culture media for micro-organisms,38,Miscellaneous chemical products,5,Chemicals,0.3210707576706324
paises_interes,2021,3822,228922326,0.0463877728092175,DOM,3822,2.5e-05,1059217,0.047401,0.867,1.199,1.328,-0.036,Diagnostic or laboratory reagents,38,Miscellaneous chemical products,5,Chemicals,0.013867791019215137
paises_interes,2021,3823,715592226,0.1613531734069979,DOM,3823,0.000252,18108896,0.468052,0.854,0.839,-0.085,-0.036,Industrial monocarboxylic fatty acids,38,Miscellaneous chemical products,5,Chemicals,0.5405623843662253
paises_interes,2021,3901,69759479,0.012007235502616863,DOM,3901,1.7e-05,1504952,0.03257,0.835,0.493,0.15,-0.036,Polymers of ethylene,39,Plastics,5,Chemicals,0.4048800227515562
paises_interes,2021,3902,77655757,0.05073305111097289,DOM,3902,5e-06,229184,0.008576,0.837,0.579,0.333,-0.036,Polymers of propylene,39,Plastics,5,Chemicals,0.15691322256352974
paises_interes,2021,3903,23616329,0.01595411844827685,DOM,3903,3.3e-05,800207,0.073666,0.862,0.986,0.715,-0.036,Polymers of styrene,39,Plastics,5,Chemicals,0.04933848366735107
paises_interes,2021,3904,88840865,0.07055501142399119,DOM,3904,0.000188,4962147,0.368486,0.849,0.721,0.71,-0.036,Polymers of vinyl chloride,39,Plastics,5,Chemicals,0.596342268780026
paises_interes,2021,3905,17514667,0.05007577095666829,DOM,3905,0.001819,10298317,3.661016,0.837,0.0,1.34,-0.036,Polymers of vinyl acetate,39,Plastics,5,Chemicals,0.09027980008772307
paises_interes,2021,3906,98114003,0.08366784024323867,DOM,3906,5.9e-05,1082614,0.11194,0.875,1.252,1.415,-0.036,Acrylic polymers,39,Plastics,5,Chemicals,0.04202421176892226
paises_interes,2021,3907,607052871,0.11873178418340448,DOM,3907,0.000275,19600452,0.549284,0.854,0.971,0.894,-0.036,Polyacetals,39,Plastics,5,Chemicals,0.0801870283399587
paises_interes,2021,3908,24823124,0.0347328154335378,DOM,3908,0.0,2885,0.000335,0.877,1.361,1.541,-0.036,Polyamides,39,Plastics,5,Chemicals,0.0
paises_interes,2021,3909,544536285,0.39129570737035946,DOM,3909,1.5e-05,315130,0.02867,0.861,1.051,1.089,-0.036,Amino-resins,39,Plastics,5,Chemicals,0.16786405610383018
paises_interes,2021,3910,153458061,0.21012645049519232,DOM,3910,1.7e-05,135727,0.03124,0.895,1.577,2.081,-0.036,Silicones in primary forms,39,Plastics,5,Chemicals,0.21943312679127955
paises_interes,2021,3911,69555016,0.13421921973128093,DOM,3911,4.5e-05,317920,0.084891,0.888,1.357,1.466,-0.036,Petroleum resins,39,Plastics,5,Chemicals,0.062402491192752894
paises_interes,2021,3912,31815570,0.06997654185961659,DOM,3912,0.000142,859363,0.266281,0.875,1.025,0.792,-0.036,Cellulose n.e.c.,39,Plastics,5,Chemicals,0.18578993975770425
paises_interes,2021,3913,95318927,0.22322666897208798,DOM,3913,3e-05,89682,0.054187,0.866,1.115,0.768,-0.036,Natural polymers,39,Plastics,5,Chemicals,0.0
paises_interes,2021,3914,46454728,0.1284138484538542,DOM,3914,3e-06,5321,0.00462,0.897,1.403,2.132,-0.036,Ion-exchangers based on polymers,39,Plastics,5,Chemicals,0.0
paises_interes,2021,3915,11228295,0.03889462226175396,DOM,3915,0.003697,11813062,6.868851,0.766,0.0,-0.598,-0.036,Plastic waste,39,Plastics,5,Chemicals,0.17565318797107812
paises_interes,2021,3916,144339983,0.1820790554452991,DOM,3916,5e-05,351872,0.091242,0.85,0.733,0.694,-0.036,Monofilament,39,Plastics,5,Chemicals,0.5274304292469989
paises_interes,2021,3917,758092100,0.23030715571570895,DOM,3917,0.000689,21022842,1.270955,0.772,0.0,0.002,-0.036,Plastic tubes and fittings,39,Plastics,5,Chemicals,0.39099328244963266
paises_interes,2021,3918,4288847488,0.8470503140660426,DOM,3918,1.2e-05,162426,0.022565,0.87,0.683,0.7,-0.036,Plastic floor coverings,39,Plastics,5,Chemicals,0.08858187728565624
paises_interes,2021,3919,480223609,0.2640702478108975,DOM,3919,0.000719,18183431,1.400198,0.853,0.0,1.277,-0.036,Self-adhesive plastic sheets,39,Plastics,5,Chemicals,0.12894018736068016
paises_interes,2021,3920,709932685,0.1101385777556768,DOM,3920,0.000836,56545061,1.577734,0.792,0.0,0.29,-0.036,"Other plates of plastics, noncellular and not reinforced",39,Plastics,5,Chemicals,0.2255000308515009
paises_interes,2021,3921,464251743,0.13964402688327016,DOM,3921,0.000476,15324893,0.891978,0.808,0.807,0.531,-0.036,"Other plastic plates, sheets etc.",39,Plastics,5,Chemicals,0.5944655535278451
paises_interes,2021,3922,348884476,0.6046000241854237,DOM,3922,2.8e-05,146152,0.051738,0.823,0.773,0.472,-0.036,"Baths, sinks etc.",39,Plastics,5,Chemicals,0.08183945481416607
paises_interes,2021,3923,3549756770,0.32230977623995694,DOM,3923,0.002493,157576245,4.670769,0.77,0.0,-0.156,-0.036,Packing lids,39,Plastics,5,Chemicals,0.5267018388463311
paises_interes,2021,3924,5131486973,0.8007499185665382,DOM,3924,0.004578,110335110,8.579181,0.758,0.0,-0.625,-0.036,Plastic household articles,39,Plastics,5,Chemicals,0.6196447440891661
paises_interes,2021,3925,911025451,0.39071249817704046,DOM,3925,0.000171,2624479,0.315479,0.794,0.507,0.235,-0.036,Plastic builders' ware,39,Plastics,5,Chemicals,0.7144957151495592
paises_interes,2021,3926,10560115229,0.5676669104579147,DOM,3926,0.003194,312779837,6.005674,0.823,0.0,0.879,-0.036,Other articles of plastic,39,Plastics,5,Chemicals,0.5463215648392322
paises_interes,2021,4001,979686680,0.5514557378959647,DOM,4001,0.0,7641,0.000862,0.788,-0.22,-1.805,-0.036,Natural rubber,40,Rubber,5,Chemicals,1.0
paises_interes,2021,4002,45435954,0.029329632769445484,DOM,4002,1.1e-05,317224,0.022364,0.866,0.834,0.788,-0.036,Synthetic rubber,40,Rubber,5,Chemicals,0.010008700476634807
paises_interes,2021,4003,11590988,0.14797182831006692,DOM,4003,9e-06,3903,0.017044,0.833,0.457,-0.052,-0.036,Reclaimed rubber,40,Rubber,5,Chemicals,1.0
paises_interes,2021,4004,3490022,0.11480641424985337,DOM,4004,0.000122,36035,0.227806,0.821,0.409,-0.485,-0.036,Scrap of rubber,40,Rubber,5,Chemicals,0.0
paises_interes,2021,4005,2071253,0.0036881258161741612,DOM,4005,2.6e-05,150886,0.048845,0.858,1.137,1.091,-0.036,Compounded rubber,40,Rubber,5,Chemicals,0.0
paises_interes,2021,4006,789722,0.040370436617854236,DOM,4006,3.3e-05,15513,0.059877,0.872,1.296,1.184,-0.036,Unvulcanized rubber rods,40,Rubber,5,Chemicals,1.0
paises_interes,2021,4007,10891970,0.6383701238208187,DOM,4007,5.4e-05,44437,0.090038,0.887,0.001,0.315,-0.036,Vulcanized rubber thread and cord,40,Rubber,5,Chemicals,0.0
paises_interes,2021,4008,46935948,0.1099850201951828,DOM,4008,3.8e-05,172722,0.07031,0.845,0.995,0.859,-0.036,Vulcanized rubber plates,40,Rubber,5,Chemicals,0.7499913155243686
paises_interes,2021,4009,230873445,0.13817975554905026,DOM,4009,2.4e-05,250939,0.043893,0.837,0.889,0.58,-0.036,Vulcanized rubber tubes,40,Rubber,5,Chemicals,0.1422178298311542
paises_interes,2021,4010,137107525,0.21122131138660077,DOM,4010,5e-05,290564,0.093482,0.849,0.863,0.54,-0.036,Conveyor belts of vulcanized rubber,40,Rubber,5,Chemicals,0.04831637780316901
paises_interes,2021,4011,3054797045,0.1990922357917249,DOM,4011,1.2e-05,1007802,0.023203,0.828,0.638,0.339,-0.036,New pneumatic tires of rubber,40,Rubber,5,Chemicals,0.02951366913714579
paises_interes,2021,4012,49230152,0.13392776911681264,DOM,4012,0.000174,438054,0.322629,0.847,0.763,0.252,-0.036,Used pneumatic tires of rubber,40,Rubber,5,Chemicals,0.03308413189558955
paises_interes,2021,4013,41079532,0.33956287873512675,DOM,4013,0.000148,205665,0.276903,0.835,0.316,-0.062,-0.036,Rubber inner tubes,40,Rubber,5,Chemicals,0.0
paises_interes,2021,4014,14674368,0.1594576515536935,DOM,4014,7.6e-05,98340,0.140603,0.832,0.365,0.113,-0.036,Rubber hygenic or pharmeceutical items,40,Rubber,5,Chemicals,0.0
paises_interes,2021,4015,7779189092,0.8336683924373895,DOM,4015,2e-06,48432,0.003417,0.836,0.256,-0.006,-0.036,Vulcanized rubber articles of apparel,40,Rubber,5,Chemicals,0.07111000991080277
paises_interes,2021,4016,898735932,0.21748279622749683,DOM,4016,3.3e-05,938128,0.062086,0.829,0.929,0.724,-0.036,Other articles of vulcanized rubber,40,Rubber,5,Chemicals,0.5260945201507683
paises_interes,2021,4017,8789945,0.16461985535386447,DOM,4017,0.006713,1993589,17.205786,0.794,0.0,0.189,-0.036,Hard rubber,40,Rubber,5,Chemicals,0.9945033805864699
paises_interes,2021,4101,0,0.0,DOM,4101,0.000859,193426,1.586442,0.765,-0.0,-1.656,-0.036,Raw hides of bovines or equines,41,Leather and skins,1,Agriculture,0.2873760507894492
paises_interes,2021,4104,9836617,0.01652306011234291,DOM,4104,0.000867,12163110,1.623034,0.771,-0.0,-1.197,-0.036,Tanned hides of bovines or equines,41,Leather and skins,1,Agriculture,0.1993565790328296
paises_interes,2021,4106,55097,0.014471619241735165,DOM,4106,0.0,0,0.0,0.8,-0.143,-1.724,-0.036,Tanned skins of other animals,41,Leather and skins,1,Agriculture,
paises_interes,2021,4107,731705,0.0358672451398916,DOM,4107,0.0,0,0.0,0.802,0.066,-0.837,-0.036,Bovine leather further prepared,41,Leather and skins,1,Agriculture,
paises_interes,2021,4108,127664,0.024641644773426924,DOM,4108,0.0,0,0.0,0.854,0.001,-0.565,-0.036,Chamois leather,41,Leather and skins,1,Agriculture,
paises_interes,2021,4109,66179,0.002154493869089633,DOM,4109,0.000164,56106,0.312974,0.849,0.221,0.207,-0.036,Patent leather,41,Leather and skins,1,Agriculture,0.1345667130075215
paises_interes,2021,4110,11449,0.00809939139606795,DOM,4110,0.0,0,0.0,0.845,0.001,-0.777,-0.036,Waste of leather,41,Leather and skins,1,Agriculture,
paises_interes,2021,4111,41599,0.004660845847333013,DOM,4111,0.000379,75697,0.738781,0.838,0.362,-0.628,-0.036,Composition leather,41,Leather and skins,1,Agriculture,0.0
paises_interes,2021,4201,571168018,0.7293545043771152,DOM,4201,2e-06,5581,0.003717,0.846,0.776,0.356,-0.036,Saddlery and harnesses,42,Articles of leather,1,Agriculture,1.0
paises_interes,2021,4202,7593224072,0.632543059158667,DOM,4202,0.000228,15336560,0.425313,0.84,0.358,-0.177,-0.036,Trunks or cases,42,Articles of leather,1,Agriculture,0.9201322852060697
paises_interes,2021,4203,365267380,0.2926905693243411,DOM,4203,0.000135,934573,0.252112,0.791,-0.026,-0.624,-0.036,Leather apparel,42,Articles of leather,1,Agriculture,0.9541319939694385
paises_interes,2021,4205,170401080,0.34667468635691534,DOM,4205,9e-06,26875,0.016482,0.823,0.493,-0.139,-0.036,Other articles of leather,42,Articles of leather,1,Agriculture,0.8348651162790698
paises_interes,2021,4206,2125,0.000192090395480226,DOM,4206,0.001289,39149,2.16145,0.852,0.0,-0.426,-0.036,Articles of gut,42,Articles of leather,1,Agriculture,1.0
paises_interes,2021,4302,1258345,0.028556873940445784,DOM,4302,0.0,0,0.0,0.821,0.203,-0.359,-0.036,Other tanned furskins,43,Furskins,1,Agriculture,
paises_interes,2021,4303,25595440,0.22083624515951364,DOM,4303,0.0,0,0.0,0.865,0.002,0.255,-0.036,Furskin apparel,43,Furskins,1,Agriculture,
paises_interes,2021,4401,506421,0.003193856677184976,DOM,4401,1e-06,10542,0.002017,0.819,0.228,-0.237,-0.036,Fuel wood,44,Wood,1,Agriculture,1.0
paises_interes,2021,4402,9223643,0.1151513219843468,DOM,4402,0.000304,409216,0.556155,0.773,-0.251,-1.506,-0.036,Wood charcoal,44,Wood,1,Agriculture,0.7295218173287457
paises_interes,2021,4403,1173922,0.008432085917028364,DOM,4403,5e-06,69640,0.008786,0.793,-0.015,-1.526,-0.036,Wood in the rough,44,Wood,1,Agriculture,0.0
paises_interes,2021,4404,1866146,0.09482138415687087,DOM,4404,0.0,0,0.0,0.796,0.306,-0.273,-0.036,Strips and other pieces of wood,44,Wood,1,Agriculture,
paises_interes,2021,4405,54505,0.044345564263845734,DOM,4405,0.0,0,0.0,0.87,0.003,-0.051,-0.036,Wood wool or flour,44,Wood,1,Agriculture,
paises_interes,2021,4407,35067707,0.0025875534149951518,DOM,4407,5e-06,245670,0.008532,0.8,0.045,-1.13,-0.036,Wood sawn lengthwise,44,Wood,1,Agriculture,0.13692351528473154
paises_interes,2021,4408,7126953,0.015129904150246905,DOM,4408,2e-06,6821,0.002862,0.807,0.193,-0.649,-0.036,Sheets for veneering for plywood,44,Wood,1,Agriculture,0.0
paises_interes,2021,4409,193044876,0.1331379427507044,DOM,4409,3e-06,16827,0.005535,0.804,0.074,-0.921,-0.036,Wood shaped along its edges,44,Wood,1,Agriculture,0.0
paises_interes,2021,4410,17668065,0.0041345672608913454,DOM,4410,3e-06,37655,0.005227,0.83,0.488,0.042,-0.036,Particle board and similar board,44,Wood,1,Agriculture,0.0
paises_interes,2021,4411,174602126,0.12570671548516554,DOM,4411,1.3e-05,165145,0.0246,0.81,0.198,-0.148,-0.036,Fiberboard of wood,44,Wood,1,Agriculture,0.0
paises_interes,2021,4412,2121174617,0.4832550955417054,DOM,4412,4.2e-05,816894,0.076824,0.804,0.014,-0.697,-0.036,Plywood,44,Wood,1,Agriculture,0.008657181959960533
paises_interes,2021,4413,17360485,0.39557867053824675,DOM,4413,2.8e-05,12908,0.050309,0.816,0.331,-0.431,-0.036,Densified wood,44,Wood,1,Agriculture,1.0
paises_interes,2021,4414,274210659,0.7604152941812752,DOM,4414,3e-06,2685,0.005117,0.856,0.581,-0.216,-0.036,Wooden frames,44,Wood,1,Agriculture,1.0
paises_interes,2021,4415,30627960,0.08147013817085352,DOM,4415,9.9e-05,511572,0.18288,0.8,0.546,0.265,-0.036,Packing boxes,44,Wood,1,Agriculture,0.3350417927486258
paises_interes,2021,4416,6442162,0.03346575471851899,DOM,4416,2.5e-05,23913,0.046025,0.854,0.652,0.2,-0.036,"Casks, barrels, etc. of wood",44,Wood,1,Agriculture,0.1209802199640363
paises_interes,2021,4417,6697196,0.1512433695205495,DOM,4417,0.000126,61675,0.2307,0.82,0.44,-0.26,-0.036,Wooden tools,44,Wood,1,Agriculture,0.26600729631130926
paises_interes,2021,4418,760073132,0.21697554809150857,DOM,4418,1e-05,170611,0.018783,0.816,0.412,-0.066,-0.036,Wood carpentry for construction,44,Wood,1,Agriculture,0.2963407986589376
paises_interes,2021,4419,319526044,0.7424201376370525,DOM,4419,1e-06,1668,0.001498,0.833,0.419,-0.432,-0.036,Wooden kitchenware,44,Wood,1,Agriculture,1.0
paises_interes,2021,4420,860149136,0.8721886369349384,DOM,4420,4.9e-05,119440,0.089346,0.818,0.268,-0.545,-0.036,"Wood marquetry, ornaments, etc.",44,Wood,1,Agriculture,0.720587742799732
paises_interes,2021,4421,1363549205,0.5992197310358383,DOM,4421,2.3e-05,195313,0.041719,0.816,0.322,-0.284,-0.036,Other articles of wood,44,Wood,1,Agriculture,0.28335031462319454
paises_interes,2021,4501,85359,0.01623116522915095,DOM,4501,4.3e-05,10946,0.078919,0.844,0.208,-0.831,-0.036,"Natural cork, raw",45,Cork,1,Agriculture,1.0
paises_interes,2021,4503,216698,0.0015767507233419799,DOM,4503,0.0,0,0.0,0.863,0.001,-0.448,-0.036,Articles of natural cork,45,Cork,1,Agriculture,
paises_interes,2021,4504,8258749,0.05831093100110386,DOM,4504,1e-06,1142,0.001873,0.86,0.302,-0.367,-0.036,Agglomerated cork,45,Cork,1,Agriculture,0.0
paises_interes,2021,4601,78502198,0.811211698200786,DOM,4601,0.0,0,0.0,0.788,-0.092,-1.549,-0.036,Products of plaiting materials,46,Manufactues of plaiting materials,1,Agriculture,
paises_interes,2021,4602,720202190,0.7492615351430176,DOM,4602,5.8e-05,166076,0.105562,0.803,-0.006,-1.272,-0.036,Basketwork,46,Manufactues of plaiting materials,1,Agriculture,0.9614333196849635
paises_interes,2021,4703,0,0.0,DOM,4703,0.0,0,0.0,0.874,0.163,-0.245,-0.036,"Chemical woodpulp, soda or sulfate",47,Pulp of wood,1,Agriculture,
paises_interes,2021,4704,0,0.0,DOM,4704,0.0,0,0.0,0.889,0.759,0.779,-0.036,"Chemical woodpulp, sulfite",47,Pulp of wood,1,Agriculture,
paises_interes,2021,4706,2524552,0.08120548466211333,DOM,4706,0.0,0,0.0,0.848,0.298,-0.266,-0.036,Pulps of recovered paper fibers,47,Pulp of wood,1,Agriculture,
paises_interes,2021,4707,234672,0.0016545451777829141,DOM,4707,0.002124,19846656,3.942652,0.771,0.0,-0.11,-0.036,Paper waste,47,Pulp of wood,1,Agriculture,0.07068339371630163
paises_interes,2021,4801,4841616,0.0034070698089056044,DOM,4801,0.000195,1188863,0.355455,0.891,1.063,1.003,-0.036,Newsprint,48,Paper and paperboard,1,Agriculture,0.05921203704716187
paises_interes,2021,4802,4489601,0.004865861185246072,DOM,4802,0.000485,5697011,0.889512,0.848,0.645,0.307,-0.036,Paper used for graphic purposes,48,Paper and paperboard,1,Agriculture,0.6370552909236089
paises_interes,2021,4803,68073679,0.18189666228044268,DOM,4803,4.4e-05,165811,0.07973,0.789,0.033,-0.671,-0.036,Tissue,48,Paper and paperboard,1,Agriculture,0.5126197900018696
paises_interes,2021,4804,4612551,0.006011834498696807,DOM,4804,0.000163,2356733,0.299037,0.834,0.361,-0.182,-0.036,Uncoated kraft paper and paperboard,48,Paper and paperboard,1,Agriculture,0.2470470774584987
paises_interes,2021,4805,51700748,0.05341311146254203,DOM,4805,1.3e-05,246704,0.02459,0.82,0.443,-0.067,-0.036,Other uncoated paper and paperboard,48,Paper and paperboard,1,Agriculture,0.02622981386600947
paises_interes,2021,4806,1953138,0.008370955146572547,DOM,4806,1e-06,2515,0.002272,0.892,0.997,1.743,-0.036,Transparent paper,48,Paper and paperboard,1,Agriculture,1.0
paises_interes,2021,4807,805613,0.010255271170148293,DOM,4807,1.2e-05,9415,0.021641,0.855,0.785,0.421,-0.036,Uncoated composite paper,48,Paper and paperboard,1,Agriculture,1.0
paises_interes,2021,4808,8160494,0.10209789719839561,DOM,4808,0.000278,634275,0.511584,0.811,0.546,0.103,-0.036,Corrugated paper and paperboard,48,Paper and paperboard,1,Agriculture,0.7232572622285286
paises_interes,2021,4809,4674551,0.041600147500259324,DOM,4809,7e-05,64386,0.128831,0.858,0.788,0.255,-0.036,Carbon paper,48,Paper and paperboard,1,Agriculture,0.0
paises_interes,2021,4810,28111719,0.013689697145673705,DOM,4810,2.4e-05,596442,0.044654,0.882,0.863,0.688,-0.036,"Paper and paperboard, coated with kaolin",48,Paper and paperboard,1,Agriculture,0.31104952367539507
paises_interes,2021,4811,135003102,0.08521995612731277,DOM,4811,0.000313,6167484,0.585737,0.84,0.714,0.274,-0.036,"Cellulose wadding, coated",48,Paper and paperboard,1,Agriculture,0.6486499194809423
paises_interes,2021,4812,1724393,0.07613114636559275,DOM,4812,0.0,0,0.0,0.865,1.07,1.081,-0.036,Filter blocks of paper pulp,48,Paper and paperboard,1,Agriculture,
paises_interes,2021,4813,25903689,0.10633392194802668,DOM,4813,0.009652,21444038,17.744959,0.806,0.0,0.029,-0.036,Cigarette paper,48,Paper and paperboard,1,Agriculture,0.9166047924369468
paises_interes,2021,4814,16023801,0.13841759701337694,DOM,4814,2.2e-05,37852,0.040996,0.865,0.937,0.314,-0.036,Wallpaper,48,Paper and paperboard,1,Agriculture,0.05542639754834619
paises_interes,2021,4816,11254508,0.42861673221495084,DOM,4816,0.000413,212992,0.763996,0.858,0.464,0.324,-0.036,Other carbon paper,48,Paper and paperboard,1,Agriculture,0.7597562349759616
paises_interes,2021,4817,90785518,0.39883753875541145,DOM,4817,0.000244,252662,0.451997,0.82,0.633,-0.195,-0.036,Letterstock,48,Paper and paperboard,1,Agriculture,0.18313003142538253
paises_interes,2021,4818,803463161,0.28304008856619467,DOM,4818,0.000495,12903604,0.908897,0.79,0.308,-0.116,-0.036,Toilet paper,48,Paper and paperboard,1,Agriculture,0.5146015020299755
paises_interes,2021,4819,1728092602,0.45547515277255785,DOM,4819,0.001659,48352949,3.055823,0.759,0.0,-0.516,-0.036,Cardboard packing containers,48,Paper and paperboard,1,Agriculture,0.21494345670622902
paises_interes,2021,4820,522512398,0.6096358982846137,DOM,4820,0.000309,1241938,0.569871,0.773,0.003,-0.674,-0.036,Notebooks,48,Paper and paperboard,1,Agriculture,0.553729735300796
paises_interes,2021,4821,137735145,0.27914077174378416,DOM,4821,0.002425,13039280,4.796734,0.78,0.0,0.091,-0.036,Paper labels,48,Paper and paperboard,1,Agriculture,0.15156680430207803
paises_interes,2021,4822,12132984,0.3931568518065343,DOM,4822,0.000373,194122,0.702027,0.812,0.496,0.181,-0.036,"Bobbins, spools, cops of paper",48,Paper and paperboard,1,Agriculture,0.22040778479512885
paises_interes,2021,4823,804709191,0.4924351928770953,DOM,4823,0.000741,8604601,1.385298,0.806,0.0,0.282,-0.036,Other paper cut to size,48,Paper and paperboard,1,Agriculture,0.552481980280085
paises_interes,2021,4901,483969178,0.24372487294308004,DOM,4901,8.6e-05,1281712,0.16078,0.827,0.79,0.428,-0.036,"Books, brochures etc.",49,Products of the printing industry,1,Agriculture,0.5427795011671889
paises_interes,2021,4902,818399,0.012417930262918434,DOM,4902,0.000371,954918,0.679475,0.848,1.06,0.838,-0.036,"Newspapers, journals and periodicals",49,Products of the printing industry,1,Agriculture,0.0023164292640834084
paises_interes,2021,4903,300524861,0.8630693250456737,DOM,4903,2.1e-05,27654,0.041809,0.867,0.742,0.798,-0.036,Children's books,49,Products of the printing industry,1,Agriculture,0.0
paises_interes,2021,4904,132557,0.01884396161465245,DOM,4904,0.0,0,0.0,0.899,0.004,1.581,-0.036,"Music, printed or in manuscript",49,Products of the printing industry,1,Agriculture,
paises_interes,2021,4905,2701848,0.15925114977311033,DOM,4905,0.00033,47710,0.630142,0.853,0.994,0.509,-0.036,Maps,49,Products of the printing industry,1,Agriculture,0.16985956822469084
paises_interes,2021,4906,131325,0.019549677841554793,DOM,4906,0.0,0,0.0,0.867,0.003,0.417,-0.036,"Architectural, engineering, etc. drawings",49,Products of the printing industry,1,Agriculture,
paises_interes,2021,4907,4319421,0.02607269240636254,DOM,4907,3.9e-05,118131,0.079268,0.785,-0.174,-0.785,-0.036,Unused stamps,49,Products of the printing industry,1,Agriculture,0.11516028815467574
paises_interes,2021,4908,90057205,0.5157679939876744,DOM,4908,0.000262,342717,0.570223,0.856,1.047,0.641,-0.036,Transfers (decalcomanias),49,Products of the printing industry,1,Agriculture,0.007140001809072792
paises_interes,2021,4909,302743640,0.8975500395251986,DOM,4909,1.3e-05,13884,0.024063,0.861,0.511,-0.104,-0.036,Printed or illustrated postcards,49,Products of the printing industry,1,Agriculture,0.8195044655718813
paises_interes,2021,4910,52070146,0.5233151417761467,DOM,4910,0.000298,135889,0.550717,0.848,0.948,0.448,-0.036,Calendars,49,Products of the printing industry,1,Agriculture,0.24120421814863602
paises_interes,2021,4911,425328737,0.3415716805052542,DOM,4911,0.000229,2217542,0.421459,0.829,0.889,0.551,-0.036,Other printed matter,49,Products of the printing industry,1,Agriculture,0.8409473191488595
paises_interes,2021,5004,7402856,0.7517923075212276,DOM,5004,0.000299,51692,0.545672,0.852,0.313,-0.405,-0.036,Silk yarn,50,Silk,0,Textiles,1.0
paises_interes,2021,5007,6552092,0.1435059550083171,DOM,5007,0.0,0,0.0,0.878,0.813,0.326,-0.036,Woven silk fabrics,50,Silk,0,Textiles,
paises_interes,2021,5101,264674,0.019491495217449833,DOM,5101,0.0,0,0.0,0.848,-0.296,-2.375,-0.036,Wool,51,Wool,0,Textiles,
paises_interes,2021,5102,49436,0.008869416695372603,DOM,5102,2e-06,1549,0.004631,0.841,0.04,-2.016,-0.036,Animal hair,51,Wool,0,Textiles,0.0
paises_interes,2021,5105,3141786,0.3300044934926286,DOM,5105,1e-06,1894,0.002009,0.869,0.56,-0.738,-0.036,"Wool, combed",51,Wool,0,Textiles,1.0
paises_interes,2021,5111,1050385,0.01916022685784483,DOM,5111,2e-06,2036,0.004447,0.865,0.835,0.414,-0.036,Woven fabrics of carded wool,51,Wool,0,Textiles,1.0
paises_interes,2021,5112,1815981,0.03950323380640328,DOM,5112,0.000291,366105,0.533825,0.86,0.785,0.465,-0.036,Woven fabrics of combed wool,51,Wool,0,Textiles,0.008686032695538165
paises_interes,2021,5201,18179,0.002112770014773933,DOM,5201,0.0,0,0.0,0.784,-0.441,-2.244,-0.036,Raw cotton,52,Cotton,0,Textiles,
paises_interes,2021,5202,154771,0.009191322098736384,DOM,5202,0.000197,85897,0.361647,0.769,-0.294,-1.879,-0.036,Cotton waste,52,Cotton,0,Textiles,0.0
paises_interes,2021,5203,74022,0.053066588094106415,DOM,5203,0.0,0,0.0,0.791,-0.078,-1.162,-0.036,"Cotton, carded or combed",52,Cotton,0,Textiles,
paises_interes,2021,5204,2037771,0.1449478847393981,DOM,5204,0.006267,901224,11.806083,0.762,0.0,-0.874,-0.036,Cotton sewing thread,52,Cotton,0,Textiles,0.08569345689861788
paises_interes,2021,5205,6379719,0.04906021820285474,DOM,5205,2.6e-05,403475,0.048462,0.778,-0.317,-1.902,-0.036,Cotton yarn of > 85%,52,Cotton,0,Textiles,0.010734246235826259
paises_interes,2021,5206,7075536,0.38034307948444546,DOM,5206,1.1e-05,21035,0.02067,0.807,0.112,-0.907,-0.036,Cotton yarn of < 85%,52,Cotton,0,Textiles,0.0
paises_interes,2021,5207,4866862,0.06588437793650342,DOM,5207,1.2e-05,5025,0.023032,0.81,0.234,-0.591,-0.036,Cotton yarn for retail sale,52,Cotton,0,Textiles,0.0
paises_interes,2021,5208,89067334,0.19797865104320955,DOM,5208,0.002017,23370533,3.71229,0.789,0.0,-1.245,-0.036,Woven fabrics of cotton of > 85% weighing < 200 g/m2,52,Cotton,0,Textiles,0.002389675922239343
paises_interes,2021,5209,27893676,0.18434662712832567,DOM,5209,0.000904,5543066,1.697328,0.773,-0.0,-1.156,-0.036,Woven fabrics of cotton of < 85% weighing > 200 g/m2,52,Cotton,0,Textiles,0.018445207038848176
paises_interes,2021,5210,20739638,0.31033385173258643,DOM,5210,0.000295,545012,0.550871,0.835,0.234,-0.946,-0.036,Woven fabrics of cotton of < 85% weighing < 200 g/m2,52,Cotton,0,Textiles,0.00661269843599774
paises_interes,2021,5211,18551980,0.3358590922587202,DOM,5211,1.5e-05,60690,0.028554,0.841,0.363,-0.409,-0.036,Woven fabrics of cotton of < 85% weighing > 200 g/m2,52,Cotton,0,Textiles,0.022310100510792553
paises_interes,2021,5212,3310235,0.09779818151430648,DOM,5212,0.219169,150196902,403.255035,0.808,0.0,-0.937,-0.036,Other woven cotton fabrics,52,Cotton,0,Textiles,0.0015764040193052718
paises_interes,2021,5301,80124,0.0035862197746156384,DOM,5301,0.0,0,0.0,0.867,0.496,0.228,-0.036,"Flax, raw or processed",53,Other vegetable textile fibres,0,Textiles,
paises_interes,2021,5303,40813,0.013268533292760159,DOM,5303,0.001642,367226,2.997923,0.763,-0.0,-1.654,-0.036,Textile bast fibers,53,Other vegetable textile fibres,0,Textiles,0.8782330227162565
paises_interes,2021,5305,283521,0.0031508915545790848,DOM,5305,0.00045,408127,0.821044,0.797,-0.281,-1.858,-0.036,Vegetable textile fibers,53,Other vegetable textile fibres,0,Textiles,0.9608381704714464
paises_interes,2021,5309,20987893,0.1723575256957367,DOM,5309,3.1e-05,50848,0.057326,0.859,0.839,0.676,-0.036,Woven fabrics of flax,53,Other vegetable textile fibres,0,Textiles,0.0
paises_interes,2021,5310,1202956,0.028213237018621887,DOM,5310,0.0,0,0.0,0.785,-0.154,-2.174,-0.036,Woven fabrics of jute or of other textile bast fibers,53,Other vegetable textile fibres,0,Textiles,
paises_interes,2021,5311,1110961,0.11177960995897715,DOM,5311,0.013509,2795721,24.816236,0.783,0.0,-0.647,-0.036,Woven fabrics of vegetable textile fibers,53,Other vegetable textile fibres,0,Textiles,1.0
paises_interes,2021,5401,6993101,0.13942503961783137,DOM,5401,0.00483,5865481,9.202314,0.782,0.0,-0.243,-0.036,Synthetic sowing thread,54,Man-made filaments,0,Textiles,0.08675281703239683
paises_interes,2021,5402,303089863,0.2836705238556386,DOM,5402,0.0016,30758530,3.08682,0.787,0.0,-0.067,-0.036,Synthetic filament yarn,54,Man-made filaments,0,Textiles,0.8403056973138834
paises_interes,2021,5403,1071908,0.0571954412174625,DOM,5403,0.0,0,0.0,0.858,0.719,0.474,-0.036,Artificial filament yarn,54,Man-made filaments,0,Textiles,
paises_interes,2021,5404,33099121,0.18573406543453588,DOM,5404,8.2e-05,124010,0.153267,0.837,0.842,0.727,-0.036,"Synthetic monofilament >67 dtex, thickness < 1mm",54,Man-made filaments,0,Textiles,0.008394484315780985
paises_interes,2021,5406,28503328,0.8059401884068155,DOM,5406,3.3e-05,4641,0.060186,0.847,0.444,-0.362,-0.036,Synthetic filament yarn for retail sale,54,Man-made filaments,0,Textiles,0.0
paises_interes,2021,5407,326536257,0.36316931262207225,DOM,5407,3e-05,850701,0.05917,0.818,0.076,-0.625,-0.036,Woven fabrics of synthetic filament yarn,54,Man-made filaments,0,Textiles,0.05851292052084105
paises_interes,2021,5408,4598835,0.17491946056234803,DOM,5408,3e-06,3200,0.005514,0.851,0.71,-0.069,-0.036,Woven fabrics of artificial filament yarn,54,Man-made filaments,0,Textiles,0.0
paises_interes,2021,5501,5187911,0.046927930370492865,DOM,5501,0.0,0,0.0,0.847,0.444,-0.072,-0.036,Synthetic filament tow,55,Man-made staple fibres,0,Textiles,
paises_interes,2021,5502,0,0.0,DOM,5502,0.000124,205220,0.22621,0.889,0.876,0.809,-0.036,Artificial filament tow,55,Man-made staple fibres,0,Textiles,1.0
paises_interes,2021,5503,171098457,0.21520089574690396,DOM,5503,4e-06,29026,0.007535,0.822,0.472,0.421,-0.036,Synthetic staple fibers,55,Man-made staple fibres,0,Textiles,0.5883690484393302
paises_interes,2021,5504,77622288,0.3455739186979358,DOM,5504,0.0,0,0.0,0.856,0.665,0.401,-0.036,"Artificial staple fibers, not processed for spinning",55,Man-made staple fibres,0,Textiles,
paises_interes,2021,5505,394163,0.06369042963889857,DOM,5505,0.000219,48994,0.405312,0.793,0.21,-0.591,-0.036,Waste of man-made fibers,55,Man-made staple fibres,0,Textiles,0.6316283626566518
paises_interes,2021,5506,471205,0.014258930657516437,DOM,5506,0.0,0,0.0,0.857,0.698,0.366,-0.036,"Synthetic staple fibers, processed",55,Man-made staple fibres,0,Textiles,
paises_interes,2021,5507,3929,0.007792125372104231,DOM,5507,0.0,0,0.0,0.889,0.004,0.97,-0.036,"Artificial staple fibers, processed",55,Man-made staple fibres,0,Textiles,
paises_interes,2021,5508,8865550,0.7555535064030146,DOM,5508,0.000234,167979,0.451303,0.782,0.018,-0.834,-0.036,Synthetic staple fibers sewing thread,55,Man-made staple fibres,0,Textiles,0.4223504128492252
paises_interes,2021,5509,49174785,0.33167221762821497,DOM,5509,1e-06,3658,0.001224,0.798,0.217,-0.541,-0.036,"Yarn of synthetic staple fibers, not for retail sale",55,Man-made staple fibres,0,Textiles,0.31683980317113175
paises_interes,2021,5510,11917762,0.3643949377628352,DOM,5510,0.0,0,0.0,0.848,0.5,-0.136,-0.036,"Yarn of artificial staple fibers, not for retail sale",55,Man-made staple fibres,0,Textiles,
paises_interes,2021,5511,7370302,0.05718118547644988,DOM,5511,0.0,0,0.0,0.818,-0.058,-0.864,-0.036,"Yarn of synthetic staple fibers, for retail sale",55,Man-made staple fibres,0,Textiles,
paises_interes,2021,5512,32165575,0.26737390823268076,DOM,5512,0.000972,2815640,1.821056,0.815,0.0,-0.371,-0.036,Woven fabrics of > 85% synthetic staple fibers,55,Man-made staple fibres,0,Textiles,0.41099004134051226
paises_interes,2021,5513,15259336,0.47201259555152386,DOM,5513,0.000184,437059,0.341749,0.805,0.018,-1.954,-0.036,Woven fabrics of < 85% synthetic staple fibers weighing < 170 g/m2,55,Man-made staple fibres,0,Textiles,0.07596914833008815
paises_interes,2021,5514,10531708,0.44079259317327607,DOM,5514,0.000173,394364,0.320623,0.818,0.356,-0.875,-0.036,Woven fabrics of < 85% synthetic staple fibers weighing > 170 g/m2,55,Man-made staple fibres,0,Textiles,0.16159690032558752
paises_interes,2021,5515,15052140,0.2933773714945682,DOM,5515,1.2e-05,40189,0.022752,0.831,0.442,0.031,-0.036,Other woven fabrics of synthetic staple fibers,55,Man-made staple fibres,0,Textiles,0.26129040284655003
paises_interes,2021,5516,39352451,0.5470609974084408,DOM,5516,0.0,0,0.0,0.874,0.002,-0.263,-0.036,Woven fabrics of artificial staple fibers,55,Man-made staple fibres,0,Textiles,
paises_interes,2021,5601,45120216,0.2521275450818321,DOM,5601,0.000696,1736973,1.28257,0.791,0.0,-0.202,-0.036,Wadding of textile materials,56,"Wadding, felt and nonwovens",0,Textiles,0.9166262227449707
paises_interes,2021,5602,32348287,0.21184722361869426,DOM,5602,0.000635,834891,1.191841,0.817,0.0,0.51,-0.036,Felt,56,"Wadding, felt and nonwovens",0,Textiles,0.6755612409284565
paises_interes,2021,5603,401295360,0.2214749865225559,DOM,5603,0.000102,1883815,0.194866,0.846,1.059,0.998,-0.036,Nonwoven textiles,56,"Wadding, felt and nonwovens",0,Textiles,0.5822434793225449
paises_interes,2021,5604,47017255,0.5364268318431427,DOM,5604,0.000324,270869,0.612349,0.833,0.547,-0.011,-0.036,Rubber textiles,56,"Wadding, felt and nonwovens",0,Textiles,0.16361783740479716
paises_interes,2021,5605,777201,0.09441249314259087,DOM,5605,0.0,0,0.0,0.856,0.774,0.201,-0.036,Metallised yarn,56,"Wadding, felt and nonwovens",0,Textiles,
paises_interes,2021,5606,26813401,0.5682045716081748,DOM,5606,0.0,0,0.0,0.849,0.855,0.685,-0.036,Gimp yarn,56,"Wadding, felt and nonwovens",0,Textiles,
paises_interes,2021,5607,192682429,0.42176160949205743,DOM,5607,0.000411,1292230,0.774372,0.787,0.069,-0.594,-0.036,Twine and ropes of baste fibers,56,"Wadding, felt and nonwovens",0,Textiles,0.9691161790083809
paises_interes,2021,5608,98089157,0.6107408515196594,DOM,5608,0.000642,1405513,1.199276,0.765,0.0,-1.114,-0.036,Nets,56,"Wadding, felt and nonwovens",0,Textiles,0.0
paises_interes,2021,5609,121592519,0.73536882521461,DOM,5609,0.000642,495708,1.214374,0.781,0.0,-0.39,-0.036,"Articles of yarn, rope etc not elsewhere clasified",56,"Wadding, felt and nonwovens",0,Textiles,0.6963696369636964
paises_interes,2021,5701,5458318,0.014771057802287418,DOM,5701,2e-06,2327,0.004875,0.83,0.046,-1.01,-0.036,"Carpets, knotted",57,Carpets,0,Textiles,0.0
paises_interes,2021,5702,125262114,0.0731733579141195,DOM,5702,1e-06,7418,0.002291,0.819,0.076,-0.965,-0.036,Woven carpets and rugs,57,Carpets,0,Textiles,0.41466702615260176
paises_interes,2021,5703,399020951,0.33787931758400314,DOM,5703,3e-06,25343,0.006373,0.837,0.462,-0.02,-0.036,"Carpets, tufted",57,Carpets,0,Textiles,0.5039261334490787
paises_interes,2021,5704,8545841,0.1889254258605563,DOM,5704,0.0,0,0.0,0.852,0.726,0.268,-0.036,Carpets of felt,57,Carpets,0,Textiles,
paises_interes,2021,5705,332159871,0.5593619665293674,DOM,5705,3e-06,8221,0.005964,0.833,0.11,-1.101,-0.036,Other carpets,57,Carpets,0,Textiles,0.0
paises_interes,2021,5801,133385228,0.6094883787783514,DOM,5801,1.9e-05,43949,0.035643,0.858,0.843,0.518,-0.036,Woven pile fabrics,58,Special woven fabrics,0,Textiles,0.0
paises_interes,2021,5804,20085772,0.640416150875417,DOM,5804,5.1e-05,76399,0.111612,0.829,0.248,-0.612,-0.036,Lace and net fabrics,58,Special woven fabrics,0,Textiles,0.0
paises_interes,2021,5806,124788145,0.3129958864796431,DOM,5806,0.001852,8163856,3.852566,0.776,0.0,0.04,-0.036,Narrow woven fabrics,58,Special woven fabrics,0,Textiles,0.015601206096726841
paises_interes,2021,5807,14051953,0.34744688120998163,DOM,5807,0.001951,2430917,4.525306,0.775,0.0,-0.436,-0.036,Labels and badges of textiles,58,Special woven fabrics,0,Textiles,0.5681600811545602
paises_interes,2021,5808,15886642,0.2541840799164948,DOM,5808,0.000131,63953,0.259616,0.819,0.337,-0.424,-0.036,Braids in piece,58,Special woven fabrics,0,Textiles,0.0
paises_interes,2021,5810,48984833,0.4360953909149353,DOM,5810,0.002953,4759382,5.609345,0.791,0.0,-0.503,-0.036,Embroidery in the piece,58,Special woven fabrics,0,Textiles,0.9870075568634751
paises_interes,2021,5811,6814121,0.30476272983482905,DOM,5811,0.014698,3641686,27.164078,0.799,0.0,0.057,-0.036,Quilted textile products,58,Special woven fabrics,0,Textiles,0.0
paises_interes,2021,5901,96504313,0.7136113114864302,DOM,5901,0.00891,5331164,16.357674,0.811,0.0,-0.419,-0.036,Stiffened textiles,59,"Impregnated, coated or laminated textile fabrics",0,Textiles,0.4090800808228747
paises_interes,2021,5902,253396577,0.6362017638060962,DOM,5902,0.0,0,0.0,0.853,0.651,0.738,-0.036,Tire cord fabric,59,"Impregnated, coated or laminated textile fabrics",0,Textiles,
paises_interes,2021,5903,286229513,0.23265001702465707,DOM,5903,7.2e-05,970356,0.141976,0.872,0.989,1.161,-0.036,Textile fabrics impregnated with plastics,59,"Impregnated, coated or laminated textile fabrics",0,Textiles,0.024442575714480046
paises_interes,2021,5905,15973119,0.44203521870617785,DOM,5905,0.0,0,0.0,0.872,0.003,0.615,-0.036,Textile wall coverings,59,"Impregnated, coated or laminated textile fabrics",0,Textiles,
paises_interes,2021,5906,22227565,0.16446043329202456,DOM,5906,5.2e-05,85441,0.100219,0.859,1.038,1.164,-0.036,Rubberized textile fabrics,59,"Impregnated, coated or laminated textile fabrics",0,Textiles,0.019007268173359394
paises_interes,2021,5907,32884876,0.3628180698224356,DOM,5907,0.000187,170226,0.346937,0.866,0.746,0.779,-0.036,"Other textile fabrics impregnated, coated or covered",59,"Impregnated, coated or laminated textile fabrics",0,Textiles,0.28100877656762185
paises_interes,2021,5908,1928792,0.18985199101801858,DOM,5908,0.000201,11597,0.337333,0.858,0.002,-0.42,-0.036,Textile wicks,59,"Impregnated, coated or laminated textile fabrics",0,Textiles,0.12494610675174614
paises_interes,2021,5909,17353548,0.2620557426744308,DOM,5909,6.9e-05,26010,0.127375,0.861,1.119,0.899,-0.036,Textile hosepiping and similar tubing,59,"Impregnated, coated or laminated textile fabrics",0,Textiles,0.790080738177624
paises_interes,2021,5910,8118888,0.10848191567889952,DOM,5910,0.0,0,0.0,0.869,1.243,1.242,-0.036,"Transmission belts or belting, of textile material",59,"Impregnated, coated or laminated textile fabrics",0,Textiles,
paises_interes,2021,5911,76420816,0.1154234782311311,DOM,5911,5.4e-05,293557,0.099661,0.848,1.15,0.983,-0.036,Textile articles for technical use,59,"Impregnated, coated or laminated textile fabrics",0,Textiles,0.0
paises_interes,2021,6001,88598876,0.642267471288685,DOM,6001,0.0,0,0.0,0.856,0.001,-0.346,-0.036,"Pile fabrics, knit",60,Knitted fabrics,0,Textiles,
paises_interes,2021,6002,428654384,0.35855449687169316,DOM,6002,4.2e-05,1421925,0.085867,0.791,0.039,-0.166,-0.036,Other knitted fabrics,60,Knitted fabrics,0,Textiles,0.13490725600857992
paises_interes,2021,6101,297855191,0.4977216376567546,DOM,6101,0.000258,644166,0.473557,0.769,-0.026,-1.043,-0.036,"Men's overcoats, knit",61,"Apparel, knit",0,Textiles,0.8031051002381374
paises_interes,2021,6102,392829421,0.7067192946727031,DOM,6102,0.001783,6348066,3.280082,0.755,0.0,-0.919,-0.036,"Women's overcoats, knit",61,"Apparel, knit",0,Textiles,0.9988628032537784
paises_interes,2021,6103,2144837953,0.5988786365169944,DOM,6103,0.000126,1926401,0.232667,0.762,-0.259,-1.355,-0.036,"Men's suits, knit",61,"Apparel, knit",0,Textiles,0.8647410378213051
paises_interes,2021,6104,7182342138,0.7661186458994383,DOM,6104,0.000246,9950431,0.454816,0.757,-0.225,-1.285,-0.036,"Women's suits, knit",61,"Apparel, knit",0,Textiles,0.9430218650830301
paises_interes,2021,6105,456923716,0.248759861708673,DOM,6105,0.000339,2342727,0.629714,0.75,-0.351,-1.347,-0.036,"Men's shirts, knit",61,"Apparel, knit",0,Textiles,0.5047745640016955
paises_interes,2021,6106,278373722,0.2743289663410536,DOM,6106,0.0003,1133386,0.554684,0.755,-0.16,-1.188,-0.036,"Women's shirts, knit",61,"Apparel, knit",0,Textiles,0.82844414877191
paises_interes,2021,6107,1496439079,0.6221388876389479,DOM,6107,3.4e-05,291177,0.062229,0.77,-0.159,-1.423,-0.036,"Men's undergarments, knit",61,"Apparel, knit",0,Textiles,0.06894088475394691
paises_interes,2021,6108,2830526423,0.6778197636778035,DOM,6108,0.000672,10240863,1.23236,0.741,-0.0,-1.515,-0.036,"Women's undergarments, knit",61,"Apparel, knit",0,Textiles,0.8831700023718704
paises_interes,2021,6109,3618150294,0.3860858405319819,DOM,6109,0.007664,339173417,14.214559,0.738,-0.0,-1.174,-0.036,"T-shirts, knit",61,"Apparel, knit",0,Textiles,0.6174580951902843
paises_interes,2021,6110,8686683920,0.654071361061287,DOM,6110,0.000959,55126387,1.775116,0.743,-0.0,-1.118,-0.036,"Sweaters, pullovers, sweatshirts etc., knit",61,"Apparel, knit",0,Textiles,0.9778730465321444
paises_interes,2021,6111,1299819968,0.6234130213886062,DOM,6111,5e-06,43583,0.009967,0.772,-0.26,-1.34,-0.036,"Babies' garments, knit",61,"Apparel, knit",0,Textiles,0.16910263176008994
paises_interes,2021,6112,1024628888,0.8241402856538336,DOM,6112,0.001801,9416965,3.324672,0.765,-0.0,-0.878,-0.036,"Activewear, knit",61,"Apparel, knit",0,Textiles,0.984299081498126
paises_interes,2021,6114,1168208858,0.40783232074116404,DOM,6114,0.00024,2225233,0.440207,0.776,-0.11,-1.292,-0.036,"Other garments, knit",61,"Apparel, knit",0,Textiles,0.7223904193403567
paises_interes,2021,6115,1859456502,0.6444779156799265,DOM,6115,0.000224,3073849,0.412192,0.785,0.1,-1.016,-0.036,"Socks, stockings, etc., knit",61,"Apparel, knit",0,Textiles,0.7444923286732692
paises_interes,2021,6116,751879298,0.6894237711920779,DOM,6116,7e-06,38333,0.013253,0.802,0.047,-0.757,-0.036,"Gloves, knit",61,"Apparel, knit",0,Textiles,0.6330837659457909
paises_interes,2021,6117,283451154,0.7224067259413945,DOM,6117,0.001102,3800064,2.070977,0.772,0.0,-0.845,-0.036,"Other clothing accesories, knit",61,"Apparel, knit",0,Textiles,0.14527834268054432
paises_interes,2021,6201,1268364577,0.6621821525977957,DOM,6201,0.000777,11904785,1.428922,0.769,0.0,-0.838,-0.036,"Men's overcoats, not knit",62,"Apparel, not knit",0,Textiles,0.9871888488536332
paises_interes,2021,6202,1165025306,0.6532266448886419,DOM,6202,4.6e-05,888601,0.08495,0.819,0.349,-0.215,-0.036,"Womens overcoats, not knit",62,"Apparel, not knit",0,Textiles,0.7962583881854736
paises_interes,2021,6203,3214360850,0.3741025176355133,DOM,6203,0.00031,12945635,0.570795,0.765,-0.125,-1.121,-0.036,Men's suits and pants,62,"Apparel, not knit",0,Textiles,0.8900322000427171
paises_interes,2021,6204,7264345780,0.6377970757809363,DOM,6204,8.4e-05,5454655,0.155343,0.768,-0.173,-1.18,-0.036,Women's suits and pants,62,"Apparel, not knit",0,Textiles,0.8866472765005303
paises_interes,2021,6205,841520734,0.37251276181119997,DOM,6205,0.001013,9662244,1.875754,0.748,-0.0,-1.217,-0.036,Men's shirts,62,"Apparel, not knit",0,Textiles,0.9529421943805186
paises_interes,2021,6206,853096676,0.5435518743269222,DOM,6206,0.000173,1764579,0.317187,0.779,-0.032,-0.949,-0.036,Women's shirts,62,"Apparel, not knit",0,Textiles,0.8111623225709929
paises_interes,2021,6207,155950372,0.43526533978365534,DOM,6207,8.7e-05,120910,0.158986,0.772,-0.19,-1.351,-0.036,Men's undergarments,62,"Apparel, not knit",0,Textiles,0.026912579604664626
paises_interes,2021,6208,345633777,0.6756795207000847,DOM,6208,0.000524,1463679,0.964029,0.774,-0.221,-1.28,-0.036,Women's undergarments,62,"Apparel, not knit",0,Textiles,0.877940450057697
paises_interes,2021,6209,155357729,0.4416801004939265,DOM,6209,2.7e-05,54199,0.050314,0.78,-0.186,-1.16,-0.036,Babies' garments,62,"Apparel, not knit",0,Textiles,0.2581228435949003
paises_interes,2021,6210,1563956220,0.6854084975669268,DOM,6210,0.000446,5465759,0.820339,0.791,0.036,-0.821,-0.036,Garments made of textile felts and nonwoven fabric,62,"Apparel, not knit",0,Textiles,0.8974541321708477
paises_interes,2021,6211,1345247888,0.5248177639773253,DOM,6211,0.00026,3413404,0.476653,0.767,-0.112,-1.037,-0.036,Activewear,62,"Apparel, not knit",0,Textiles,0.8474226900771195
paises_interes,2021,6212,1914944459,0.6390934679275937,DOM,6212,0.003108,36668695,5.811961,0.751,-0.0,-1.1,-0.036,Brassieres,62,"Apparel, not knit",0,Textiles,0.8067689346457516
paises_interes,2021,6213,16085087,0.6586207544628838,DOM,6213,0.00029,37729,0.486387,0.836,0.001,-0.901,-0.036,Handkerchiefs,62,"Apparel, not knit",0,Textiles,1.0
paises_interes,2021,6214,184586971,0.5447341929591842,DOM,6214,0.000243,738498,0.45061,0.843,0.41,-0.495,-0.036,"Shawls, scarves, etc.",62,"Apparel, not knit",0,Textiles,0.9800446311296713
paises_interes,2021,6215,47756271,0.7072780686246588,DOM,6215,0.000176,59570,0.32441,0.861,0.735,0.014,-0.036,"Ties, bow ties and cravats",62,"Apparel, not knit",0,Textiles,1.0
paises_interes,2021,6216,263154496,0.8259619391251247,DOM,6216,1.4e-05,15032,0.025657,0.824,0.2,-0.672,-0.036,Gloves,62,"Apparel, not knit",0,Textiles,0.6818121341138904
paises_interes,2021,6217,65700905,0.25412561941734657,DOM,6217,0.004641,13223271,8.861082,0.764,0.0,-0.543,-0.036,Other clothing accesories,62,"Apparel, not knit",0,Textiles,0.621152663361433
paises_interes,2021,6301,1641154065,0.8704044894806623,DOM,6301,0.001689,9201808,2.830842,0.8,0.0,-1.257,-0.036,Blankets,63,Other made up textile articles,0,Textiles,0.960374526397421
paises_interes,2021,6302,3090108982,0.47013191328671083,DOM,6302,0.000134,3111944,0.245419,0.803,-0.0,-1.091,-0.036,House linen,63,Other made up textile articles,0,Textiles,0.37957334707822504
paises_interes,2021,6303,1170552648,0.6251541645347959,DOM,6303,9e-06,58273,0.017598,0.845,0.418,-0.217,-0.036,Curtains,63,Other made up textile articles,0,Textiles,0.08214782146105401
paises_interes,2021,6304,914252803,0.4077117085800287,DOM,6304,5.1e-05,306669,0.093251,0.801,0.025,-1.067,-0.036,Other furnishing articles,63,Other made up textile articles,0,Textiles,0.3697015348796259
paises_interes,2021,6305,305486508,0.3796239965311745,DOM,6305,0.000603,3686253,1.108577,0.721,-0.0,-1.701,-0.036,Bags for packing goods,63,Other made up textile articles,0,Textiles,0.18621185252341604
paises_interes,2021,6306,1464202984,0.8212483184909044,DOM,6306,0.0001,716669,0.184563,0.802,0.102,-0.79,-0.036,"Tents, tarpaulins, etc.",63,Other made up textile articles,0,Textiles,0.0
paises_interes,2021,6307,4149035797,0.697476011388672,DOM,6307,0.002496,62819379,4.603339,0.768,0.0,-0.601,-0.036,Other made up articles,63,Other made up textile articles,0,Textiles,0.7455882045570683
paises_interes,2021,6308,9551544,0.535678496798226,DOM,6308,0.00035,37793,0.586281,0.834,0.002,0.118,-0.036,Needlecraft sets of woven fabric and yarn,63,Other made up textile articles,0,Textiles,0.9133172809779588
paises_interes,2021,6309,432509,0.012088179323025177,DOM,6309,0.000324,1571152,0.597797,0.807,0.246,-0.47,-0.036,Used clothes and textiles,63,Other made up textile articles,0,Textiles,0.013458914223448781
paises_interes,2021,6310,547482,0.007175578858233109,DOM,6310,0.039919,24021408,74.062294,0.754,-0.0,-1.023,-0.036,Used or new rags textile scraps,63,Other made up textile articles,0,Textiles,0.1460572585920026
paises_interes,2021,6401,286445511,0.7772150116880507,DOM,6401,0.019559,34220747,35.872643,0.769,0.0,-0.704,-0.036,Waterproof footwear,64,Footwear,0,Textiles,0.9473832643103904
paises_interes,2021,6402,5379717983,0.8804786396033043,DOM,6402,0.000298,10562572,0.547055,0.801,0.041,-1.065,-0.036,Other footwear of rubber or plastics,64,Footwear,0,Textiles,0.7062449373126166
paises_interes,2021,6403,6157594612,0.6573811099375942,DOM,6403,0.001526,70606065,2.807271,0.782,0.0,-0.35,-0.036,Leather footwear,64,Footwear,0,Textiles,0.7586370236041338
paises_interes,2021,6404,8127826696,0.9168851262281105,DOM,6404,0.000694,26560261,1.280388,0.803,0.0,-0.299,-0.036,Textile footwear,64,Footwear,0,Textiles,0.8909785939227028
paises_interes,2021,6405,462401351,0.6936236963447093,DOM,6405,0.018444,61436196,33.845734,0.753,-0.0,-0.997,-0.036,Other footwear,64,Footwear,0,Textiles,0.9375494211913772
paises_interes,2021,6406,165785426,0.5931110110381831,DOM,6406,0.001367,11805393,2.593461,0.785,0.0,-0.643,-0.036,Parts of footwear,64,Footwear,0,Textiles,0.9098319725569491
paises_interes,2021,6501,390335,0.022233518041625412,DOM,6501,0.000534,36939,0.895549,0.843,0.0,-1.214,-0.036,Hat forms,65,Headgear,0,Textiles,1.0
paises_interes,2021,6502,3405796,0.6407916339133416,DOM,6502,0.0,0,0.0,0.848,0.001,-1.123,-0.036,Hat shapes,65,Headgear,0,Textiles,
paises_interes,2021,6504,79960047,0.6794028830473284,DOM,6504,0.001568,575508,2.884978,0.785,0.0,-0.761,-0.036,Hats,65,Headgear,0,Textiles,0.6394107466794554
paises_interes,2021,6505,1086469331,0.6481810620059996,DOM,6505,0.000235,1387636,0.435935,0.817,0.31,-0.897,-0.036,"Hats, knit",65,Headgear,0,Textiles,0.8690023896756787
paises_interes,2021,6506,612226815,0.7069836252696383,DOM,6506,0.000126,608810,0.233169,0.859,1.01,0.58,-0.036,Other headgear,65,Headgear,0,Textiles,0.6511078990161134
paises_interes,2021,6507,25576386,0.39995643955881666,DOM,6507,0.000956,362651,1.853024,0.806,0.0,-0.27,-0.036,Headbands,65,Headgear,0,Textiles,0.9919233643365108
paises_interes,2021,6601,585832425,0.9724056396963184,DOM,6601,1.8e-05,54327,0.030277,0.857,0.002,0.216,-0.036,Umbrellas,66,Umbrellas and walking-sticks,0,Textiles,0.17847479154011817
paises_interes,2021,6602,58141109,0.8253382615715356,DOM,6602,0.0,0,0.0,0.869,0.761,0.35,-0.036,Walking sticks,66,Umbrellas and walking-sticks,0,Textiles,
paises_interes,2021,6603,78916315,0.9410812574558414,DOM,6603,2.6e-05,10567,0.047624,0.852,0.685,0.556,-0.036,Parts of umbrellas or walking sticks,66,Umbrellas and walking-sticks,0,Textiles,0.743068042017602
paises_interes,2021,6702,2853743086,0.9913003138211687,DOM,6702,1.3e-05,89675,0.02235,0.884,0.001,0.755,-0.036,Artificial flowers,67,Feathers and down,0,Textiles,0.10765542235851687
paises_interes,2021,6703,8103448,0.21194483064326317,DOM,6703,0.002423,2776195,4.566772,0.774,0.0,-0.992,-0.036,Human animal hair prepared for use in wigs,67,Feathers and down,0,Textiles,0.75118210356261
paises_interes,2021,6704,2813548264,0.9207897251164775,DOM,6704,0.00029,1855579,0.486672,0.814,-0.001,-1.832,-0.036,Wigs,67,Feathers and down,0,Textiles,0.9032991858605859
paises_interes,2021,6801,6322889,0.17018239577417016,DOM,6801,0.003183,2446561,5.818281,0.792,0.0,-0.526,-0.036,"Flagstones, of natural stone",68,"Articles of stone, plaster, cement, etc.",2,Stone,0.7735572503608126
paises_interes,2021,6802,636129538,0.21011602505801544,DOM,6802,0.00054,6603754,1.001025,0.789,0.0,-0.844,-0.036,Worked building stone,68,"Articles of stone, plaster, cement, etc.",2,Stone,0.7062635888617292
paises_interes,2021,6803,43404398,0.5732699854059459,DOM,6803,3e-06,1994,0.005269,0.861,0.298,-0.473,-0.036,Worked slate,68,"Articles of stone, plaster, cement, etc.",2,Stone,0.0
paises_interes,2021,6804,91301462,0.1863647562414558,DOM,6804,1.1e-05,55400,0.019716,0.864,1.349,1.329,-0.036,Grindstones,68,"Articles of stone, plaster, cement, etc.",2,Stone,0.39332129963898915
paises_interes,2021,6805,67763225,0.11485451203044687,DOM,6805,1.6e-05,80123,0.029966,0.854,1.175,1.057,-0.036,Natural or artificial abrasive powder,68,"Articles of stone, plaster, cement, etc.",2,Stone,0.0
paises_interes,2021,6806,17453047,0.03790470051617602,DOM,6806,6e-06,29134,0.010658,0.841,0.869,0.815,-0.036,Mineral wools and insulating materials,68,"Articles of stone, plaster, cement, etc.",2,Stone,0.0
paises_interes,2021,6807,1472224,0.004413335072938017,DOM,6807,8e-06,17153,0.014512,0.821,0.324,-0.007,-0.036,Asphalt,68,"Articles of stone, plaster, cement, etc.",2,Stone,0.24981052877047746
paises_interes,2021,6808,8388689,0.16780825117095555,DOM,6808,0.000412,202483,0.752821,0.835,0.735,0.133,-0.036,Panels of vegetable fibers,68,"Articles of stone, plaster, cement, etc.",2,Stone,0.030037089533442314
paises_interes,2021,6809,4308423,0.020427057977293685,DOM,6809,9.1e-05,212835,0.167462,0.797,0.285,-0.43,-0.036,Plaster articles,68,"Articles of stone, plaster, cement, etc.",2,Stone,0.0
paises_interes,2021,6810,1287439057,0.40517506785205054,DOM,6810,0.000227,2968435,0.417266,0.822,0.743,0.546,-0.036,"Articles of cement, of concrete or of artificial stone",68,"Articles of stone, plaster, cement, etc.",2,Stone,0.16703313362091474
paises_interes,2021,6811,14330506,0.12552336599771616,DOM,6811,3.3e-05,49209,0.059604,0.812,0.395,-0.089,-0.036,Asbestos-cement or cellulose fiber-cement,68,"Articles of stone, plaster, cement, etc.",2,Stone,0.283545692861062
paises_interes,2021,6812,467765,0.164821012410774,DOM,6812,0.0,0,0.0,0.861,0.748,0.359,-0.036,Asbestos fibres,68,"Articles of stone, plaster, cement, etc.",2,Stone,
paises_interes,2021,6813,5622927,0.030668103797503937,DOM,6813,9e-06,11680,0.015736,0.864,0.823,0.112,-0.036,Friction material and articles thereof,68,"Articles of stone, plaster, cement, etc.",2,Stone,0.0
paises_interes,2021,6814,18332108,0.5977033485210125,DOM,6814,0.0,0,0.0,0.878,1.022,1.026,-0.036,Mica articles,68,"Articles of stone, plaster, cement, etc.",2,Stone,
paises_interes,2021,6815,53080306,0.05628745175038396,DOM,6815,6e-06,46828,0.010637,0.851,1.026,0.831,-0.036,Articles of stone or of other mineral substances,68,"Articles of stone, plaster, cement, etc.",2,Stone,0.6212735969932519
paises_interes,2021,6901,861581,0.17677379882057925,DOM,6901,0.0,0,0.0,0.803,0.031,-0.808,-0.036,"Bricks, blocks, and other ceramic goods",69,Ceramic products,2,Stone,
paises_interes,2021,6902,32413120,0.18486186701114013,DOM,6902,1.7e-05,65311,0.030286,0.865,0.812,0.291,-0.036,"Bricks, tiles and similar refractory ceramic constructional goods",69,Ceramic products,2,Stone,0.5905590176233713
paises_interes,2021,6903,16507056,0.06369429533724072,DOM,6903,5e-06,11531,0.009408,0.869,1.083,0.98,-0.036,Other refractory ceramic goods,69,Ceramic products,2,Stone,0.9129303616338565
paises_interes,2021,6904,8059441,0.2278173412511098,DOM,6904,0.000359,792824,0.654242,0.809,0.275,-0.588,-0.036,Ceramic building bricks,69,Ceramic products,2,Stone,0.10638048293189914
paises_interes,2021,6905,87164,0.008348691884382628,DOM,6905,0.000126,99028,0.229671,0.845,0.904,0.662,-0.036,Architectural ceramic ornaments,69,Ceramic products,2,Stone,0.0
paises_interes,2021,6906,1950866,0.6728001098074162,DOM,6906,0.0,0,0.0,0.879,0.004,0.528,-0.036,Ceramic pipes,69,Ceramic products,2,Stone,
paises_interes,2021,6907,57824304,0.030178734362986317,DOM,6907,3e-05,585199,0.05405,0.797,-0.123,-0.969,-0.036,Unglazed ceramic flags and pavers,69,Ceramic products,2,Stone,0.028000731375139056
paises_interes,2021,6909,80554735,0.08908629135141323,DOM,6909,1.3e-05,90862,0.024152,0.887,0.997,1.048,-0.036,Ceramic wares for technical ware,69,Ceramic products,2,Stone,1.0
paises_interes,2021,6910,1289209462,0.6401346740915593,DOM,6910,1e-05,128072,0.017846,0.805,0.116,-0.704,-0.036,"Ceramic sinks, washbasins, and similar sanitary fixtures",69,Ceramic products,2,Stone,0.2900165531888313
paises_interes,2021,6911,1466098047,0.9206462001240756,DOM,6911,3.3e-05,285170,0.055467,0.854,0.001,-0.33,-0.036,Porcelain or china household articles,69,Ceramic products,2,Stone,0.3164042500964337
paises_interes,2021,6912,251968149,0.5127489438371682,DOM,6912,2.3e-05,54070,0.041887,0.846,0.813,0.513,-0.036,Ceramic household articles,69,Ceramic products,2,Stone,0.4392454226003329
paises_interes,2021,6913,757025978,0.836903255114713,DOM,6913,0.004526,13496568,8.269446,0.795,0.0,-0.286,-0.036,Ornamental ceramic articles,69,Ceramic products,2,Stone,0.9844879824263472
paises_interes,2021,6914,675233187,0.8396823776467441,DOM,6914,0.000276,911614,0.507981,0.86,0.652,0.549,-0.036,Other ceramic articles,69,Ceramic products,2,Stone,0.9051627114107506
paises_interes,2021,7001,6432486,0.15051244069633138,DOM,7001,0.015021,7696777,27.9128,0.765,0.0,-0.719,-0.036,Cullet and other scraps of glass,70,Glass and glassware,2,Stone,0.00044278273880092925
paises_interes,2021,7002,13168461,0.09710598672920001,DOM,7002,0.0,0,0.0,0.89,1.094,1.163,-0.036,Glass balls,70,Glass and glassware,2,Stone,
paises_interes,2021,7003,12054704,0.09108626372645329,DOM,7003,2.1e-05,54903,0.043964,0.872,0.618,0.756,-0.036,"Glass, cast or rolled",70,Glass and glassware,2,Stone,0.07558785494417428
paises_interes,2021,7004,438525,0.01244997863892839,DOM,7004,4.2e-05,38644,0.077157,0.875,0.545,-0.029,-0.036,Drawn and blown glass,70,Glass and glassware,2,Stone,0.0
paises_interes,2021,7005,11217704,0.11307066231985956,DOM,7005,1.3e-05,82268,0.02501,0.82,0.324,-0.414,-0.036,Float glass,70,Glass and glassware,2,Stone,0.08892886663101084
paises_interes,2021,7006,39862837,0.14726774708478085,DOM,7006,7.8e-05,311062,0.174665,0.89,0.991,1.815,-0.036,Worked glass,70,Glass and glassware,2,Stone,0.0
paises_interes,2021,7007,648033164,0.4872594890224322,DOM,7007,5.8e-05,655308,0.108854,0.844,0.884,0.797,-0.036,Safety glass,70,Glass and glassware,2,Stone,0.09637300322901597
paises_interes,2021,7008,27484856,0.09831198070698556,DOM,7008,0.0,0,0.0,0.835,0.74,0.617,-0.036,Multiple-walled insulating glass,70,Glass and glassware,2,Stone,
paises_interes,2021,7009,976803273,0.6621265658335882,DOM,7009,1e-05,76478,0.018641,0.876,0.834,0.58,-0.036,Glass mirrors,70,Glass and glassware,2,Stone,0.22160621355160962
paises_interes,2021,7010,498048800,0.2660766870664378,DOM,7010,1.1e-05,143218,0.020759,0.792,0.19,-0.724,-0.036,Glass containers for conveyance,70,Glass and glassware,2,Stone,0.25359940789565555
paises_interes,2021,7011,936319,0.0256966348630036,DOM,7011,0.0,0,0.0,0.878,0.003,0.491,-0.036,Glass envelopes,70,Glass and glassware,2,Stone,1.0
paises_interes,2021,7013,902935148,0.6146994739540098,DOM,7013,3.9e-05,371395,0.071794,0.849,0.824,0.293,-0.036,Glassware for interior decorative use,70,Glass and glassware,2,Stone,0.6260692793387095
paises_interes,2021,7014,6792219,0.19691229330311635,DOM,7014,0.0,0,0.0,0.894,1.346,1.661,-0.036,Signaling glassware,70,Glass and glassware,2,Stone,
paises_interes,2021,7015,95181,0.016786485310568762,DOM,7015,0.0,0,0.0,0.861,0.97,0.813,-0.036,Clock or watch glasses and similar glasses,70,Glass and glassware,2,Stone,
paises_interes,2021,7016,262698118,0.8325696150607249,DOM,7016,7.1e-05,79584,0.129655,0.854,0.619,0.171,-0.036,Glass paving blocks or other molded products,70,Glass and glassware,2,Stone,0.7023647969441094
paises_interes,2021,7017,33432857,0.17475324799088965,DOM,7017,1e-06,1577,0.002254,0.87,1.081,0.796,-0.036,"Laboratory, hygienic or pharmaceutical glassware",70,Glass and glassware,2,Stone,0.0
paises_interes,2021,7018,195684493,0.7419326890653257,DOM,7018,5.5e-05,103426,0.102383,0.881,0.716,0.376,-0.036,Glass beads,70,Glass and glassware,2,Stone,0.3269777425405604
paises_interes,2021,7019,390205154,0.2232515115069112,DOM,7019,7e-06,98972,0.013914,0.825,0.703,0.576,-0.036,Glass fibers,70,Glass and glassware,2,Stone,0.07366146047936313
paises_interes,2021,7020,68454960,0.020002768579980946,DOM,7020,2.8e-05,115620,0.053103,0.866,0.84,0.958,-0.036,Other articles of glass,70,Glass and glassware,2,Stone,0.8900281108165743
paises_interes,2021,7101,6112187,0.10830284603445987,DOM,7101,1e-06,792,0.003262,0.86,0.298,-0.324,-0.036,Pearls,71,Precious metals and stones,2,Stone,0.0
paises_interes,2021,7102,524710498,0.03312106867629391,DOM,7102,2e-06,161792,0.00295,0.839,0.062,-1.311,-0.036,Diamonds,71,Precious metals and stones,2,Stone,0.257828584552541
paises_interes,2021,7103,14297162,0.015045742596069174,DOM,7103,6.4e-05,565418,0.145915,0.81,-0.097,-1.28,-0.036,Precious stones,71,Precious metals and stones,2,Stone,0.09789936593764477
paises_interes,2021,7104,33025178,0.031963481832211156,DOM,7104,8e-06,35135,0.019914,0.867,0.63,-0.131,-0.036,Synthetic precious stones,71,Precious metals and stones,2,Stone,0.18354640700729194
paises_interes,2021,7105,26928819,0.5548960161066611,DOM,7105,0.0,0,0.0,0.879,0.917,1.055,-0.036,Diamond dust,71,Precious metals and stones,2,Stone,
paises_interes,2021,7106,12299269,0.0021936864375164226,DOM,7106,3.8e-05,1326853,0.081341,0.855,0.322,-0.558,-0.036,Silver,71,Precious metals and stones,2,Stone,0.9418428416712326
paises_interes,2021,7108,39661168,0.0019297506443872875,DOM,7108,0.004388,1689794952,7.356739,0.754,-0.0,-2.334,-0.036,Gold,71,Precious metals and stones,2,Stone,0.09367319434278816
paises_interes,2021,7109,11538388,0.07098775961286553,DOM,7109,0.0,0,0.0,0.903,0.003,1.109,-0.036,Gold clad metals,71,Precious metals and stones,2,Stone,0.0
paises_interes,2021,7110,2113251,0.0001228486762708124,DOM,7110,0.000485,42545611,0.898591,0.899,0.882,0.756,-0.036,Platinum,71,Precious metals and stones,2,Stone,0.9953806986107215
paises_interes,2021,7111,39789,0.011397730938040503,DOM,7111,0.0,0,0.0,0.849,0.286,-0.243,-0.036,Platinum clad metals,71,Precious metals and stones,2,Stone,
paises_interes,2021,7112,21486986,0.01097960487372239,DOM,7112,0.002889,65505970,5.762696,0.774,0.0,-0.525,-0.036,Scrap of precious metal,71,Precious metals and stones,2,Stone,0.9907382640086086
paises_interes,2021,7113,2362902919,0.16050650804110222,DOM,7113,0.006032,580540715,11.490829,0.806,0.0,0.216,-0.036,Jewelry of precious metal,71,Precious metals and stones,2,Stone,0.9970861354659681
paises_interes,2021,7114,4915895,0.0478352770867982,DOM,7114,1.3e-05,17961,0.02825,0.843,0.911,0.623,-0.036,Goldsmith and silversmith wares,71,Precious metals and stones,2,Stone,0.9655730948858495
paises_interes,2021,7115,9229076,0.003793739872272132,DOM,7115,0.0,0,0.0,0.883,0.749,0.409,-0.036,Other articles of precious metals,71,Precious metals and stones,2,Stone,
paises_interes,2021,7116,81377838,0.4245540032483783,DOM,7116,1.5e-05,20090,0.029034,0.842,0.386,-0.21,-0.036,Articles of precious stones,71,Precious metals and stones,2,Stone,0.3383275261324042
paises_interes,2021,7117,640181489,0.5455821732434082,DOM,7117,0.000812,5797597,1.5305,0.809,0.0,0.131,-0.036,Imitation jewelry,71,Precious metals and stones,2,Stone,0.9755985109002919
paises_interes,2021,7202,179073785,0.06782757817885081,DOM,7202,0.009143,360382931,17.195131,0.773,-0.0,-1.229,-0.036,Ferroalloys,72,Iron and steel,4,Metals,0.08816125367491393
paises_interes,2021,7203,815673,0.0009655775206084023,DOM,7203,0.0,0,0.0,0.865,0.072,-1.261,-0.036,Ferrous products from the reduction of iron ore,72,Iron and steel,4,Metals,
paises_interes,2021,7204,4174787,0.00159787785238251,DOM,7204,0.001614,82685413,3.003077,0.788,0.0,-0.626,-0.036,Ferrous waste and scrap,72,Iron and steel,4,Metals,0.017549709765614884
paises_interes,2021,7205,9029011,0.02618097594828958,DOM,7205,0.000573,1508350,1.056397,0.844,0.0,0.867,-0.036,Powders of iron or steel,72,Iron and steel,4,Metals,0.0
paises_interes,2021,7206,547277,0.0852054779164836,DOM,7206,0.0,0,0.0,0.827,0.04,-1.06,-0.036,Iron and nonalloy steel,72,Iron and steel,4,Metals,
paises_interes,2021,7207,52519560,0.010042692007746741,DOM,7207,0.0,0,0.0,0.82,0.032,-0.712,-0.036,Semifinished products of iron or nonalloy steel,72,Iron and steel,4,Metals,
paises_interes,2021,7208,50562842,0.011745576718493881,DOM,7208,3.1e-05,2132993,0.058575,0.852,0.604,0.411,-0.036,"Flat-rolled iron, width > 600mm, hot-rolled, not clad",72,Iron and steel,4,Metals,0.04330347075681917
paises_interes,2021,7209,114016550,0.07826921680717386,DOM,7209,1e-06,28822,0.002622,0.839,0.503,0.037,-0.036,"Flat-rolled iron, width > 600mm, cold-rolled, not clad",72,Iron and steel,4,Metals,0.0
paises_interes,2021,7210,1111694364,0.1723714178237917,DOM,7210,6.1e-05,4191076,0.115217,0.819,0.462,0.136,-0.036,"Flat rolled iron, width > 600mm, clad",72,Iron and steel,4,Metals,0.007414325104102145
paises_interes,2021,7211,1349804,0.0036022900975025327,DOM,7211,2e-06,11485,0.003755,0.854,0.859,0.709,-0.036,"Flat-rolled iron, width < 600mm, not clad",72,Iron and steel,4,Metals,0.0
paises_interes,2021,7212,40314662,0.12094993685784335,DOM,7212,1.1e-05,70006,0.019862,0.852,1.042,0.785,-0.036,"Flat-rolled iron, width < 600mm, clad",72,Iron and steel,4,Metals,0.0
paises_interes,2021,7213,7602820,0.008594152888714079,DOM,7213,0.00017,3009847,0.314612,0.805,0.251,-0.462,-0.036,Hot rolled bars of iron,72,Iron and steel,4,Metals,0.401810457475081
paises_interes,2021,7214,12133227,0.011813871495883156,DOM,7214,0.004743,113846804,8.81929,0.748,-0.0,-1.18,-0.036,"Other bars of iron, not further worked than forged",72,Iron and steel,4,Metals,0.3511491284375449
paises_interes,2021,7215,4052292,0.026447108481726413,DOM,7215,0.000495,1552625,0.9279,0.817,0.448,-0.178,-0.036,Other bars and rods of iron or nonalloy steel,72,Iron and steel,4,Metals,0.026784960953224378
paises_interes,2021,7216,12599852,0.013311410295873065,DOM,7216,0.000282,4901656,0.559422,0.794,0.161,-0.504,-0.036,Angles of iron or nonalloy steel,72,Iron and steel,4,Metals,0.05005267607518765
paises_interes,2021,7217,179468578,0.23502306007388396,DOM,7217,0.000529,5201656,0.988966,0.804,0.308,-0.313,-0.036,Wire of iron or nonalloy steel,72,Iron and steel,4,Metals,0.6460011965420243
paises_interes,2021,7218,279251,0.0011060801357872583,DOM,7218,0.0,0,0.0,0.892,0.509,1.435,-0.036,Stainless steel in ingots,72,Iron and steel,4,Metals,
paises_interes,2021,7219,213187287,0.16658574885658456,DOM,7219,6e-06,223102,0.011242,0.874,0.977,1.15,-0.036,Flat-rolled products of stainless steel of a width > 600 mm,72,Iron and steel,4,Metals,0.045158716640819
paises_interes,2021,7220,58322840,0.19850490405255156,DOM,7220,0.0,0,0.0,0.881,1.44,1.75,-0.036,Flat-rolled products of stainless steel of a width < 600 mm,72,Iron and steel,4,Metals,
paises_interes,2021,7221,36158623,0.21096553688374625,DOM,7221,0.0,0,0.0,0.888,1.261,1.87,-0.036,"Bars of stainless steel, hot-rolled",72,Iron and steel,4,Metals,
paises_interes,2021,7222,12372704,0.022220732144179217,DOM,7222,3e-05,205108,0.057878,0.874,1.269,1.685,-0.036,Other bars and rods of stainless steel,72,Iron and steel,4,Metals,0.0
paises_interes,2021,7223,24862216,0.09974037399418832,DOM,7223,0.0,0,0.0,0.872,1.131,1.373,-0.036,Wire of stainless steel,72,Iron and steel,4,Metals,
paises_interes,2021,7224,11607,1.1352791250054505e-05,DOM,7224,0.0,0,0.0,0.862,0.652,0.237,-0.036,Other alloy steel in primary form,72,Iron and steel,4,Metals,
paises_interes,2021,7225,87980575,0.050453292719068975,DOM,7225,2e-06,82748,0.00422,0.887,1.383,1.481,-0.036,"Flat-rolled products of other alloy steel, width > 600 mm",72,Iron and steel,4,Metals,0.0
paises_interes,2021,7226,4627484,0.018749606596237728,DOM,7226,0.0,0,0.0,0.883,1.267,1.587,-0.036,"Flat-rolled products of other alloy steel, width < 600 mm",72,Iron and steel,4,Metals,
paises_interes,2021,7227,39669,7.924158201267026e-05,DOM,7227,0.000963,5516930,1.778362,0.836,0.0,0.331,-0.036,Bars of other alloy steel,72,Iron and steel,4,Metals,0.16968948310020246
paises_interes,2021,7228,67692477,0.1078236955848682,DOM,7228,0.000232,3231109,0.430086,0.835,0.668,0.232,-0.036,Other bars and rods of other alloy steel,72,Iron and steel,4,Metals,0.0
paises_interes,2021,7229,59912114,0.2106559478369722,DOM,7229,5.4e-05,174742,0.102753,0.865,1.094,1.188,-0.036,Wire of other alloy steel,72,Iron and steel,4,Metals,0.0
paises_interes,2021,7301,18342699,0.18226501589332703,DOM,7301,0.002059,4414799,4.768977,0.806,0.0,0.586,-0.036,Sheet piling of iron or steel,73,Articles of iron or steel,4,Metals,0.03169317561229854
paises_interes,2021,7302,25687055,0.19678893576477224,DOM,7302,0.0,0,0.0,0.871,0.938,0.779,-0.036,Railway construction material of iron or steel,73,Articles of iron or steel,4,Metals,
paises_interes,2021,7303,5331639,0.2249793529911874,DOM,7303,1.9e-05,30266,0.035404,0.848,0.416,-0.433,-0.036,Tubes of cast iron,73,Articles of iron or steel,4,Metals,0.0
paises_interes,2021,7304,154790593,0.06518249862402668,DOM,7304,0.000114,2310855,0.209265,0.858,0.731,-0.04,-0.036,"Tubes, seamless, of iron or steel",73,Articles of iron or steel,4,Metals,0.9210699070257545
paises_interes,2021,7305,5089092,0.01535804797638893,DOM,7305,6e-06,29079,0.010773,0.868,0.852,0.595,-0.036,"Other tubes and pipes, diameter > 406.4 mm, of iron or steel",73,Articles of iron or steel,4,Metals,0.0
paises_interes,2021,7306,280286223,0.06317400400643261,DOM,7306,0.000547,15829722,1.028059,0.759,-0.0,-0.675,-0.036,"Other tubes, pipes and hollow profiles of iron or steel",73,Articles of iron or steel,4,Metals,0.7643191712400256
paises_interes,2021,7307,954312672,0.3651737242881593,DOM,7307,2.3e-05,417970,0.041896,0.851,1.186,1.005,-0.036,Tube or pipe fittings of iron or steel,73,Articles of iron or steel,4,Metals,0.14688135512118095
paises_interes,2021,7308,1737015082,0.26928778324771324,DOM,7308,0.000162,9284647,0.296981,0.805,0.541,0.408,-0.036,"Structures and their parts, of iron or steel",73,Articles of iron or steel,4,Metals,0.7026906892636845
paises_interes,2021,7309,21372201,0.052841950833193055,DOM,7309,0.000253,1028583,0.469674,0.812,0.51,0.178,-0.036,"Tanks etc. > 300 liters, iron or steel",73,Articles of iron or steel,4,Metals,0.1019120479339052
paises_interes,2021,7310,314015935,0.4875755850537134,DOM,7310,9.5e-05,644081,0.174951,0.8,0.528,0.117,-0.036,"Tanks etc. < 300 liters, iron or steel",73,Articles of iron or steel,4,Metals,0.6164799147933256
paises_interes,2021,7311,122948965,0.2518452376581301,DOM,7311,0.000385,1652265,0.710286,0.822,0.525,-0.387,-0.036,Containers for compressed or liquified gas,73,Articles of iron or steel,4,Metals,0.40172248398410665
paises_interes,2021,7312,431378556,0.4195937318968561,DOM,7312,1.4e-05,98865,0.025109,0.846,0.606,0.353,-0.036,"Wire of iron or steel, not insulated",73,Articles of iron or steel,4,Metals,0.23773833004602235
paises_interes,2021,7313,2618644,0.3277170832643457,DOM,7313,0.000721,278193,1.329683,0.755,-0.0,-1.258,-0.036,Barbed wire of iron or steel,73,Articles of iron or steel,4,Metals,0.06698946414899008
paises_interes,2021,7314,349650189,0.4658974981393824,DOM,7314,0.000548,3980881,1.01079,0.791,0.0,-0.028,-0.036,Cloth of iron or steel wire,73,Articles of iron or steel,4,Metals,0.09101980189812255
paises_interes,2021,7315,254823599,0.38817597077372656,DOM,7315,0.000316,1775765,0.590884,0.878,1.384,1.471,-0.036,Chain of iron or steel,73,Articles of iron or steel,4,Metals,0.9118548907090747
paises_interes,2021,7316,27407274,0.6320528466262202,DOM,7316,0.0,0,0.0,0.85,0.673,0.331,-0.036,Anchors of iron or steel,73,Articles of iron or steel,4,Metals,
paises_interes,2021,7317,418781839,0.3418135204721301,DOM,7317,0.000542,2099525,1.01826,0.772,0.0,-0.611,-0.036,Nails and similar articles of iron or steel,73,Articles of iron or steel,4,Metals,0.2239625629606697
paises_interes,2021,7318,1307450610,0.19962753271235206,DOM,7318,1e-05,431164,0.02071,0.866,1.494,1.519,-0.036,Screws and similar articles of iron or steel,73,Articles of iron or steel,4,Metals,0.4329002421352432
paises_interes,2021,7319,18554442,0.541919579811748,DOM,7319,1.6e-05,4861,0.029675,0.865,0.947,0.585,-0.036,Articles for sewing of iron or steel,73,Articles of iron or steel,4,Metals,1.0
paises_interes,2021,7320,161502282,0.1228838240747444,DOM,7320,0.000152,1118530,0.279767,0.854,1.046,1.038,-0.036,Springs of iron or steel,73,Articles of iron or steel,4,Metals,0.8867352686114811
paises_interes,2021,7321,2868668823,0.6698175074124085,DOM,7321,2.2e-05,316718,0.040142,0.833,0.606,0.165,-0.036,Stoves and similar non-electric appliances of iron or steel,73,Articles of iron or steel,4,Metals,0.07694542147904444
paises_interes,2021,7322,51142689,0.15588783692348723,DOM,7322,1.3e-05,46437,0.024567,0.85,0.912,0.857,-0.036,Radiators for central heating of iron or steel,73,Articles of iron or steel,4,Metals,0.8604345672631738
paises_interes,2021,7323,2907202455,0.7945218027590468,DOM,7323,7.4e-05,1279439,0.137538,0.858,0.258,-0.006,-0.036,Household articles of iron or steel,73,Articles of iron or steel,4,Metals,0.10276613421976351
paises_interes,2021,7324,853954986,0.7783180609634335,DOM,7324,2.3e-05,105634,0.042368,0.862,0.853,0.494,-0.036,Sanitary ware and parts of iron or steel,73,Articles of iron or steel,4,Metals,0.34859988261355246
paises_interes,2021,7325,141083813,0.20325161729847413,DOM,7325,3.1e-05,232707,0.057155,0.821,0.622,0.338,-0.036,Other cast articles of iron or steel,73,Articles of iron or steel,4,Metals,0.0
paises_interes,2021,7326,3219195628,0.38752597526477156,DOM,7326,0.000132,7866611,0.248005,0.823,0.829,0.737,-0.036,Other articles of iron or steel,73,Articles of iron or steel,4,Metals,0.39448092704723803
paises_interes,2021,7402,0,0.0,DOM,7402,0.0,0,0.0,0.811,-0.271,-1.794,-0.036,Unrefined copper,74,Copper,4,Metals,
paises_interes,2021,7403,1577900,0.00020366734761476362,DOM,7403,0.0,0,0.0,0.824,0.016,-1.293,-0.036,Refined copper and copper alloys,74,Copper,4,Metals,
paises_interes,2021,7404,1633921,0.001923740911596319,DOM,7404,0.000756,21250442,1.42346,0.768,0.0,-0.891,-0.036,Copper waste and scrap,74,Copper,4,Metals,0.09731421115852555
paises_interes,2021,7406,843021,0.018147854573389764,DOM,7406,0.0,0,0.0,0.881,1.017,1.278,-0.036,Copper powders and flakes,74,Copper,4,Metals,
paises_interes,2021,7407,5819140,0.011334179807456142,DOM,7407,1e-06,6200,0.001649,0.83,0.616,0.282,-0.036,"Copper bars, rods and profiles",74,Copper,4,Metals,0.0
paises_interes,2021,7408,32123783,0.013878599992324553,DOM,7408,1e-06,31586,0.002239,0.836,0.268,-0.298,-0.036,Copper wire,74,Copper,4,Metals,0.07205724054961059
paises_interes,2021,7409,20329565,0.02231766955897192,DOM,7409,0.0,0,0.0,0.871,0.784,0.273,-0.036,"Copper plates, sheets and strip > 0.15 mm",74,Copper,4,Metals,
paises_interes,2021,7410,14092137,0.04944116658013962,DOM,7410,0.0,0,0.0,0.872,0.821,1.29,-0.036,Copper foil < 0.15 mm thick,74,Copper,4,Metals,
paises_interes,2021,7411,205652909,0.18043004361337364,DOM,7411,6e-06,51162,0.010359,0.854,0.821,0.686,-0.036,Copper tubes and pipes,74,Copper,4,Metals,0.0
paises_interes,2021,7412,276045149,0.3264479259435591,DOM,7412,2.1e-05,124869,0.039517,0.879,1.096,1.156,-0.036,Copper tube or pipe fittings,74,Copper,4,Metals,0.2069208530540006
paises_interes,2021,7413,3885047,0.05329547082322961,DOM,7413,4e-06,9330,0.007029,0.849,0.417,-0.59,-0.036,"Copper wire, uninsulated",74,Copper,4,Metals,0.8220793140407289
paises_interes,2021,7415,34765699,0.2249331679185279,DOM,7415,1.6e-05,21338,0.032341,0.883,1.215,0.942,-0.036,Screws and similar articles of copper,74,Copper,4,Metals,0.820133095885275
paises_interes,2021,7418,97903324,0.34198238311893103,DOM,7418,2e-06,1817,0.003911,0.846,0.698,0.228,-0.036,Household articles of copper,74,Copper,4,Metals,0.0
paises_interes,2021,7419,45176099,0.10098378276785355,DOM,7419,2e-06,6379,0.00305,0.855,1.059,0.831,-0.036,Other articles of copper,74,Copper,4,Metals,0.0
paises_interes,2021,7502,10295773,0.007733862071342474,DOM,7502,0.000655,9499055,1.280165,0.822,0.0,0.165,-0.036,Nickel unwrought,75,Nickel,4,Metals,0.0002443400948831226
paises_interes,2021,7503,5155699,0.02420403283009604,DOM,7503,0.000218,510983,0.401844,0.842,0.106,-0.596,-0.036,Nickel waste and scrap,75,Nickel,4,Metals,0.18065963055522394
paises_interes,2021,7504,1372747,0.0076618228807719966,DOM,7504,0.0,0,0.0,0.892,0.456,0.334,-0.036,Nickel powders,75,Nickel,4,Metals,
paises_interes,2021,7505,4589820,0.013854423275967191,DOM,7505,0.0,0,0.0,0.887,1.06,0.988,-0.036,"Nickel bars, wire etc.",75,Nickel,4,Metals,
paises_interes,2021,7506,2792828,0.020718059158679417,DOM,7506,0.0,0,0.0,0.906,1.283,1.481,-0.036,Nickel plates,75,Nickel,4,Metals,
paises_interes,2021,7507,3609232,0.022848867401459437,DOM,7507,0.0,0,0.0,0.873,1.231,0.975,-0.036,Nickel tubes and pipes,75,Nickel,4,Metals,
paises_interes,2021,7508,18471889,0.06772110289318117,DOM,7508,0.0,0,0.0,0.886,0.977,1.332,-0.036,Other articles of nickel,75,Nickel,4,Metals,
paises_interes,2021,7601,236434513,0.02210813465555408,DOM,7601,1e-06,36814,0.001035,0.814,-0.112,-1.069,-0.036,Unwrought aluminum,76,Aluminium,4,Metals,0.6651817243439996
paises_interes,2021,7602,322463,0.0002770547287415561,DOM,7602,0.001103,19143942,2.074527,0.763,0.0,-0.627,-0.036,"Waste or scrap, aluminium",76,Aluminium,4,Metals,0.17581431243366702
paises_interes,2021,7603,9466639,0.11901896969695674,DOM,7603,0.0,0,0.0,0.873,0.703,0.502,-0.036,Aluminum powders,76,Aluminium,4,Metals,
paises_interes,2021,7604,335214149,0.196743556523733,DOM,7604,0.003196,66040106,5.882499,0.783,0.0,-0.067,-0.036,Aluminum bars,76,Aluminium,4,Metals,0.9629368856555136
paises_interes,2021,7605,13298224,0.014252640161728237,DOM,7605,0.0,0,0.0,0.846,0.162,-0.722,-0.036,Aluminum wire,76,Aluminium,4,Metals,
paises_interes,2021,7606,642202633,0.1683926851812791,DOM,7606,1.1e-05,421229,0.020626,0.835,0.788,0.554,-0.036,Aluminum plates > 0.2 mm,76,Aluminium,4,Metals,0.10409302303497622
paises_interes,2021,7607,267683168,0.1863812526864662,DOM,7607,0.0001,1456664,0.186514,0.852,0.88,0.606,-0.036,Aluminum foil < 0.2 mm,76,Aluminium,4,Metals,0.26973001323572215
paises_interes,2021,7608,76411853,0.25911072209840075,DOM,7608,0.002577,6760181,4.790144,0.805,0.0,0.249,-0.036,Aluminum tubes and pipes,76,Aluminium,4,Metals,0.9456223139587535
paises_interes,2021,7609,83528227,0.47026977567621775,DOM,7609,3e-06,3273,0.006091,0.867,1.181,1.082,-0.036,Aluminum tube or pipe fittings,76,Aluminium,4,Metals,0.6174763214176596
paises_interes,2021,7610,720207647,0.30159315104016843,DOM,7610,0.001006,15763173,1.848623,0.798,0.0,0.319,-0.036,"Aluminum structures (bridges, towers etc)",76,Aluminium,4,Metals,0.7480487589649621
paises_interes,2021,7611,1114463,0.07801317062841363,DOM,7611,0.000115,27310,0.21614,0.845,1.024,0.518,-0.036,"Aluminum containers, >300 liters",76,Aluminium,4,Metals,0.0
paises_interes,2021,7612,280950924,0.33185367830297396,DOM,7612,8.8e-05,553811,0.162632,0.801,0.383,-0.016,-0.036,"Aluminum containers, <300 liters",76,Aluminium,4,Metals,0.005767310508458662
paises_interes,2021,7613,14535186,0.20215794833017448,DOM,7613,3.3e-05,22698,0.062266,0.868,0.838,0.264,-0.036,Aluminum containers for compressed or liquefied gas,76,Aluminium,4,Metals,0.807780421182483
paises_interes,2021,7614,2857245,0.016258057119711698,DOM,7614,2e-06,2315,0.002865,0.82,0.236,-0.681,-0.036,"Aluminum wire, not insulated",76,Aluminium,4,Metals,0.0
paises_interes,2021,7615,1250219776,0.7134812626605181,DOM,7615,7.6e-05,544497,0.140021,0.826,0.238,-0.933,-0.036,Household articles of aluminum,76,Aluminium,4,Metals,0.07940172305816194
paises_interes,2021,7616,1294690057,0.41858123625743027,DOM,7616,0.000177,3565978,0.334452,0.824,0.762,0.656,-0.036,Other articles of aluminum,76,Aluminium,4,Metals,0.08994783478753936
paises_interes,2021,7801,82177928,0.06323399777691882,DOM,7801,0.001005,7080905,1.862425,0.76,-0.0,-1.412,-0.036,Lead refined unwrought,78,Lead,4,Metals,0.4861348937741715
paises_interes,2021,7802,0,0.0,DOM,7802,0.000766,484115,1.407139,0.773,0.0,-0.869,-0.036,Lead waste or scrap,78,Lead,4,Metals,1.0
paises_interes,2021,7804,97798,0.020052527213455726,DOM,7804,0.0,0,0.0,0.856,0.764,0.699,-0.036,Lead foil <2mm,78,Lead,4,Metals,
paises_interes,2021,7806,1454308,0.06525265308702848,DOM,7806,8.9e-05,38681,0.163519,0.832,0.36,-0.478,-0.036,Other articles of lead,78,Lead,4,Metals,0.0
paises_interes,2021,7901,4608,2.6414945398631133e-06,DOM,7901,5e-06,66472,0.008517,0.844,0.119,-0.608,-0.036,Unwrought zinc,79,Zinc,4,Metals,0.6703423998074377
paises_interes,2021,7902,0,0.0,DOM,7902,0.000486,331106,0.897813,0.785,0.188,-0.549,-0.036,Zinc waste and scrap,79,Zinc,4,Metals,0.14172802667423726
paises_interes,2021,7903,305935,0.003774016991841198,DOM,7903,4.1e-05,22188,0.075396,0.825,0.249,-0.776,-0.036,Zinc powders,79,Zinc,4,Metals,0.0
paises_interes,2021,7904,869655,0.07085067079838345,DOM,7904,0.0,0,0.0,0.873,0.963,0.943,-0.036,Zinx bars and wire,79,Zinc,4,Metals,
paises_interes,2021,7907,43061731,0.22560763685416346,DOM,7907,0.0,0,0.0,0.838,0.878,0.547,-0.036,Other articles of zinc,79,Zinc,4,Metals,
paises_interes,2021,8001,353499594,0.2704485830910097,DOM,8001,0.0,0,0.0,0.85,0.184,-0.383,-0.036,Unwrought tin,80,Tin,4,Metals,
paises_interes,2021,8002,11933,0.0008111869705412621,DOM,8002,8e-06,1092,0.014011,0.846,0.003,0.647,-0.036,Tin waste and scrap,80,Tin,4,Metals,1.0
paises_interes,2021,8003,1994597,0.04493186457471496,DOM,8003,0.002615,1559164,5.702171,0.833,0.0,0.742,-0.036,Tin bars and wire,80,Tin,4,Metals,0.9979296597407329
paises_interes,2021,8007,1759836,0.04758292448762204,DOM,8007,1.2e-05,6193,0.025055,0.862,0.615,-0.224,-0.036,Other articles of tin,80,Tin,4,Metals,1.0
paises_interes,2021,8101,34507526,0.03859195408661953,DOM,8101,0.0,0,0.0,0.883,1.312,0.607,-0.036,Tungsten (wolfram),81,Other base metals,4,Metals,1.0
paises_interes,2021,8102,37424746,0.06127143262041078,DOM,8102,0.0,0,0.0,0.87,1.084,1.224,-0.036,Molybdenum,81,Other base metals,4,Metals,
paises_interes,2021,8103,100569826,0.36241245005279693,DOM,8103,0.0,0,0.0,0.885,1.173,0.788,-0.036,Tantalum,81,Other base metals,4,Metals,
paises_interes,2021,8104,44163270,0.029362500001645534,DOM,8104,0.0,0,0.0,0.864,0.904,1.063,-0.036,Magnesium,81,Other base metals,4,Metals,
paises_interes,2021,8106,10008813,0.6172176794574352,DOM,8106,0.0,0,0.0,0.902,0.004,0.668,-0.036,Bismuth,81,Other base metals,4,Metals,
paises_interes,2021,8108,55279102,0.0867953993250741,DOM,8108,9e-06,40620,0.017234,0.895,0.817,0.587,-0.036,Titanium,81,Other base metals,4,Metals,0.16614967996061053
paises_interes,2021,8109,43645768,0.09175363742007607,DOM,8109,0.0,0,0.0,0.907,0.794,0.989,-0.036,Zirconium,81,Other base metals,4,Metals,0.8307870613890409
paises_interes,2021,8110,28835693,0.4839757767846923,DOM,8110,0.000101,35281,0.185704,0.855,0.344,-0.999,-0.036,Antimony,81,Other base metals,4,Metals,1.0
paises_interes,2021,8111,77132813,0.1662362551817381,DOM,8111,0.0,0,0.0,0.881,0.001,-0.316,-0.036,Manganese,81,Other base metals,4,Metals,
paises_interes,2021,8112,22908849,0.05485854089965018,DOM,8112,2e-06,3603,0.004995,0.873,0.556,0.136,-0.036,Other metals,81,Other base metals,4,Metals,0.17074210975263007
paises_interes,2021,8113,8032198,0.09917073970312826,DOM,8113,0.0,0,0.0,0.884,0.667,1.456,-0.036,Cermets,81,Other base metals,4,Metals,
paises_interes,2021,8201,263541298,0.5022129599995274,DOM,8201,3.5e-05,84082,0.067622,0.843,0.63,0.172,-0.036,Handtools for gardening,82,Metal tools and tableware,4,Metals,0.1543255393544397
paises_interes,2021,8202,248987717,0.2809394069399704,DOM,8202,2.4e-05,128886,0.044574,0.887,1.208,1.51,-0.036,Handsaws,82,Metal tools and tableware,4,Metals,0.5588116630200332
paises_interes,2021,8203,313464861,0.6080269119640845,DOM,8203,0.000187,491349,0.363006,0.866,0.915,0.723,-0.036,"Pliers, pincers and other metal handtools",82,Metal tools and tableware,4,Metals,0.7350823956088238
paises_interes,2021,8204,383677188,0.45491746230586433,DOM,8204,1.4e-05,50781,0.033442,0.878,1.083,1.158,-0.036,Wrenches,82,Metal tools and tableware,4,Metals,0.058624288611882396
paises_interes,2021,8205,981609474,0.5034439733344138,DOM,8205,0.000131,1202475,0.275955,0.88,1.141,0.636,-0.036,Hand tools n.e.c.,82,Metal tools and tableware,4,Metals,0.7048213060562589
paises_interes,2021,8206,264336273,0.6576577865159982,DOM,8206,6.5e-05,119635,0.140882,0.87,0.489,-0.043,-0.036,Retail tool sets,82,Metal tools and tableware,4,Metals,0.21006394449784763
paises_interes,2021,8207,941181316,0.2823152490804886,DOM,8207,2.3e-05,515263,0.042458,0.878,1.476,1.68,-0.036,Interchangeable tools for hand tools,82,Metal tools and tableware,4,Metals,0.6707060277955141
paises_interes,2021,8208,89929130,0.18789452067449758,DOM,8208,3.3e-05,112219,0.062575,0.884,1.531,1.763,-0.036,Knives and blades for machines,82,Metal tools and tableware,4,Metals,0.3898894126663043
paises_interes,2021,8209,93164901,0.1165424523036607,DOM,8209,0.0,0,0.0,0.904,1.486,2.336,-0.036,"Articles for utensils, of cermet",82,Metal tools and tableware,4,Metals,
paises_interes,2021,8210,58011386,0.6241191936972891,DOM,8210,0.0,0,0.0,0.867,0.83,0.775,-0.036,"Hand-operated appliances, food preparation, <10kg",82,Metal tools and tableware,4,Metals,
paises_interes,2021,8211,675418318,0.6684913491390174,DOM,8211,1e-05,34600,0.01833,0.889,1.003,1.206,-0.036,Knife sets,82,Metal tools and tableware,4,Metals,0.5871965317919076
paises_interes,2021,8212,111928275,0.1799263863561016,DOM,8212,0.000118,475648,0.217635,0.821,0.365,-0.197,-0.036,Razors,82,Metal tools and tableware,4,Metals,0.8954878397470398
paises_interes,2021,8213,141086951,0.775197737386869,DOM,8213,8.2e-05,82359,0.136931,0.894,0.002,1.053,-0.036,Scissors,82,Metal tools and tableware,4,Metals,0.0
paises_interes,2021,8214,184690288,0.7706829250730117,DOM,8214,0.000211,265479,0.389843,0.862,0.272,-0.163,-0.036,Other cutlery,82,Metal tools and tableware,4,Metals,0.8913096704447433
paises_interes,2021,8215,646141428,0.9158737853531422,DOM,8215,6e-06,19806,0.010533,0.88,0.001,0.095,-0.036,Cutlery,82,Metal tools and tableware,4,Metals,0.4823790770473594
paises_interes,2021,8301,915474750,0.3043950079278217,DOM,8301,0.003428,47508445,6.610452,0.825,0.0,0.872,-0.036,Padlocks and locks,83,Miscellaneous articles of base metal,4,Metals,0.9885713371591093
paises_interes,2021,8302,2678291119,0.42792109773132353,DOM,8302,1.5e-05,600128,0.028925,0.858,0.964,0.796,-0.036,"Base metal mountings, fittings and similar articles",83,Miscellaneous articles of base metal,4,Metals,0.2532126479684334
paises_interes,2021,8303,322134312,0.6641912107270915,DOM,8303,1.9e-05,26264,0.035489,0.849,0.881,0.702,-0.036,Safes,83,Miscellaneous articles of base metal,4,Metals,0.0
paises_interes,2021,8304,78342597,0.9594370821186256,DOM,8304,5.3e-05,15130,0.098174,0.863,0.554,0.274,-0.036,"Paper trays and similar office equipment, of base metal",83,Miscellaneous articles of base metal,4,Metals,0.0
paises_interes,2021,8305,91113255,0.4886524878342293,DOM,8305,2.5e-05,23700,0.046086,0.863,1.009,1.149,-0.036,"Paper clips and similar office articles, of metal",83,Miscellaneous articles of base metal,4,Metals,0.04092827004219409
paises_interes,2021,8306,806935320,0.8414615475369928,DOM,8306,7.5e-05,205074,0.138796,0.847,0.408,-0.458,-0.036,"Ornaments, statuettes, etc. of metal",83,Miscellaneous articles of base metal,4,Metals,0.15357383188507562
paises_interes,2021,8307,111778517,0.3400583083308214,DOM,8307,2e-05,51726,0.036651,0.854,1.082,1.0,-0.036,Flexible tubing of base metal,83,Miscellaneous articles of base metal,4,Metals,0.4759501991261648
paises_interes,2021,8308,74362133,0.3097533525964734,DOM,8308,8.2e-05,328054,0.16872,0.841,0.796,0.663,-0.036,"Clasps, buckles etc. of metal",83,Miscellaneous articles of base metal,4,Metals,0.47626000597462614
paises_interes,2021,8309,220085676,0.19987640349953195,DOM,8309,0.001068,8945020,1.957118,0.785,0.0,0.075,-0.036,"Stoppers, caps and lids of metal",83,Miscellaneous articles of base metal,4,Metals,0.08338751618218852
paises_interes,2021,8310,64829845,0.46869172968728706,DOM,8310,0.000833,717215,1.613046,0.807,0.0,0.208,-0.036,Sign plates and similar plates of base metal,83,Miscellaneous articles of base metal,4,Metals,0.994604128469148
paises_interes,2021,8311,49395336,0.25906127855529343,DOM,8311,0.000577,1886831,1.069928,0.812,0.0,0.566,-0.036,Wire etc. used for welding,83,Miscellaneous articles of base metal,4,Metals,0.21849492614865879
paises_interes,2021,8401,209441,0.0013566077242727138,DOM,8401,0.0,0,0.0,0.89,0.904,1.239,-0.036,Nuclear reactors and related equipment,84,Industrial Machinery,7,Machinery,
paises_interes,2021,8402,20480513,0.17713704917998757,DOM,8402,3.2e-05,108149,0.059486,0.845,0.681,0.167,-0.036,Steam boilers,84,Industrial Machinery,7,Machinery,0.21668253982930957
paises_interes,2021,8403,28093324,0.06488658844145452,DOM,8403,2e-06,15982,0.003593,0.842,0.957,0.779,-0.036,Central heating boilers,84,Industrial Machinery,7,Machinery,0.7758728569640846
paises_interes,2021,8404,4960528,0.06967895495614247,DOM,8404,2.7e-05,38910,0.050726,0.852,1.028,1.102,-0.036,Auxiliary parts for use with boilers,84,Industrial Machinery,7,Machinery,0.7411205345669494
paises_interes,2021,8405,7050752,0.10656172801050644,DOM,8405,5.1e-05,38294,0.093005,0.829,0.463,-0.194,-0.036,Water gas generators,84,Industrial Machinery,7,Machinery,0.0
paises_interes,2021,8406,5999142,0.024635562864567105,DOM,8406,0.000325,1384377,0.593137,0.881,1.016,0.79,-0.036,Steam turbines,84,Industrial Machinery,7,Machinery,0.980813029976661
paises_interes,2021,8407,496036381,0.04738019649050116,DOM,8407,5.6e-05,2365713,0.102499,0.877,1.255,1.365,-0.036,Spark-ignition reciprocating internal combustion piston engines,84,Industrial Machinery,7,Machinery,0.8932178163623398
paises_interes,2021,8408,97818908,0.017110396723180064,DOM,8408,1.3e-05,545723,0.023444,0.882,1.35,1.563,-0.036,Compression-ignition internal combustion piston engines,84,Industrial Machinery,7,Machinery,0.29071342054485516
paises_interes,2021,8409,1596961892,0.12525647016420066,DOM,8409,4.8e-05,3044936,0.088436,0.843,0.785,0.351,-0.036,Parts suitable for use with spark-ignition engines,84,Industrial Machinery,7,Machinery,0.8141346813200672
paises_interes,2021,8410,2665520,0.0886500044266468,DOM,8410,3.7e-05,38357,0.068114,0.845,0.626,-0.257,-0.036,"Hydraulic turbines, water wheels and regulators",84,Industrial Machinery,7,Machinery,0.07516229110722945
paises_interes,2021,8411,671043665,0.02749356292077603,DOM,8411,1e-06,107969,0.001834,0.87,0.88,0.947,-0.036,Gas turbines,84,Industrial Machinery,7,Machinery,0.8543285572710686
paises_interes,2021,8412,630137953,0.16104350380484467,DOM,8412,4e-06,103964,0.00807,0.857,1.184,0.827,-0.036,Other engines and motors,84,Industrial Machinery,7,Machinery,0.3989073140702551
paises_interes,2021,8413,1842023177,0.18180351347760298,DOM,8413,3.4e-05,2260402,0.062361,0.87,1.35,1.269,-0.036,Pumps for liquids,84,Industrial Machinery,7,Machinery,0.4567346870158494
paises_interes,2021,8414,4812234001,0.3506567269848693,DOM,8414,1.7e-05,1400283,0.032233,0.868,1.337,1.533,-0.036,"Pumps, compressors, fans, etc.",84,Industrial Machinery,7,Machinery,0.23566022011264864
paises_interes,2021,8415,3256983654,0.30111651490969016,DOM,8415,9e-06,494078,0.017142,0.858,0.627,0.386,-0.036,Air conditioners,84,Industrial Machinery,7,Machinery,0.3531142855986302
paises_interes,2021,8416,11596141,0.07233297705596049,DOM,8416,4e-06,8638,0.007016,0.864,1.153,1.25,-0.036,Furnace burners,84,Industrial Machinery,7,Machinery,0.1289650382032878
paises_interes,2021,8417,42384709,0.12711936595514084,DOM,8417,1.2e-05,49910,0.022542,0.856,1.256,0.982,-0.036,Industrial furnaces,84,Industrial Machinery,7,Machinery,0.4087757964335804
paises_interes,2021,8418,2936052289,0.23626103729544712,DOM,8418,3e-05,1699434,0.054708,0.829,0.746,0.707,-0.036,"Refrigerators, freezers",84,Industrial Machinery,7,Machinery,0.5265288325407165
paises_interes,2021,8419,957675587,0.13933296135057566,DOM,8419,1.2e-05,497923,0.021409,0.86,1.319,1.304,-0.036,Equipment for temperature change of materials,84,Industrial Machinery,7,Machinery,0.15414029880122027
paises_interes,2021,8420,9086534,0.059725636576675116,DOM,8420,4e-06,5923,0.007925,0.892,1.402,1.908,-0.036,"Calendering or other rolling machines, other than for metals or glass",84,Industrial Machinery,7,Machinery,0.4134729022454837
paises_interes,2021,8421,2433581026,0.19627145206152272,DOM,8421,4.7e-05,3916378,0.086837,0.852,1.118,1.002,-0.036,Centrifuges,84,Industrial Machinery,7,Machinery,0.3140973624098593
paises_interes,2021,8422,484249426,0.0930903239249723,DOM,8422,3.2e-05,1074822,0.05954,0.863,1.189,1.335,-0.036,Dish washing machines,84,Industrial Machinery,7,Machinery,0.31845738178042504
paises_interes,2021,8423,429937644,0.4907395364578191,DOM,8423,2.1e-05,104979,0.038693,0.881,1.08,0.725,-0.036,Weighing machinery,84,Industrial Machinery,7,Machinery,0.19003800760152031
paises_interes,2021,8424,1715293460,0.47245469186024486,DOM,8424,0.000371,8828235,0.690306,0.863,1.261,1.12,-0.036,Sprays and powder dispersers,84,Industrial Machinery,7,Machinery,0.37742006188099886
paises_interes,2021,8425,925673912,0.5964203400270853,DOM,8425,1.8e-05,134385,0.032559,0.866,1.117,0.907,-0.036,Pulleys and winches,84,Industrial Machinery,7,Machinery,0.18679168061911672
paises_interes,2021,8426,364459657,0.23703231292489355,DOM,8426,1.4e-05,191965,0.0265,0.859,1.106,0.214,-0.036,Ships' derricks; cranes,84,Industrial Machinery,7,Machinery,0.006667882166019847
paises_interes,2021,8427,604923425,0.2129208863797459,DOM,8427,5e-06,104632,0.009487,0.885,1.571,1.453,-0.036,Fork-lift trucks,84,Industrial Machinery,7,Machinery,0.0
paises_interes,2021,8428,354355048,0.07616891224116634,DOM,8428,4e-05,1249489,0.07558,0.848,1.181,0.907,-0.036,Other lifting machinery,84,Industrial Machinery,7,Machinery,0.024033024700497563
paises_interes,2021,8429,491870804,0.06069502649563895,DOM,8429,9e-06,467217,0.016818,0.864,0.838,0.368,-0.036,"Self-propelled bulldozers, excavators and road rollers",84,Industrial Machinery,7,Machinery,0.013248661756742584
paises_interes,2021,8430,230015315,0.1525126319426403,DOM,8430,2.5e-05,257034,0.046201,0.826,0.195,-0.849,-0.036,"Other moving, excavating or boring machinery",84,Industrial Machinery,7,Machinery,0.3099823369670939
paises_interes,2021,8431,2052244917,0.22038883736439205,DOM,8431,0.000109,6220883,0.200259,0.84,1.048,1.001,-0.036,Parts for use with hoists and excavation machinery,84,Industrial Machinery,7,Machinery,0.47005401001754893
paises_interes,2021,8432,267001975,0.21326576933103475,DOM,8432,2.1e-05,213005,0.03821,0.84,0.869,0.735,-0.036,Machinery for soil preparation or cultivation,84,Industrial Machinery,7,Machinery,0.06570737776108541
paises_interes,2021,8433,1199709745,0.3437248228429306,DOM,8433,8e-06,197064,0.014442,0.85,1.007,0.855,-0.036,Harvesting or agricultural machinery,84,Industrial Machinery,7,Machinery,0.005120164007632038
paises_interes,2021,8434,4432122,0.0416627651983619,DOM,8434,2e-06,3947,0.003503,0.846,0.896,0.785,-0.036,Dairy machinery,84,Industrial Machinery,7,Machinery,0.0
paises_interes,2021,8435,4729729,0.12084160962684017,DOM,8435,5e-05,19576,0.091399,0.856,0.87,0.255,-0.036,Machines for wine and juice production,84,Industrial Machinery,7,Machinery,0.0
paises_interes,2021,8436,146139091,0.11877209526525036,DOM,8436,3e-06,26684,0.005972,0.856,0.996,0.948,-0.036,Other agricultural machinery,84,Industrial Machinery,7,Machinery,0.0
paises_interes,2021,8437,14281079,0.1006222756842187,DOM,8437,7e-06,13713,0.012202,0.836,0.555,-0.233,-0.036,Machinery for processing grain,84,Industrial Machinery,7,Machinery,0.6696565302997156
paises_interes,2021,8438,189769788,0.10053835986334277,DOM,8438,4.9e-05,689328,0.090609,0.857,0.993,0.539,-0.036,Machinery for the industrial preparation of food or drink,84,Industrial Machinery,7,Machinery,0.6292302068101108
paises_interes,2021,8439,40977137,0.06663000102018667,DOM,8439,7e-06,34053,0.012379,0.883,1.306,1.69,-0.036,Machinery for making paper,84,Industrial Machinery,7,Machinery,0.0
paises_interes,2021,8440,2822701,0.020258949140179915,DOM,8440,2.6e-05,20662,0.048987,0.854,1.103,0.846,-0.036,Bookbinding machinery,84,Industrial Machinery,7,Machinery,0.0
paises_interes,2021,8441,490398894,0.31463395188871734,DOM,8441,0.000104,841679,0.195021,0.857,1.056,0.8,-0.036,Other machinery for making paper,84,Industrial Machinery,7,Machinery,0.8849739627577734
paises_interes,2021,8442,8552554,0.08847342680550908,DOM,8442,0.000101,118228,0.186122,0.846,1.09,0.627,-0.036,Machinery for making printing components,84,Industrial Machinery,7,Machinery,0.311372940420205
paises_interes,2021,8443,3200204147,0.3399847142934549,DOM,8443,2.6e-05,1270160,0.049586,0.885,1.201,1.37,-0.036,Printers and copiers,84,Industrial Machinery,7,Machinery,0.35450415695660387
paises_interes,2021,8444,10638891,0.28025435945009,DOM,8444,5e-06,4616,0.008375,0.895,1.139,1.748,-0.036,"Machines to extrude, cut manmade textile fibres",84,Industrial Machinery,7,Machinery,0.0
paises_interes,2021,8445,4678474,0.05074788490730099,DOM,8445,7.2e-05,258988,0.132635,0.89,1.11,1.347,-0.036,Machines for preparing textile fibers,84,Industrial Machinery,7,Machinery,0.5975643659165676
paises_interes,2021,8446,1856267,0.06658608852236735,DOM,8446,3.1e-05,62614,0.056407,0.89,1.07,0.404,-0.036,Looms,84,Industrial Machinery,7,Machinery,0.03222921391382119
paises_interes,2021,8447,43990051,0.23120908303014967,DOM,8447,0.00034,893693,0.666267,0.878,0.858,0.574,-0.036,Knitting machines,84,Industrial Machinery,7,Machinery,0.07304521798872768
paises_interes,2021,8448,24231839,0.11398135642657117,DOM,8448,1e-05,53053,0.019451,0.875,1.304,1.115,-0.036,Auxiliary machinery for use with knitting and textile machines,84,Industrial Machinery,7,Machinery,0.2898987804648182
paises_interes,2021,8449,23635111,0.12330814107931456,DOM,8449,0.0,0,0.0,0.887,1.015,1.576,-0.036,Machinery to manufacture felt,84,Industrial Machinery,7,Machinery,
paises_interes,2021,8450,573885418,0.3103237657723074,DOM,8450,2e-06,33842,0.004064,0.847,0.619,0.404,-0.036,Household- or laundry-type washing machines,84,Industrial Machinery,7,Machinery,0.1831156551031263
paises_interes,2021,8451,223740985,0.111125887103723,DOM,8451,0.000149,1431996,0.279382,0.871,1.096,1.392,-0.036,Machinery for processing fabrics,84,Industrial Machinery,7,Machinery,0.183101070114721
paises_interes,2021,8452,220814926,0.4820707414309651,DOM,8452,0.001029,5781464,2.091451,0.809,0.0,0.574,-0.036,Sewing machines,84,Industrial Machinery,7,Machinery,0.022023833409669246
paises_interes,2021,8453,5080021,0.130466866560941,DOM,8453,0.002577,2816707,5.184698,0.794,0.0,-0.17,-0.036,Machinery for preparing leather,84,Industrial Machinery,7,Machinery,0.5478741665356035
paises_interes,2021,8454,26813962,0.08545646885797922,DOM,8454,1e-05,23790,0.019058,0.873,1.202,1.146,-0.036,Machines used in metallurgy,84,Industrial Machinery,7,Machinery,1.0
paises_interes,2021,8455,69943160,0.09952869925384852,DOM,8455,8e-06,33847,0.014001,0.879,1.305,1.086,-0.036,Metal-rolling mills,84,Industrial Machinery,7,Machinery,0.8519809732029426
paises_interes,2021,8456,121242297,0.1404759281550381,DOM,8456,5.9e-05,413421,0.111457,0.89,1.446,1.761,-0.036,Machines for working materials by laser and similar means,84,Industrial Machinery,7,Machinery,0.9478376763638034
paises_interes,2021,8457,5063075,0.0038694290202191347,DOM,8457,0.0,0,0.0,0.898,1.366,2.162,-0.036,Machining centers for working metal,84,Industrial Machinery,7,Machinery,
paises_interes,2021,8458,23664440,0.026693786526112595,DOM,8458,1e-06,5767,0.001889,0.883,1.332,1.82,-0.036,Lathes for removing metal,84,Industrial Machinery,7,Machinery,1.0
paises_interes,2021,8459,43006483,0.12950829385516818,DOM,8459,3e-06,8652,0.005786,0.867,1.038,0.498,-0.036,Machine tools for drilling by removing metal,84,Industrial Machinery,7,Machinery,0.12401756819232547
paises_interes,2021,8460,49642107,0.13202960518546872,DOM,8460,2.1e-05,79213,0.042154,0.88,1.344,1.644,-0.036,Machines with grinding stones for finishing metal,84,Industrial Machinery,7,Machinery,0.014732430282908108
paises_interes,2021,8461,35841164,0.1302736336429805,DOM,8461,0.0,0,0.0,0.898,1.485,2.193,-0.036,Other machine tools for planing and cutting metals,84,Industrial Machinery,7,Machinery,
paises_interes,2021,8462,88683643,0.07489290066879738,DOM,8462,3.1e-05,281241,0.058232,0.877,1.387,1.471,-0.036,Machine tools for molding and forging metals,84,Industrial Machinery,7,Machinery,0.25820204024306553
paises_interes,2021,8463,15786642,0.07423661182270082,DOM,8463,0.000134,229231,0.260028,0.867,1.181,1.007,-0.036,"Other machine tools for working metal, without removal",84,Industrial Machinery,7,Machinery,0.01383756996217789
paises_interes,2021,8464,92962521,0.272965277494405,DOM,8464,1.3e-05,35218,0.023662,0.883,1.41,1.413,-0.036,Machine tools for working stone,84,Industrial Machinery,7,Machinery,0.41964336418876713
paises_interes,2021,8465,451347351,0.2648247441282453,DOM,8465,7e-06,69647,0.014674,0.875,1.095,0.948,-0.036,Machine tools for working wood,84,Industrial Machinery,7,Machinery,0.35082630981951846
paises_interes,2021,8466,259931924,0.10390974605300445,DOM,8466,1.7e-05,305605,0.032452,0.874,1.438,1.595,-0.036,Parts and accessories for metal working machines,84,Industrial Machinery,7,Machinery,0.8353495525269548
paises_interes,2021,8467,648207725,0.32790398373926427,DOM,8467,1.4e-05,145908,0.029244,0.882,1.012,1.388,-0.036,"Tools for hand working, pneumatic, hydraulic motors",84,Industrial Machinery,7,Machinery,0.4330262905392439
paises_interes,2021,8468,48555379,0.3171325777366021,DOM,8468,2.3e-05,23600,0.044426,0.871,1.231,0.787,-0.036,Machinery for soldering,84,Industrial Machinery,7,Machinery,0.0
paises_interes,2021,8470,307539347,0.3841135093826181,DOM,8470,2e-05,107480,0.040872,0.849,0.474,0.507,-0.036,"Cash registers, calculators, etc.",84,Industrial Machinery,7,Machinery,0.5891979903237812
paises_interes,2021,8471,56280068502,0.5861800570792631,DOM,8471,4.7e-05,15220738,0.091677,0.867,0.73,1.157,-0.036,Computers,84,Industrial Machinery,7,Machinery,0.8929860037010032
paises_interes,2021,8472,304141509,0.281400956045151,DOM,8472,1.3e-05,57306,0.024035,0.878,1.137,1.092,-0.036,Other office machines,84,Industrial Machinery,7,Machinery,0.05981921613792622
paises_interes,2021,8473,19835174592,0.3951091116451733,DOM,8473,9e-06,2337183,0.019098,0.874,0.982,1.648,-0.036,Parts and accessories for office machines,84,Industrial Machinery,7,Machinery,0.7023108588416055
paises_interes,2021,8474,215757064,0.12693657474609982,DOM,8474,8.9e-05,1522644,0.164098,0.833,0.68,0.272,-0.036,Machinery for working minerals,84,Industrial Machinery,7,Machinery,0.19878710979060107
paises_interes,2021,8475,14512975,0.012682857441780139,DOM,8475,0.0,1702,0.000418,0.891,1.267,1.813,-0.036,Machines for assembling electric lamps,84,Industrial Machinery,7,Machinery,0.0
paises_interes,2021,8476,37925402,0.21373948496008538,DOM,8476,2.2e-05,31199,0.042428,0.84,1.045,0.962,-0.036,Automatic goods-vending machines,84,Industrial Machinery,7,Machinery,0.9242924452706818
paises_interes,2021,8477,500187392,0.13011846161596707,DOM,8477,5.5e-05,1559463,0.106479,0.89,1.411,1.555,-0.036,Machinery for working rubber or plastics,84,Industrial Machinery,7,Machinery,0.6531190544437412
paises_interes,2021,8478,7702786,0.08232563743408301,DOM,8478,0.001737,2072396,3.187288,0.808,0.0,0.094,-0.036,Machinery for preparing tobacco,84,Industrial Machinery,7,Machinery,0.5997130857229989
paises_interes,2021,8479,2186360608,0.1231282364923,DOM,8479,1.4e-05,1892120,0.026249,0.889,1.615,2.028,-0.036,Machines n.e.c.,84,Industrial Machinery,7,Machinery,0.4381704120246073
paises_interes,2021,8480,628455001,0.2156681689965344,DOM,8480,5.4e-05,967670,0.101714,0.875,1.225,1.485,-0.036,Molding boxes for metal foundry,84,Industrial Machinery,7,Machinery,0.7536939245817272
paises_interes,2021,8481,4757488531,0.32974610747548605,DOM,8481,0.000695,66430150,1.295012,0.84,0.0,1.631,-0.036,Appliances for thermostatically controlled valves,84,Industrial Machinery,7,Machinery,0.8826740117250977
paises_interes,2021,8482,805559957,0.2293675192000357,DOM,8482,2e-05,642754,0.036094,0.872,1.348,1.435,-0.036,Ball or roller bearings,84,Industrial Machinery,7,Machinery,0.03070537095062808
paises_interes,2021,8483,1812349450,0.1929277556271095,DOM,8483,7e-06,433424,0.013572,0.876,1.351,1.448,-0.036,Transmission shafts,84,Industrial Machinery,7,Machinery,0.6825556498947912
paises_interes,2021,8484,63272698,0.12133786530400179,DOM,8484,7e-06,28951,0.013079,0.864,1.209,1.273,-0.036,Gaskets and similar joints of metal sheeting,84,Industrial Machinery,7,Machinery,0.0
paises_interes,2021,8485,96247591,0.07612974779839143,DOM,8485,6.1e-05,703980,0.116149,0.862,1.409,1.318,-0.036,"Machinery parts, not containing electrical features, n.e.c.",84,Industrial Machinery,7,Machinery,0.8573681070484956
paises_interes,2021,8501,2570739823,0.24019075949302088,DOM,8501,3.2e-05,1934496,0.059747,0.847,1.071,0.902,-0.036,Electric motors and generators,85,Electrical machinery and equipment,8,Electronics,0.6663151539212281
paises_interes,2021,8502,1293085591,0.4889205596939696,DOM,8502,7.9e-05,1750980,0.145105,0.852,0.837,-0.034,-0.036,Electric generating sets and rotary converters,85,Electrical machinery and equipment,8,Electronics,0.3181972381180824
paises_interes,2021,8503,783045115,0.21583320779735424,DOM,8503,5.9e-05,1338066,0.110419,0.835,0.869,0.65,-0.036,Parts for use with electric generators,85,Electrical machinery and equipment,8,Electronics,0.6622498441780899
paises_interes,2021,8504,7318126487,0.37349830569339315,DOM,8504,0.000205,23252858,0.395334,0.85,1.011,1.088,-0.036,Electrical transformers,85,Electrical machinery and equipment,8,Electronics,0.7593475176255753
paises_interes,2021,8505,555599122,0.444227673541185,DOM,8505,3.4e-05,356002,0.063663,0.883,1.126,1.088,-0.036,Electromagnets,85,Electrical machinery and equipment,8,Electronics,0.6028140291346678
paises_interes,2021,8506,593484740,0.5109460003979558,DOM,8506,9.3e-05,776428,0.17425,0.853,0.905,0.837,-0.036,Primary cells and primary batteries,85,Electrical machinery and equipment,8,Electronics,0.2819256904696894
paises_interes,2021,8507,5755224613,0.38260190653047943,DOM,8507,2.1e-05,1944500,0.039949,0.873,1.164,1.216,-0.036,Batteries,85,Electrical machinery and equipment,8,Electronics,0.610532270506557
paises_interes,2021,8508,4460926305,0.7094035101339182,DOM,8508,2e-06,44060,0.003297,0.88,1.127,1.409,-0.036,Vacuum cleaners,85,Electrical machinery and equipment,8,Electronics,0.17004085338175215
paises_interes,2021,8509,6382469045,0.8889162771755899,DOM,8509,2e-06,73119,0.003986,0.856,0.903,0.807,-0.036,Electromechanical domestic appliances,85,Electrical machinery and equipment,8,Electronics,0.21229776118382362
paises_interes,2021,8510,443425493,0.683811134777522,DOM,8510,3e-05,149908,0.05458,0.88,0.995,1.29,-0.036,Electric shavers and hair clippers,85,Electrical machinery and equipment,8,Electronics,0.05818902260052832
paises_interes,2021,8511,575562615,0.13522343496924413,DOM,8511,0.00045,8892629,0.826893,0.851,1.037,0.745,-0.036,Electrical ignition equipment,85,Electrical machinery and equipment,8,Electronics,0.9520871724211142
paises_interes,2021,8512,1294965638,0.18153924750014078,DOM,8512,2.3e-05,770608,0.045165,0.85,1.119,0.972,-0.036,Electrical lighting equipment used for motor vehicles,85,Electrical machinery and equipment,8,Electronics,0.34661462118223535
paises_interes,2021,8513,791225755,0.95492885419626,DOM,8513,8e-06,26659,0.012694,0.845,0.001,-0.577,-0.036,Portable electric lamps,85,Electrical machinery and equipment,8,Electronics,0.43561273866236544
paises_interes,2021,8514,73062479,0.12736472431633616,DOM,8514,3e-06,19522,0.006339,0.869,1.286,1.059,-0.036,Industrial electric furnaces,85,Electrical machinery and equipment,8,Electronics,0.8793156438889458
paises_interes,2021,8515,278771743,0.14946370298276113,DOM,8515,2.6e-05,312579,0.048409,0.891,1.538,1.548,-0.036,Electric soldering machines,85,Electrical machinery and equipment,8,Electronics,0.14043489805777098
paises_interes,2021,8516,9105268076,0.7015978980475841,DOM,8516,6e-06,369781,0.010467,0.84,0.799,0.714,-0.036,Electric heaters,85,Electrical machinery and equipment,8,Electronics,0.606878125160568
paises_interes,2021,8517,3779881626,0.5149106402207433,DOM,8517,0.000509,62889117,1.021033,0.806,0.0,1.045,-0.036,Telephones,85,Electrical machinery and equipment,8,Electronics,0.6636316264386412
paises_interes,2021,8518,5612553067,0.6614929060712968,DOM,8518,2.7e-05,1193303,0.0507,0.86,0.769,0.902,-0.036,Microphones,85,Electrical machinery and equipment,8,Electronics,0.7202026643694016
paises_interes,2021,8519,159126230,0.6557920987671274,DOM,8519,6e-06,8225,0.011135,0.854,0.855,0.556,-0.036,Sound reproducing apparatus,85,Electrical machinery and equipment,8,Electronics,0.686565349544073
paises_interes,2021,8520,345039193,0.8955871268694692,DOM,8520,0.0,0,0.0,0.867,0.577,0.463,-0.036,Magnetic tape recorders,85,Electrical machinery and equipment,8,Electronics,
paises_interes,2021,8521,4061867641,0.45016153412138754,DOM,8521,2.6e-05,1170803,0.050146,0.863,0.919,0.712,-0.036,Video recording apparatus,85,Electrical machinery and equipment,8,Electronics,0.8592948600234198
paises_interes,2021,8522,50765560,0.43650235130427467,DOM,8522,2e-06,4596,0.004635,0.875,0.899,1.16,-0.036,Parts and accessories for video or sound equipment,85,Electrical machinery and equipment,8,Electronics,0.0
paises_interes,2021,8523,1604827659,0.14785770973794618,DOM,8523,3.2e-05,1837289,0.074266,0.889,0.849,1.856,-0.036,Sound storage media,85,Electrical machinery and equipment,8,Electronics,0.10563607576162487
paises_interes,2021,8524,926631,0.004559065848843733,DOM,8524,3e-06,4588,0.006052,0.845,0.976,0.884,-0.036,"Tapes, cassettes, records and compact disks",85,Electrical machinery and equipment,8,Electronics,1.0
paises_interes,2021,8525,65477846146,0.7306794687971486,DOM,8525,0.000312,133893921,0.611255,0.862,0.801,1.018,-0.036,"Transmission apparatus for radio, telephone and TV",85,Electrical machinery and equipment,8,Electronics,0.6424147217258653
paises_interes,2021,8526,666690612,0.19139149650971132,DOM,8526,5e-06,89419,0.008993,0.858,1.158,1.268,-0.036,Radar,85,Electrical machinery and equipment,8,Electronics,0.01752423981480446
paises_interes,2021,8527,873401599,0.32305008968799476,DOM,8527,8e-06,85638,0.01496,0.863,0.74,0.852,-0.036,Reception apparatus for radio broadcasting,85,Electrical machinery and equipment,8,Electronics,0.6663630631261823
paises_interes,2021,8528,6943094199,0.285585496993373,DOM,8528,5e-06,448611,0.009763,0.835,0.545,0.481,-0.036,Monitors and projectors,85,Electrical machinery and equipment,8,Electronics,0.8511940188715836
paises_interes,2021,8529,1283047139,0.2897524937328861,DOM,8529,9e-06,555416,0.019945,0.878,0.945,0.785,-0.036,"Parts of radios, telephones, and T.V.s",85,Electrical machinery and equipment,8,Electronics,0.6141756809310499
paises_interes,2021,8530,46379737,0.16309681133833237,DOM,8530,1e-06,2596,0.001786,0.85,1.169,1.14,-0.036,Electric signal and traffic controls,85,Electrical machinery and equipment,8,Electronics,0.43682588597842836
paises_interes,2021,8531,1053638161,0.3839960112889558,DOM,8531,0.001537,25907025,3.012898,0.812,0.0,0.883,-0.036,Electric sound or visual signaling apparatus,85,Electrical machinery and equipment,8,Electronics,0.982184214513245
paises_interes,2021,8532,343550055,0.1357767398513532,DOM,8532,0.000724,25535216,1.490116,0.819,0.0,0.979,-0.036,Electrical capacitors,85,Electrical machinery and equipment,8,Electronics,0.6259676440567411
paises_interes,2021,8533,161620881,0.1499410088510274,DOM,8533,3.1e-05,392232,0.064318,0.854,1.097,0.963,-0.036,Electrical resistors,85,Electrical machinery and equipment,8,Electronics,0.4289170694894858
paises_interes,2021,8534,801518935,0.296963319902808,DOM,8534,1e-06,32983,0.001504,0.877,0.855,1.172,-0.036,Electronic printed circuits,85,Electrical machinery and equipment,8,Electronics,0.5245429463663099
paises_interes,2021,8535,61858187,0.06478813164616128,DOM,8535,0.000443,3595924,0.815362,0.85,0.962,0.768,-0.036,Electrical apparatus for > 1k volts,85,Electrical machinery and equipment,8,Electronics,0.786942104449371
paises_interes,2021,8536,3363137399,0.24977583380657228,DOM,8536,0.007455,798253539,14.247749,0.821,0.0,0.703,-0.036,Electrical apparatus for < 1k volts,85,Electrical machinery and equipment,8,Electronics,0.9439824130864267
paises_interes,2021,8537,2220082519,0.17142199594949034,DOM,8537,1.8e-05,1218687,0.032681,0.832,0.804,0.826,-0.036,Electrical boards,85,Electrical machinery and equipment,8,Electronics,0.4396091859517661
paises_interes,2021,8538,984638065,0.2094163225960047,DOM,8538,0.000237,9118954,0.446598,0.848,1.11,1.11,-0.036,Parts for electrical apparatus,85,Electrical machinery and equipment,8,Electronics,0.365739864462525
paises_interes,2021,8539,616255443,0.4963268685025603,DOM,8539,2.1e-05,152147,0.03853,0.872,1.023,0.92,-0.036,Electrical filament,85,Electrical machinery and equipment,8,Electronics,0.34636897211249645
paises_interes,2021,8540,14587611,0.05216596200151887,DOM,8540,2e-06,2934,0.00289,0.883,1.185,0.838,-0.036,"Thermionic, cold cathode or photocathode tubes",85,Electrical machinery and equipment,8,Electronics,1.0
paises_interes,2021,8541,6040594744,0.5051403538904309,DOM,8541,0.000132,16301705,0.26156,0.866,0.842,1.379,-0.036,Semiconductor devices,85,Electrical machinery and equipment,8,Electronics,0.6673222831599517
paises_interes,2021,8542,5047185124,0.21561729044148512,DOM,8542,4e-06,3330354,0.010033,0.868,0.941,1.441,-0.036,Electronic integrated circuits,85,Electrical machinery and equipment,8,Electronics,0.9476677254129742
paises_interes,2021,8543,10324506100,0.6234569595803545,DOM,8543,3.1e-05,1999431,0.057635,0.868,1.054,1.515,-0.036,Electrical machines with individual functions n.e.c.,85,Electrical machinery and equipment,8,Electronics,0.15392629203008257
paises_interes,2021,8544,6022693564,0.23858918673582674,DOM,8544,0.000128,17650465,0.236747,0.781,0.288,-0.205,-0.036,Insulated electrical wire,85,Electrical machinery and equipment,8,Electronics,0.24750956986119063
paises_interes,2021,8545,43433215,0.10017796290715761,DOM,8545,0.00537,37774095,9.887325,0.845,0.0,0.874,-0.036,Carbon articles for eletrical purposes,85,Electrical machinery and equipment,8,Electronics,0.9629791792496948
paises_interes,2021,8546,90971044,0.30979044042691267,DOM,8546,1e-05,22962,0.019342,0.847,0.944,0.826,-0.036,Electrical insulators of any material,85,Electrical machinery and equipment,8,Electronics,0.6013848967859943
paises_interes,2021,8547,176661257,0.28122995115620036,DOM,8547,1.1e-05,71642,0.019936,0.859,1.059,1.027,-0.036,Insulating fittings for electrical machines,85,Electrical machinery and equipment,8,Electronics,0.10798135172105748
paises_interes,2021,8548,121251340,0.24193947924771736,DOM,8548,1.4e-05,82640,0.027531,0.852,0.664,0.391,-0.036,Waste and scrap of batteries,85,Electrical machinery and equipment,8,Electronics,0.6314980638915779
paises_interes,2021,8604,9920,0.00042297889109346737,DOM,8604,0.00044,569466,0.806782,0.871,0.791,0.201,-0.036,Railway service vehicles,86,Trains,6,Vehicles,0.0
paises_interes,2021,8606,16174,1.2368609297338158e-05,DOM,8606,0.0,0,0.0,0.853,0.386,-0.098,-0.036,"Railway cars, not self-propelled",86,Trains,6,Vehicles,
paises_interes,2021,8607,188047800,0.22574482031573492,DOM,8607,3e-06,30417,0.004865,0.852,0.878,0.703,-0.036,Parts of railway locomotives,86,Trains,6,Vehicles,0.0
paises_interes,2021,8608,10747509,0.28073764443250765,DOM,8608,0.0,0,0.0,0.859,1.112,0.811,-0.036,Railway track fixtures,86,Trains,6,Vehicles,
paises_interes,2021,8609,5496991414,0.9551782684584919,DOM,8609,3.1e-05,781874,0.051261,0.862,0.001,-0.015,-0.036,Containers for multimodal transportation,86,Trains,6,Vehicles,0.3456848545929395
paises_interes,2021,8701,107925985,0.008543693520183202,DOM,8701,8e-06,447674,0.013882,0.866,1.237,0.949,-0.036,Tractors,87,Vehicles,6,Vehicles,0.05797298927344451
paises_interes,2021,8702,13304290,0.022726810262356515,DOM,8702,1e-06,14625,0.002252,0.841,0.49,0.236,-0.036,Buses,87,Vehicles,6,Vehicles,0.0
paises_interes,2021,8703,1873324009,0.013355945690666005,DOM,8703,2e-06,1497254,0.004041,0.852,0.989,0.954,-0.036,Cars,87,Vehicles,6,Vehicles,0.5555824195493884
paises_interes,2021,8704,10478421,0.00034872940883567667,DOM,8704,7e-06,941376,0.012676,0.853,0.746,0.448,-0.036,Motor vehicles for transporting goods,87,Vehicles,6,Vehicles,0.11754495546944048
paises_interes,2021,8705,2200326,0.0025133527382783017,DOM,8705,4.1e-05,512297,0.075057,0.844,0.563,0.115,-0.036,Special purpose motor vehicles,87,Vehicles,6,Vehicles,0.0
paises_interes,2021,8706,299430,0.004219057798146963,DOM,8706,0.0,0,0.0,0.86,0.663,0.415,-0.036,Vehicle chassis fitted with engines,87,Vehicles,6,Vehicles,
paises_interes,2021,8707,3056121,0.004660897924592107,DOM,8707,3e-06,19420,0.00479,0.86,0.806,0.246,-0.036,Vehicle Bodies,87,Vehicles,6,Vehicles,0.4846035015447992
paises_interes,2021,8708,11490527619,0.14917910833386877,DOM,8708,2.8e-05,10849486,0.052554,0.853,1.123,1.135,-0.036,Parts of motor vehicles,87,Vehicles,6,Vehicles,0.6787667176122445
paises_interes,2021,8709,24469946,0.13303329248943097,DOM,8709,1e-05,14215,0.019283,0.837,0.715,0.237,-0.036,Work trucks,87,Vehicles,6,Vehicles,0.13520928596552936
paises_interes,2021,8711,1816595276,0.42696721005753846,DOM,8711,1e-05,386369,0.019244,0.861,0.995,0.509,-0.036,Motorcycles,87,Vehicles,6,Vehicles,0.1496289816211963
paises_interes,2021,8712,1484561726,0.7064320647032394,DOM,8712,1.5e-05,166371,0.029769,0.826,0.452,-0.182,-0.036,Bicycles,87,Vehicles,6,Vehicles,0.13582896057606195
paises_interes,2021,8713,261560428,0.7169699107359394,DOM,8713,3e-06,4943,0.005432,0.873,0.818,0.773,-0.036,Wheelchairs,87,Vehicles,6,Vehicles,0.0
paises_interes,2021,8714,689876727,0.306605169055416,DOM,8714,3e-05,907222,0.065334,0.853,0.823,1.098,-0.036,Parts of motorcycles or wheelchairs,87,Vehicles,6,Vehicles,0.18272374347182938
paises_interes,2021,8715,425901763,0.9394345086905902,DOM,8715,1e-06,2844,0.002447,0.859,0.823,0.585,-0.036,Baby carriages,87,Vehicles,6,Vehicles,0.630098452883263
paises_interes,2021,8716,1410014588,0.2968200165192187,DOM,8716,1.7e-05,516200,0.030554,0.842,0.979,0.791,-0.036,Trailers and semi-trailers,87,Vehicles,6,Vehicles,0.1571077101898489
paises_interes,2021,8802,111713633,0.009966819603216309,DOM,8802,9e-06,899898,0.016472,0.87,0.61,0.163,-0.036,Other aircraft and spacecraft,88,Aircraft,6,Vehicles,0.0
paises_interes,2021,8803,718209816,0.053148363654302005,DOM,8803,0.000109,6419914,0.201832,0.839,0.718,0.452,-0.036,Parts of other aircraft,88,Aircraft,6,Vehicles,0.9412289635032495
paises_interes,2021,8804,4593249,0.10127476698585414,DOM,8804,2e-06,701,0.004036,0.841,0.687,0.674,-0.036,Parachutes,88,Aircraft,6,Vehicles,0.0
paises_interes,2021,8805,2679279,0.007332170928061136,DOM,8805,0.0,0,0.0,0.874,0.73,0.541,-0.036,Aircraft launching gear,88,Aircraft,6,Vehicles,
paises_interes,2021,8901,53927260,0.0171461739267111,DOM,8901,0.0,21154,0.000547,0.84,0.543,-0.411,-0.036,Cargo ships and similar vessels,89,Ships,6,Vehicles,0.0
paises_interes,2021,8902,0,0.0,DOM,8902,1.1e-05,21199,0.020461,0.826,0.194,-0.494,-0.036,Fishing vessels,89,Ships,6,Vehicles,0.0
paises_interes,2021,8903,206437882,0.0735598495691629,DOM,8903,5.2e-05,1094411,0.107053,0.835,0.748,-0.14,-0.036,Pleasure or sport boats,89,Ships,6,Vehicles,0.4527174891334243
paises_interes,2021,8904,2954,0.005012089077412513,DOM,8904,0.0,0,0.0,0.808,-0.109,-1.281,-0.036,Tugs and pusher craft,89,Ships,6,Vehicles,
paises_interes,2021,8905,1976400,0.0008812830996431392,DOM,8905,0.0,0,0.0,0.816,-0.115,-1.215,-0.036,"Special function vessels, n.e.c.",89,Ships,6,Vehicles,
paises_interes,2021,8906,2618472,0.030819015774996957,DOM,8906,4e-06,18878,0.007964,0.837,0.405,-0.352,-0.036,Other vessels,89,Ships,6,Vehicles,0.0
paises_interes,2021,8907,32184625,0.2343352282805208,DOM,8907,1.8e-05,19525,0.032607,0.817,0.54,-0.198,-0.036,Other floating structures,89,Ships,6,Vehicles,0.14571062740076823
paises_interes,2021,8908,12475,0.023195061636576614,DOM,8908,0.0,0,0.0,0.827,0.18,-1.015,-0.036,Floating structures for scrapping,89,Ships,6,Vehicles,
paises_interes,2021,9001,445999801,0.1416130123855612,DOM,9001,1e-06,34890,0.00213,0.858,1.114,1.397,-0.036,Optical fibers,90,"Apparatuses (optical, medical, etc.)",7,Machinery,0.06196617942103755
paises_interes,2021,9002,268425686,0.16371688466386075,DOM,9002,0.0,762,0.000108,0.879,1.167,1.449,-0.036,Lenses and other optical elements,90,"Apparatuses (optical, medical, etc.)",7,Machinery,0.0
paises_interes,2021,9003,345633365,0.36766335935758526,DOM,9003,1e-06,5853,0.002029,0.857,1.013,0.622,-0.036,"Frames for spectacles, goggles",90,"Apparatuses (optical, medical, etc.)",7,Machinery,0.0
paises_interes,2021,9004,958692334,0.3678206947228389,DOM,9004,4e-06,38405,0.007747,0.866,0.773,0.84,-0.036,Glasses,90,"Apparatuses (optical, medical, etc.)",7,Machinery,0.4207525061840906
paises_interes,2021,9005,266214012,0.5730426363126934,DOM,9005,0.0,0,0.0,0.85,0.893,0.704,-0.036,Binoculars and telescopes,90,"Apparatuses (optical, medical, etc.)",7,Machinery,
paises_interes,2021,9006,142423237,0.4400599627241656,DOM,9006,1.5e-05,48893,0.028984,0.85,0.581,0.136,-0.036,Photographic cameras,90,"Apparatuses (optical, medical, etc.)",7,Machinery,0.11009755997791094
paises_interes,2021,9007,37124422,0.35812107379845687,DOM,9007,0.00102,655070,1.887128,0.834,0.0,0.351,-0.036,Cinematographic cameras and projectors,90,"Apparatuses (optical, medical, etc.)",7,Machinery,1.0
paises_interes,2021,9008,18414445,0.3979690238719669,DOM,9008,0.0,0,0.0,0.851,0.83,0.767,-0.036,Still image projectors,90,"Apparatuses (optical, medical, etc.)",7,Machinery,
paises_interes,2021,9009,105512651,0.3738188828218529,DOM,9009,4.8e-05,76195,0.08845,0.847,0.54,0.385,-0.036,Electrostatic photo-copyers,90,"Apparatuses (optical, medical, etc.)",7,Machinery,0.0
paises_interes,2021,9010,201272296,0.04632446751607331,DOM,9010,0.0,0,0.0,0.904,1.064,2.628,-0.036,"Apparatus and equipment for photographic laboratories, n.e.c.",90,"Apparatuses (optical, medical, etc.)",7,Machinery,
paises_interes,2021,9011,461291379,0.08194012284447312,DOM,9011,0.002144,6215144,3.990766,0.842,0.0,0.958,-0.036,Optical microscopes,90,"Apparatuses (optical, medical, etc.)",7,Machinery,0.04872576694792518
paises_interes,2021,9012,17041596,0.008924623416595454,DOM,9012,0.0,0,0.0,0.901,1.422,2.331,-0.036,"Microscopes, other than optical",90,"Apparatuses (optical, medical, etc.)",7,Machinery,0.651416957611356
paises_interes,2021,9013,1166847949,0.30504991659104697,DOM,9013,0.0,11865,0.000412,0.889,0.911,1.751,-0.036,Liquid crystal devices,90,"Apparatuses (optical, medical, etc.)",7,Machinery,0.24594397722005165
paises_interes,2021,9014,32602294,0.023134506149449945,DOM,9014,3.8e-05,251320,0.073153,0.875,1.205,0.909,-0.036,Navigational instruments,90,"Apparatuses (optical, medical, etc.)",7,Machinery,1.0
paises_interes,2021,9015,279291421,0.20699702520203123,DOM,9015,4.7e-05,445242,0.087493,0.856,0.772,0.219,-0.036,Surveying instruments,90,"Apparatuses (optical, medical, etc.)",7,Machinery,0.04170091770318164
paises_interes,2021,9016,20654573,0.35898979521516067,DOM,9016,3e-06,1084,0.004663,0.893,1.176,1.221,-0.036,Balances of a sensitivity < 50 milligram,90,"Apparatuses (optical, medical, etc.)",7,Machinery,0.0
paises_interes,2021,9017,199586252,0.5296919657977905,DOM,9017,0.000122,304717,0.226351,0.892,1.464,1.787,-0.036,Drafting tables and machines,90,"Apparatuses (optical, medical, etc.)",7,Machinery,0.6378771122057516
paises_interes,2021,9018,2873585306,0.09184214847848714,DOM,9018,0.008756,1233164522,16.133982,0.827,0.0,0.941,-0.036,Medical instruments,90,"Apparatuses (optical, medical, etc.)",7,Machinery,0.7188688298964865
paises_interes,2021,9019,2212607092,0.4375985874506854,DOM,9019,0.0037,72421244,6.832365,0.822,0.0,0.791,-0.036,Therapy applicances,90,"Apparatuses (optical, medical, etc.)",7,Machinery,0.4688359537154595
paises_interes,2021,9020,11017475,0.053996955353873125,DOM,9020,4.2e-05,77256,0.079417,0.857,0.795,0.547,-0.036,Other breathing appliances and gas masks,90,"Apparatuses (optical, medical, etc.)",7,Machinery,0.08118463290877084
paises_interes,2021,9021,937301223,0.07626719308759329,DOM,9021,0.000391,24499611,0.719029,0.867,1.282,1.081,-0.036,Orthopedic appliances,90,"Apparatuses (optical, medical, etc.)",7,Machinery,0.6700966414495162
paises_interes,2021,9022,391064071,0.0914064585083676,DOM,9022,3.8e-05,893989,0.069201,0.896,1.419,1.638,-0.036,X-ray machines,90,"Apparatuses (optical, medical, etc.)",7,Machinery,0.5883774856290178
paises_interes,2021,9023,180317611,0.2649387413755545,DOM,9023,0.000265,811082,0.491888,0.867,1.002,0.595,-0.036,Instruments designed for demonstrational purposes,90,"Apparatuses (optical, medical, etc.)",7,Machinery,0.761537057905366
paises_interes,2021,9024,44718359,0.12565891862958234,DOM,9024,2e-06,5046,0.003889,0.879,1.223,1.454,-0.036,Machines for testing the mechanical properties of materials,90,"Apparatuses (optical, medical, etc.)",7,Machinery,0.7617915180340864
paises_interes,2021,9025,458992113,0.3820595988255336,DOM,9025,2.3e-05,171209,0.043269,0.849,1.027,0.726,-0.036,"Thermometers, hydrometers etc.",90,"Apparatuses (optical, medical, etc.)",7,Machinery,0.09913030272941259
paises_interes,2021,9026,586679362,0.16724574485524435,DOM,9026,3.6e-05,841040,0.067108,0.871,1.249,1.257,-0.036,Instruments for measuring properties of liquids or gases,90,"Apparatuses (optical, medical, etc.)",7,Machinery,0.38727171121468656
paises_interes,2021,9027,586841508,0.08125593373430971,DOM,9027,6.6e-05,3319546,0.12229,0.88,1.481,1.933,-0.036,Instruments for physical or chemical analysis,90,"Apparatuses (optical, medical, etc.)",7,Machinery,0.8729925718757926
paises_interes,2021,9028,160140747,0.13274581093986648,DOM,9028,4e-06,26944,0.006492,0.835,0.743,0.548,-0.036,"Gas, liquid or electricity meters",90,"Apparatuses (optical, medical, etc.)",7,Machinery,0.7987678147268409
paises_interes,2021,9029,152712244,0.10164313771428161,DOM,9029,6e-06,48181,0.011337,0.87,1.114,1.199,-0.036,Meters,90,"Apparatuses (optical, medical, etc.)",7,Machinery,0.9093211016790851
paises_interes,2021,9030,1238354086,0.3138179503614903,DOM,9030,1.8e-05,554483,0.034256,0.887,1.273,1.528,-0.036,Instruments for measuring electricity,90,"Apparatuses (optical, medical, etc.)",7,Machinery,0.7403996154976799
paises_interes,2021,9031,1111356820,0.1721702498842913,DOM,9031,3.7e-05,1883520,0.07095,0.878,1.446,1.732,-0.036,Measuring instruments,90,"Apparatuses (optical, medical, etc.)",7,Machinery,0.6937202684335712
paises_interes,2021,9032,838836482,0.12970304205184727,DOM,9032,1.3e-05,428342,0.023473,0.855,1.046,1.076,-0.036,Automatic regulating instruments,90,"Apparatuses (optical, medical, etc.)",7,Machinery,0.5831695234182032
paises_interes,2021,9033,91649330,0.13136538737482767,DOM,9033,0.000818,2977228,1.560121,0.825,0.0,0.972,-0.036,Other parts for machines and appliances,90,"Apparatuses (optical, medical, etc.)",7,Machinery,0.7739615508116946
paises_interes,2021,9101,74378053,0.04634094408000805,DOM,9101,0.000139,2166232,0.273706,0.866,0.519,0.58,-0.036,Watches with precious metal,91,Clocks,7,Machinery,0.9813255839724814
paises_interes,2021,9102,160589447,0.055304760664070265,DOM,9102,0.00012,2999970,0.237727,0.869,0.569,0.509,-0.036,Watches,91,Clocks,7,Machinery,0.9165671656716567
paises_interes,2021,9103,1658982,0.02899545594852952,DOM,9103,0.001103,67539,1.849173,0.837,0.0,0.529,-0.036,Clocks with watch movements,91,Clocks,7,Machinery,0.008417670200306315
paises_interes,2021,9104,294434,0.06604518682864711,DOM,9104,0.0,0,0.0,0.882,0.004,0.465,-0.036,Instrument panel clocks for vehicles,91,Clocks,7,Machinery,
paises_interes,2021,9105,248435115,0.878071072344247,DOM,9105,1e-06,1241,0.001648,0.877,0.416,0.521,-0.036,Other clocks,91,Clocks,7,Machinery,0.0
paises_interes,2021,9106,29351668,0.5549373067082171,DOM,9106,3e-05,11237,0.059226,0.853,0.644,0.281,-0.036,Apparatus for measuring intervals of time,91,Clocks,7,Machinery,0.5987363175224704
paises_interes,2021,9107,19833997,0.17117917118733572,DOM,9107,5.6e-05,24951,0.105936,0.862,0.876,0.63,-0.036,Time switches,91,Clocks,7,Machinery,0.7744779768345958
paises_interes,2021,9108,255092,0.008413431371077766,DOM,9108,8e-06,8430,0.015614,0.901,0.812,1.589,-0.036,"Watch movements, complete",91,Clocks,7,Machinery,1.0
paises_interes,2021,9109,7218368,0.04326853641872342,DOM,9109,0.0,0,0.0,0.868,0.004,0.474,-0.036,"Clock movements, complete",91,Clocks,7,Machinery,0.39479586163880187
paises_interes,2021,9110,414232,0.13801536443470216,DOM,9110,4.1e-05,12500,0.079202,0.885,0.866,1.423,-0.036,"Clock movements, complete, unassembled",91,Clocks,7,Machinery,1.0
paises_interes,2021,9111,2741612,0.1550997035660273,DOM,9111,0.0,0,0.0,0.869,0.681,0.698,-0.036,Watch cases and parts,91,Clocks,7,Machinery,
paises_interes,2021,9113,39245263,0.3358819164005654,DOM,9113,4e-06,7533,0.008662,0.848,0.698,0.108,-0.036,Watch straps,91,Clocks,7,Machinery,0.31886366653391746
paises_interes,2021,9114,2040513,0.028495568419218378,DOM,9114,8e-06,13412,0.018262,0.868,0.757,0.94,-0.036,Other clock or watch parts,91,Clocks,7,Machinery,0.4202206978824933
paises_interes,2021,9201,39221112,0.3426958259984278,DOM,9201,9e-06,8967,0.016579,0.896,0.863,0.449,-0.036,Pianos,92,Musical instruments,7,Machinery,0.0
paises_interes,2021,9202,214416904,0.7368078714291905,DOM,9202,4e-06,5091,0.007624,0.871,0.77,-0.083,-0.036,"Musical instruments, string",92,Musical instruments,7,Machinery,0.3077980750343744
paises_interes,2021,9205,66107519,0.3664203949475011,DOM,9205,4.6e-05,32111,0.088421,0.889,1.273,0.984,-0.036,"Musical instruments, wind",92,Musical instruments,7,Machinery,0.0
paises_interes,2021,9206,57790627,0.447267989600184,DOM,9206,6.1e-05,27541,0.118581,0.854,0.618,-0.321,-0.036,"Musical instruments, percussion",92,Musical instruments,7,Machinery,0.9469155077883882
paises_interes,2021,9207,426650031,0.7687284783969242,DOM,9207,1e-06,2773,0.001928,0.876,0.707,0.586,-0.036,"Musical instruments, electric",92,Musical instruments,7,Machinery,0.0
paises_interes,2021,9208,21853752,0.7551278806335696,DOM,9208,0.0,0,0.0,0.874,0.824,0.724,-0.036,"Other musical instruments, n.e.c.",92,Musical instruments,7,Machinery,
paises_interes,2021,9209,83902049,0.28616532104263626,DOM,9209,1e-06,2067,0.002548,0.872,1.436,1.459,-0.036,Parts of musical instruments,92,Musical instruments,7,Machinery,0.0
paises_interes,2021,9301,1635034,0.03516479385234974,DOM,9301,3.4e-05,37732,0.066384,0.851,0.642,0.206,-0.036,"Military weapons, other than pistols and swords",93,Arms and ammunition,7,Machinery,0.0
paises_interes,2021,9302,0,0.0,DOM,9302,1.6e-05,22624,0.029261,0.868,0.889,0.648,-0.036,Revolvers and pistols,93,Arms and ammunition,7,Machinery,0.575716053748232
paises_interes,2021,9303,44409868,0.04129934182621438,DOM,9303,3.3e-05,62700,0.06036,0.853,0.712,0.411,-0.036,Other firearms,93,Arms and ammunition,7,Machinery,0.9489792663476874
paises_interes,2021,9304,115280212,0.33517660257857385,DOM,9304,4.1e-05,42584,0.087013,0.865,0.752,0.694,-0.036,"Other arms (air guns, truncheons, etc.)",93,Arms and ammunition,7,Machinery,0.36128592898741313
paises_interes,2021,9305,24141268,0.029900222994653346,DOM,9305,2e-06,5230,0.004163,0.856,0.908,0.836,-0.036,Parts of military weapons,93,Arms and ammunition,7,Machinery,1.0
paises_interes,2021,9306,11835400,0.008850450197164952,DOM,9306,0.0,0,0.0,0.84,0.522,0.242,-0.036,Munitions of war,93,Arms and ammunition,7,Machinery,
paises_interes,2021,9307,18088385,0.5096644845969811,DOM,9307,0.000653,53485,1.095059,0.846,0.0,-0.195,-0.036,Swords,93,Arms and ammunition,7,Machinery,0.0
paises_interes,2021,9401,14834146649,0.6028661318015359,DOM,9401,0.000185,16416539,0.340432,0.814,0.534,0.293,-0.036,Seats,94,Furniture,0,Textiles,0.6610669886021652
paises_interes,2021,9402,322028930,0.40573143090256564,DOM,9402,0.000491,2213044,0.92287,0.855,1.132,0.899,-0.036,"Medical, dental or veterinary furniture",94,Furniture,0,Textiles,0.1765414515029977
paises_interes,2021,9403,17479986031,0.6364267738424949,DOM,9403,5.6e-05,5879745,0.103573,0.817,0.591,0.478,-0.036,Other furniture and parts,94,Furniture,0,Textiles,0.5671788487425901
paises_interes,2021,9404,4044104054,0.6809011343245572,DOM,9404,0.000604,13036769,1.11378,0.768,0.0,-0.594,-0.036,Mattresses and bedding,94,Furniture,0,Textiles,0.6687958496464883
paises_interes,2021,9405,12867030506,0.7622304247057399,DOM,9405,2.7e-05,1834550,0.050492,0.86,0.64,0.75,-0.036,Lamps,94,Furniture,0,Textiles,0.2047401270066229
paises_interes,2021,9406,218983073,0.30355297028755074,DOM,9406,2.1e-05,212767,0.03819,0.814,0.654,0.229,-0.036,Prefabricated buildings,94,Furniture,0,Textiles,0.06885936258912331
paises_interes,2021,9503,13173787010,0.8711605222438391,DOM,9503,1.5e-05,897177,0.027241,0.85,0.504,0.415,-0.036,Toys,95,Toys,7,Machinery,0.25919634587155044
paises_interes,2021,9504,7160340421,0.7341115070551383,DOM,9504,7e-06,245024,0.013621,0.871,0.865,0.916,-0.036,Games,95,Toys,7,Machinery,0.2955302337730182
paises_interes,2021,9505,6443368757,0.9616358568097202,DOM,9505,2e-05,256185,0.034102,0.846,0.001,0.163,-0.036,Christmas and other festivity articles,95,Toys,7,Machinery,0.18277807053496498
paises_interes,2021,9506,8071358853,0.6566833617580651,DOM,9506,0.000126,5125264,0.253551,0.853,0.704,0.652,-0.036,Sports equipment,95,Toys,7,Machinery,0.8780628666152612
paises_interes,2021,9507,833023812,0.7422356143281525,DOM,9507,0.00199,8722087,3.698574,0.775,0.0,-0.661,-0.036,Fishing and hunting equipment,95,Toys,7,Machinery,0.9175062115294195
paises_interes,2021,9508,21554144,0.14062596508849665,DOM,9508,6e-06,7463,0.011161,0.853,0.927,0.874,-0.036,Fairground amusements,95,Toys,7,Machinery,0.25499129036580465
paises_interes,2021,9601,3329395,0.1138230885562326,DOM,9601,8.2e-05,11872,0.138292,0.828,0.0,-1.04,-0.036,Worked animal carving material,96,Miscellaneous manufactured articles,7,Machinery,0.12761118598382748
paises_interes,2021,9602,100711455,0.3566694612512844,DOM,9602,3.6e-05,37735,0.067227,0.85,0.399,-0.034,-0.036,Worked vegetable or mineral carving material,96,Miscellaneous manufactured articles,7,Machinery,0.047648072081621834
paises_interes,2021,9603,1408651078,0.695623708304885,DOM,9603,0.007981,92702229,14.674575,0.798,0.0,0.134,-0.036,Brooms and mops,96,Miscellaneous manufactured articles,7,Machinery,0.7681708494841046
paises_interes,2021,9604,422978,0.3060779533536093,DOM,9604,0.0,0,0.0,0.872,0.004,0.783,-0.036,Hand sieves and riddles,96,Miscellaneous manufactured articles,7,Machinery,
paises_interes,2021,9605,61346891,0.9231486245291289,DOM,9605,2e-05,5287,0.037108,0.836,0.173,-1.063,-0.036,Travel sets,96,Miscellaneous manufactured articles,7,Machinery,0.0
paises_interes,2021,9606,7283838,0.1999770586838647,DOM,9606,0.00054,957445,1.206333,0.803,0.0,0.085,-0.036,Buttons,96,Miscellaneous manufactured articles,7,Machinery,0.07516149752727311
paises_interes,2021,9607,24150918,0.3860085637579675,DOM,9607,0.000178,567138,0.382217,0.857,0.641,0.504,-0.036,Slide fasteners,96,Miscellaneous manufactured articles,7,Machinery,0.19417143622892488
paises_interes,2021,9608,416607938,0.346726200479413,DOM,9608,0.000128,811677,0.236342,0.864,0.942,0.661,-0.036,Pens,96,Miscellaneous manufactured articles,7,Machinery,0.010326767913837647
paises_interes,2021,9609,147343558,0.46879973817590986,DOM,9609,0.000219,334956,0.403621,0.856,0.575,-0.024,-0.036,"Pencils, crayons, pastels, etc.",96,Miscellaneous manufactured articles,7,Machinery,0.24888940636979184
paises_interes,2021,9610,188931211,0.9402516483076074,DOM,9610,7.1e-05,53665,0.131151,0.856,0.758,0.445,-0.036,"Slates and boards, with writing or drawing surfaces",96,Miscellaneous manufactured articles,7,Machinery,0.05456070064287711
paises_interes,2021,9611,16088435,0.4428397503770353,DOM,9611,0.000157,46712,0.327003,0.871,1.063,1.021,-0.036,Hand-operated stamps,96,Miscellaneous manufactured articles,7,Machinery,0.0
paises_interes,2021,9612,52488138,0.26378137996618856,DOM,9612,5.6e-05,82445,0.104052,0.853,0.928,0.821,-0.036,Typewriter ribbons and ink pads,96,Miscellaneous manufactured articles,7,Machinery,0.41704166413972954
paises_interes,2021,9613,168377090,0.4794456778673079,DOM,9613,4e-06,8939,0.007964,0.854,0.496,0.314,-0.036,Cigarette lighters,96,Miscellaneous manufactured articles,7,Machinery,1.0
paises_interes,2021,9614,81329639,0.7729310329670852,DOM,9614,0.0,0,0.0,0.849,0.464,-0.244,-0.036,Smoking pipes,96,Miscellaneous manufactured articles,7,Machinery,
paises_interes,2021,9615,399064982,0.9064823278460868,DOM,9615,1e-05,20854,0.016603,0.848,0.001,-0.47,-0.036,"Combs, hair-slides etc.",96,Miscellaneous manufactured articles,7,Machinery,0.2962021674498897
paises_interes,2021,9616,209105483,0.6957353684766105,DOM,9616,1e-06,1460,0.001604,0.874,0.587,1.223,-0.036,Scent sprays,96,Miscellaneous manufactured articles,7,Machinery,0.0
paises_interes,2021,9617,1409607608,0.9653986235144577,DOM,9617,9e-06,38624,0.015417,0.882,0.001,-0.174,-0.036,Vacuum vessels,96,Miscellaneous manufactured articles,7,Machinery,0.3586371168185584
paises_interes,2021,9618,49316363,0.6215550806472998,DOM,9618,3e-06,1298,0.005175,0.843,0.516,0.001,-0.036,Mannequins,96,Miscellaneous manufactured articles,7,Machinery,0.0
paises_interes,2021,9701,93703064,0.03477103618384443,DOM,9701,3.3e-05,544143,0.06535,0.881,0.572,0.349,-0.036,Paintings and drawings,97,Art,0,Textiles,0.4872248655224821
paises_interes,2021,9702,408574,0.0030785610001731367,DOM,9702,6.1e-05,37191,0.112143,0.882,0.734,0.629,-0.036,Original engravings,97,Art,0,Textiles,1.0
paises_interes,2021,9703,4810981,0.00808081254293526,DOM,9703,0.000873,3472150,1.624278,0.819,0.0,-0.433,-0.036,Sculptures,97,Art,0,Textiles,0.01704678657316072
paises_interes,2021,9705,654916,0.0013174774242561977,DOM,9705,3.6e-05,62953,0.067246,0.833,0.272,-0.81,-0.036,Collectors pieces,97,Art,0,Textiles,0.8674090194271917
paises_interes,2021,9706,21037424,0.04715516147513193,DOM,9706,2.1e-05,41455,0.039242,0.858,0.373,-1.078,-0.036,Antiques >100 years,97,Art,0,Textiles,1.0
paises_interes,2021,9999,8380144337,0.10894888006638588,DOM,9999,0.000466,259695348,0.781496,0.831,0.002,0.018,-0.036,Commodities not specified according to kind,99,Other,9,Other,0.8477831532045772
paises_interes,2022,1001,0,0.0,DOM,1001,7e-06,450732,0.013837,0.821,0.25,-0.414,-0.103,Wheat and meslin,10,Cereals,1,Agriculture,0.05917707196294028
paises_interes,2022,1004,5317,1.1380313688276407e-05,DOM,1004,5.7e-05,63986,0.119457,0.844,0.543,0.014,-0.103,Oats,10,Cereals,1,Agriculture,0.0
paises_interes,2022,1005,1055594,0.00408430434358292,DOM,1005,1e-05,605326,0.020782,0.811,0.059,-0.965,-0.103,Corn,10,Cereals,1,Agriculture,0.0
paises_interes,2022,1006,58461088,0.05470369296785062,DOM,1006,2.4e-05,719048,0.051602,0.814,-0.211,-1.459,-0.103,Rice,10,Cereals,1,Agriculture,0.0019205950089562867
paises_interes,2022,1007,37425,0.08969120343187183,DOM,1007,6e-06,18790,0.011594,0.816,-0.258,-1.813,-0.103,Grain sorghum,10,Cereals,1,Agriculture,0.425279403938265
paises_interes,2022,1008,877196,0.009690540159159121,DOM,1008,0.000133,162019,0.279075,0.773,-0.12,-1.362,-0.103,Other cereals,10,Cereals,1,Agriculture,0.0
paises_interes,2022,1101,403651,0.001682899501622419,DOM,1101,0.009006,57989800,19.107002,0.722,-0.0,-1.201,-0.103,Wheat or meslin flour,11,"Flours, starches and malts",1,Agriculture,0.00033964593773387733
paises_interes,2022,1102,2378611,0.010555824753137474,DOM,1102,0.01018,13222817,21.418209,0.73,-0.0,-1.269,-0.103,Cereal flours,11,"Flours, starches and malts",1,Agriculture,0.005875147481811175
paises_interes,2022,1103,125438,0.000509278779796009,DOM,1103,0.007722,11935980,16.509148,0.758,0.0,-0.903,-0.103,Cereal meals,11,"Flours, starches and malts",1,Agriculture,0.003696386890728704
paises_interes,2022,1104,2222838,0.0037664712777856976,DOM,1104,0.002376,6406733,4.966341,0.753,0.0,-0.789,-0.103,Worked cereal grains,11,"Flours, starches and malts",1,Agriculture,0.8293020795466269
paises_interes,2022,1105,2037,2.991318216519983e-05,DOM,1105,0.0,0,0.0,0.862,0.857,0.617,-0.103,Potato flour,11,"Flours, starches and malts",1,Agriculture,
paises_interes,2022,1106,15043969,0.12125219798271197,DOM,1106,2.5e-05,23248,0.052772,0.765,-0.269,-1.704,-0.103,Flour of dried legumes,11,"Flours, starches and malts",1,Agriculture,0.0
paises_interes,2022,1107,11238,4.233443847012019e-05,DOM,1107,0.000453,1982463,0.94269,0.818,0.409,-0.246,-0.103,Malt,11,"Flours, starches and malts",1,Agriculture,0.0
paises_interes,2022,1108,16691083,0.04068893208434494,DOM,1108,8e-05,539224,0.166836,0.811,0.321,-0.554,-0.103,Starches,11,"Flours, starches and malts",1,Agriculture,0.013554663739002715
paises_interes,2022,1201,2309520,0.006233807222021895,DOM,1201,0.0,0,0.0,0.845,-0.201,-1.8,-0.103,Soya beans,12,Oil seeds and oleaginous fruits,1,Agriculture,
paises_interes,2022,1202,349692,0.03401308867600853,DOM,1202,0.0,0,0.0,0.786,-0.355,-2.338,-0.103,Peanuts,12,Oil seeds and oleaginous fruits,1,Agriculture,
paises_interes,2022,1204,105211,0.000482869888817339,DOM,1204,0.0,0,0.0,0.831,0.105,-0.995,-0.103,Linseed,12,Oil seeds and oleaginous fruits,1,Agriculture,
paises_interes,2022,1206,2580946,0.018507452377736787,DOM,1206,0.0,0,0.0,0.828,0.302,-0.704,-0.103,Sunflower seeds,12,Oil seeds and oleaginous fruits,1,Agriculture,
paises_interes,2022,1207,6143685,0.01658397311930525,DOM,1207,0.0,1056,0.000398,0.741,-0.342,-2.011,-0.103,Other oil seeds,12,Oil seeds and oleaginous fruits,1,Agriculture,0.0
paises_interes,2022,1208,380749,0.010210215138580269,DOM,1208,0.0,0,0.0,0.817,0.108,-1.413,-0.103,Flours of oil seeds,12,Oil seeds and oleaginous fruits,1,Agriculture,
paises_interes,2022,1209,29742218,0.05057681162283547,DOM,1209,0.000135,1076372,0.282775,0.79,0.1,-0.989,-0.103,Seeds used for sowing,12,Oil seeds and oleaginous fruits,1,Agriculture,0.5422409724519033
paises_interes,2022,1210,2777,5.0881603949394554e-05,DOM,1210,0.0,0,0.0,0.866,0.659,0.309,-0.103,Hop cones,12,Oil seeds and oleaginous fruits,1,Agriculture,
paises_interes,2022,1211,54740229,0.1160344329658287,DOM,1211,0.000363,1375655,0.781159,0.744,-0.281,-1.632,-0.103,"Plants used in perfumery, pharmacy or insecticide",12,Oil seeds and oleaginous fruits,1,Agriculture,0.1949173302899346
paises_interes,2022,1212,84045638,0.7144705329409008,DOM,1212,7e-06,11703,0.014827,0.747,-0.211,-1.671,-0.103,Seaweeds & edible vegetable products,12,Oil seeds and oleaginous fruits,1,Agriculture,0.2391694437323763
paises_interes,2022,1214,471807,0.0038332414874784207,DOM,1214,0.0,1463,0.000799,0.847,0.289,-0.656,-0.103,Forage products,12,Oil seeds and oleaginous fruits,1,Agriculture,0.0
paises_interes,2022,1301,6232734,0.04253580506776817,DOM,1301,7.4e-05,79794,0.181646,0.753,-0.449,-2.467,-0.103,Lac,13,Lac and other vegetable extracts,1,Agriculture,0.018485099130260422
paises_interes,2022,1302,461746964,0.26501958923181257,DOM,1302,0.000404,3846785,0.843276,0.804,0.067,-1.049,-0.103,Vegetable saps and extracts,13,Lac and other vegetable extracts,1,Agriculture,0.2417369309696279
paises_interes,2022,1401,12299623,0.6645682775412964,DOM,1401,7.5e-05,21032,0.157643,0.788,-0.044,-1.359,-0.103,Vegetable materials used for plaiting,14,Other vegetable materials,1,Agriculture,0.0
paises_interes,2022,1404,4593102,0.0659442696721616,DOM,1404,6e-05,81423,0.127649,0.75,-0.367,-1.776,-0.103,Vegetable products n.e.c.,14,Other vegetable materials,1,Agriculture,0.8888766073468185
paises_interes,2022,1501,0,0.0,DOM,1501,0.000238,264793,0.496049,0.836,0.892,0.428,-0.103,"Pig and poultry fat, rendered",15,"Animal or vegetable fats, oils or waxes",1,Agriculture,0.0
paises_interes,2022,1503,0,0.0,DOM,1503,0.0,0,0.0,0.862,0.002,0.172,-0.103,"Lard oil, tallow oil etc.",15,"Animal or vegetable fats, oils or waxes",1,Agriculture,
paises_interes,2022,1504,90231766,0.43073285763560465,DOM,1504,0.0,0,0.0,0.807,-0.024,-1.49,-0.103,Fish oils,15,"Animal or vegetable fats, oils or waxes",1,Agriculture,
paises_interes,2022,1505,2804896,0.09115897118297954,DOM,1505,0.0,0,0.0,0.846,0.533,-0.186,-0.103,Wool grease,15,"Animal or vegetable fats, oils or waxes",1,Agriculture,
paises_interes,2022,1507,121239,0.0006314266642763502,DOM,1507,0.003332,59288744,7.026073,0.742,-0.0,-1.397,-0.103,Soybean oil,15,"Animal or vegetable fats, oils or waxes",1,Agriculture,0.030923205254609544
paises_interes,2022,1509,761387,0.0004547857057098051,DOM,1509,4e-06,42413,0.009561,0.823,0.117,-1.021,-0.103,Olive oil,15,"Animal or vegetable fats, oils or waxes",1,Agriculture,0.0
paises_interes,2022,1511,2039271295,0.9537307439196144,DOM,1511,0.000309,16338054,0.648093,0.746,-0.212,-2.012,-0.103,Palm oil,15,"Animal or vegetable fats, oils or waxes",1,Agriculture,0.020453782317037268
paises_interes,2022,1512,457857,0.0011730143626104703,DOM,1512,0.0,0,0.0,0.778,-0.037,-1.031,-0.103,Sunflower seed oil,15,"Animal or vegetable fats, oils or waxes",1,Agriculture,
paises_interes,2022,1513,871639263,0.6230371300086418,DOM,1513,2.6e-05,226370,0.05507,0.767,-0.048,-1.527,-0.103,Coconut & palm kernel oil,15,"Animal or vegetable fats, oils or waxes",1,Agriculture,0.21867296903299907
paises_interes,2022,1514,111683,2.8523981951895394e-05,DOM,1514,0.0,0,0.0,0.827,0.659,0.231,-0.103,"Rapeseed, colza or mustard oil,",15,"Animal or vegetable fats, oils or waxes",1,Agriculture,
paises_interes,2022,1515,33297249,0.04175523049478566,DOM,1515,0.001845,10184403,3.888585,0.757,0.0,-1.07,-0.103,Other vegetable fats and oils,15,"Animal or vegetable fats, oils or waxes",1,Agriculture,0.044862030695368205
paises_interes,2022,1516,245338660,0.6304316389912972,DOM,1516,0.00041,2863512,0.854796,0.761,-0.134,-1.451,-0.103,"Vegetable fats, hydrogenated",15,"Animal or vegetable fats, oils or waxes",1,Agriculture,0.03551128823626372
paises_interes,2022,1517,74849127,0.18320984185083253,DOM,1517,0.000781,7190645,1.631495,0.736,-0.0,-0.841,-0.103,Margarine,15,"Animal or vegetable fats, oils or waxes",1,Agriculture,0.417827607954502
paises_interes,2022,1518,50659032,0.12009145283482227,DOM,1518,4e-06,35643,0.008401,0.833,0.451,0.137,-0.103,"Animal or vegetable fats and oils, processed",15,"Animal or vegetable fats, oils or waxes",1,Agriculture,0.6005106191959151
paises_interes,2022,1519,663641537,0.6344154685413094,DOM,1519,5e-06,80725,0.01055,0.834,0.179,-0.819,-0.103,Stearic acid,15,"Animal or vegetable fats, oils or waxes",1,Agriculture,0.34911117993186747
paises_interes,2022,1520,257388456,0.7270818028573054,DOM,1520,2.4e-05,109599,0.050227,0.833,0.412,-0.146,-0.103,Glycerol,15,"Animal or vegetable fats, oils or waxes",1,Agriculture,0.04231790436044124
paises_interes,2022,1521,16271199,0.29766573353719705,DOM,1521,0.0,0,0.0,0.786,-0.265,-1.59,-0.103,Vegetable waxes and beeswax,15,"Animal or vegetable fats, oils or waxes",1,Agriculture,
paises_interes,2022,1601,0,0.0,DOM,1601,0.000336,1988037,0.700603,0.789,0.624,0.171,-0.103,Sausages,16,Preparations of meat or fish,1,Agriculture,0.05067008310207506
paises_interes,2022,1602,11848328,0.009113056909234174,DOM,1602,9e-06,171110,0.019209,0.798,0.505,0.092,-0.103,Other prepared or preserved meat,16,Preparations of meat or fish,1,Agriculture,0.022599497399333764
paises_interes,2022,1603,913671,0.029589719381975275,DOM,1603,0.0,0,0.0,0.852,0.598,0.286,-0.103,Extracts and juices of meat or fish,16,Preparations of meat or fish,1,Agriculture,
paises_interes,2022,1604,899684342,0.3496567015460511,DOM,1604,4e-05,759762,0.085133,0.754,-0.049,-1.167,-0.103,Prepared or preserved fish,16,Preparations of meat or fish,1,Agriculture,0.2410044198051495
paises_interes,2022,1605,1920259367,0.4657808342937702,DOM,1605,1.8e-05,350273,0.037317,0.771,-0.256,-1.753,-0.103,Prepared aquatic invertibrates,16,Preparations of meat or fish,1,Agriculture,0.21195182043720184
paises_interes,2022,1701,15874897,0.009461968664179927,DOM,1701,0.003581,112264123,7.540443,0.712,-0.0,-1.695,-0.103,Sugarcane & sucrose,17,Sugar and candy,1,Agriculture,0.9878294332731749
paises_interes,2022,1702,113637441,0.13718834064459187,DOM,1702,4e-05,351012,0.08297,0.821,0.56,-0.016,-0.103,Other sugars,17,Sugar and candy,1,Agriculture,0.2840387223228836
paises_interes,2022,1703,298612,0.0018944276862284137,DOM,1703,0.016753,20692810,36.01123,0.722,-0.0,-1.596,-0.103,Molasses,17,Sugar and candy,1,Agriculture,0.6057833131411345
paises_interes,2022,1704,262265772,0.09036324145502385,DOM,1704,0.000411,5607060,0.862651,0.757,0.076,-0.599,-0.103,Confectionery sugar,17,Sugar and candy,1,Agriculture,0.11470360581124511
paises_interes,2022,1801,1468035,0.002046908754017339,DOM,1801,0.018607,128135358,39.026997,0.709,-0.0,-2.426,-0.103,Cocoa beans,18,Cocoa,1,Agriculture,0.31188934595242634
paises_interes,2022,1803,30538275,0.07238604901056003,DOM,1803,0.000627,2167640,1.303721,0.804,0.0,-0.449,-0.103,Cocoa paste,18,Cocoa,1,Agriculture,0.011966009115904855
paises_interes,2022,1804,334426873,0.5738282197393578,DOM,1804,0.000868,3941426,1.805333,0.791,0.0,-1.019,-0.103,Cocoa butter,18,Cocoa,1,Agriculture,0.4656888141500056
paises_interes,2022,1805,46470884,0.13991408589501658,DOM,1805,0.000603,1688493,1.256661,0.796,0.0,-0.349,-0.103,Cocoa powder,18,Cocoa,1,Agriculture,0.025779200742910985
paises_interes,2022,1806,65500142,0.017869114007358477,DOM,1806,0.000214,6585392,0.448123,0.791,0.569,0.209,-0.103,Chocolates,18,Cocoa,1,Agriculture,0.46595464628377475
paises_interes,2022,1901,18998661,0.015021996124368123,DOM,1901,0.000102,2311963,0.213361,0.805,0.398,-0.041,-0.103,Malt extract,19,"Preparations of cereals, flour, starch or milk",1,Agriculture,0.35499789572757
paises_interes,2022,1902,307643645,0.19019380249301282,DOM,1902,0.001324,18125363,2.795819,0.734,-0.0,-1.022,-0.103,Pasta,19,"Preparations of cereals, flour, starch or milk",1,Agriculture,0.033474860613826055
paises_interes,2022,1903,3255992,0.05462911588028342,DOM,1903,0.000757,155555,1.499348,0.777,-0.0,-1.285,-0.103,Tapioca,19,"Preparations of cereals, flour, starch or milk",1,Agriculture,0.4447365883449584
paises_interes,2022,1904,30663471,0.030373909414060953,DOM,1904,9.5e-05,684360,0.199115,0.755,0.191,-0.59,-0.103,Cereal foods,19,"Preparations of cereals, flour, starch or milk",1,Agriculture,0.016893155649073587
paises_interes,2022,1905,157061159,0.017721612927447936,DOM,1905,0.001458,64598773,3.066476,0.744,0.0,-0.365,-0.103,Bakery products,19,"Preparations of cereals, flour, starch or milk",1,Agriculture,0.2558531103988616
paises_interes,2022,2001,14147325,0.0329963416114612,DOM,2001,2.7e-05,62695,0.057581,0.758,0.087,-0.783,-0.103,Pickled fruits and vegetables,20,"Preparations of vegetables, fruit, or nuts",1,Agriculture,0.946008453624691
paises_interes,2022,2002,637530,0.0023670633279607176,DOM,2002,4e-05,243571,0.082773,0.777,-0.112,-1.528,-0.103,"Tomatoes, prepared or preserved",20,"Preparations of vegetables, fruit, or nuts",1,Agriculture,0.2457681743721543
paises_interes,2022,2003,9972275,0.0749729649545713,DOM,2003,1e-06,2113,0.001809,0.873,0.002,0.631,-0.103,"Mushrooms, prepared or preserved",20,"Preparations of vegetables, fruit, or nuts",1,Agriculture,0.0
paises_interes,2022,2004,29892254,0.015548101242110412,DOM,2004,2.7e-05,291700,0.056758,0.844,0.41,-0.038,-0.103,"Other vegetables, frozen",20,"Preparations of vegetables, fruit, or nuts",1,Agriculture,0.277360301679808
paises_interes,2022,2005,245731130,0.14319603057929858,DOM,2005,0.002133,25936516,4.463793,0.735,0.0,-0.929,-0.103,"Other vegetables, prepared or preserved",20,"Preparations of vegetables, fruit, or nuts",1,Agriculture,0.7407528443681487
paises_interes,2022,2006,7430241,0.04522281440479711,DOM,2006,2.2e-05,18593,0.045637,0.8,0.3,-0.725,-0.103,"Vegetables, fruits and nuts, preserved by sugar",20,"Preparations of vegetables, fruit, or nuts",1,Agriculture,0.4214489323939117
paises_interes,2022,2007,17781493,0.0330691873264705,DOM,2007,0.001403,5503283,2.962982,0.747,0.0,-0.58,-0.103,"Jams, jellies and marmalades",20,"Preparations of vegetables, fruit, or nuts",1,Agriculture,0.7547934569238035
paises_interes,2022,2008,880480314,0.22996105433803493,DOM,2008,0.003588,69034869,7.569106,0.728,-0.0,-1.11,-0.103,"Fruits and nuts, otherwise prepared",20,"Preparations of vegetables, fruit, or nuts",1,Agriculture,0.6717210689571961
paises_interes,2022,2009,286969979,0.09285591303010941,DOM,2009,0.001629,24846693,3.416389,0.733,-0.0,-0.803,-0.103,Fruit juices,20,"Preparations of vegetables, fruit, or nuts",1,Agriculture,0.5725600183493232
paises_interes,2022,2101,82952620,0.06732778510061439,DOM,2101,2e-06,16993,0.003756,0.782,0.281,-0.342,-0.103,Coffee extracts,21,Miscellaneous edible preparations,1,Agriculture,0.0
paises_interes,2022,2102,21177218,0.052794743904438134,DOM,2102,2.6e-05,71154,0.054663,0.781,0.102,-0.584,-0.103,Yeasts,21,Miscellaneous edible preparations,1,Agriculture,0.0
paises_interes,2022,2103,180268560,0.08555337964020202,DOM,2103,0.002662,44365609,5.601256,0.74,0.0,-0.535,-0.103,Sauces and seasonings,21,Miscellaneous edible preparations,1,Agriculture,0.3160302386472369
paises_interes,2022,2104,5789679,0.01696086840992423,DOM,2104,0.00077,2736357,1.616146,0.752,0.0,-0.759,-0.103,Soups and broths,21,Miscellaneous edible preparations,1,Agriculture,0.32569361380843215
paises_interes,2022,2105,4004566,0.012037135832181509,DOM,2105,0.000705,3469616,1.479378,0.756,0.0,-0.28,-0.103,Ice cream,21,Miscellaneous edible preparations,1,Agriculture,0.034347605037560354
paises_interes,2022,2106,611380889,0.08904300842811413,DOM,2106,0.000561,28857987,1.195168,0.763,0.0,0.232,-0.103,Food preparations n.e.c.,21,Miscellaneous edible preparations,1,Agriculture,0.5343517203746748
paises_interes,2022,2201,158869,0.00018189701389492865,DOM,2201,0.000128,550093,0.296489,0.772,0.211,-0.607,-0.103,Waters,22,Beverages,1,Agriculture,0.4254880538381692
paises_interes,2022,2202,64900661,0.02325078949463865,DOM,2202,0.001027,24741724,2.169196,0.732,0.0,-0.569,-0.103,"Waters, flavored or sweetened",22,Beverages,1,Agriculture,0.3565172338031093
paises_interes,2022,2203,15460329,0.0023981567169450843,DOM,2203,0.00073,11396327,1.528111,0.739,0.0,-0.532,-0.103,Beer,22,Beverages,1,Agriculture,0.006975405321381178
paises_interes,2022,2204,2018360,0.0003145693554423254,DOM,2204,0.000195,7198299,0.408331,0.817,0.189,-0.52,-0.103,Wine,22,Beverages,1,Agriculture,0.16580180956639895
paises_interes,2022,2205,9479,0.00011834000250013387,DOM,2205,4e-06,2999,0.009148,0.828,0.335,-0.392,-0.103,"Wine, flavored",22,Beverages,1,Agriculture,0.0
paises_interes,2022,2206,2481829,0.006047328754098435,DOM,2206,0.000751,1332390,1.578786,0.776,0.0,-0.141,-0.103,Other fermented beverages,22,Beverages,1,Agriculture,0.055996367429956694
paises_interes,2022,2207,72146,0.00015858367949996143,DOM,2207,0.000559,7277263,1.165095,0.759,0.0,-0.804,-0.103,Ethyl alcohol > 80%,22,Beverages,1,Agriculture,0.0784341585565892
paises_interes,2022,2208,22220992,0.0022436048577263133,DOM,2208,0.003429,127390277,7.268049,0.746,0.0,-0.429,-0.103,Spirits < 80% alcohol,22,Beverages,1,Agriculture,0.18172271499181997
paises_interes,2022,2209,3091495,0.021307678355446807,DOM,2209,0.001502,1193160,3.167222,0.795,0.0,-0.01,-0.103,Vinegars,22,Beverages,1,Agriculture,0.11609423715176506
paises_interes,2022,2301,29439,0.00013340250862966594,DOM,2301,0.0,0,0.0,0.767,-0.204,-1.453,-0.103,"Flours of fish, for animal feed",23,Food residues and animal feed,1,Agriculture,
paises_interes,2022,2302,336240,0.006696564738368438,DOM,2302,0.00106,3501768,2.237946,0.742,-0.0,-1.747,-0.103,Cereal residues,23,Food residues and animal feed,1,Agriculture,0.0758685326954841
paises_interes,2022,2303,1470050,0.015899200335277856,DOM,2303,0.0,0,0.0,0.842,0.499,-0.05,-0.103,Starch residues,23,Food residues and animal feed,1,Agriculture,
paises_interes,2022,2304,8906057,0.017662609793186502,DOM,2304,0.0,0,0.0,0.834,-0.054,-1.31,-0.103,Solid soybean residues,23,Food residues and animal feed,1,Agriculture,
paises_interes,2022,2306,12377613,0.009975371650787556,DOM,2306,0.0,2012,0.000393,0.775,-0.064,-1.148,-0.103,Solid vegetable oil and fat residues,23,Food residues and animal feed,1,Agriculture,0.0
paises_interes,2022,2308,7106131,0.11636589873248661,DOM,2308,1e-06,1267,0.002584,0.821,0.112,-0.626,-0.103,Vegetable materials for animal feeding,23,Food residues and animal feed,1,Agriculture,0.0
paises_interes,2022,2309,694195971,0.23636457444195288,DOM,2309,6.6e-05,2706111,0.138892,0.769,0.344,-0.354,-0.103,Animal feed,23,Food residues and animal feed,1,Agriculture,0.1551809959014985
paises_interes,2022,2401,20782051,0.042870975412739036,DOM,2401,0.019617,183855572,40.836964,0.713,-0.0,-1.727,-0.103,Unmanufactured tobacco,24,Tobacco,1,Agriculture,0.31359941051990525
paises_interes,2022,2402,15741903,0.011279960108335062,DOM,2402,0.035288,759029355,75.113548,0.726,-0.0,-0.926,-0.103,Cigars and cigarettes,24,Tobacco,1,Agriculture,0.8552567970180811
paises_interes,2022,2403,26890145,0.2069351944030619,DOM,2403,0.002583,24603603,5.421902,0.769,0.0,-0.573,-0.103,Other manufactured tobacco,24,Tobacco,1,Agriculture,0.6023577115920786
paises_interes,2022,2501,3894009,0.007943004039428417,DOM,2501,0.001161,4167442,2.4405,0.74,-0.0,-0.857,-0.103,Salt,25,"Salt, sulphur, lime, cement, etc.",3,Minerals,0.10224449434449237
paises_interes,2022,2502,155854,0.06356668253243816,DOM,2502,0.0,0,0.0,0.844,0.001,-0.213,-0.103,Unroasted iron pyrites,25,"Salt, sulphur, lime, cement, etc.",3,Minerals,
paises_interes,2022,2503,1117349,0.003215340462788495,DOM,2503,0.0,0,0.0,0.81,-0.054,-1.097,-0.103,"Sulphur, crude",25,"Salt, sulphur, lime, cement, etc.",3,Minerals,
paises_interes,2022,2504,84841046,0.6946445928410651,DOM,2504,0.0,0,0.0,0.852,0.169,-1.537,-0.103,Natural graphite,25,"Salt, sulphur, lime, cement, etc.",3,Minerals,
paises_interes,2022,2505,4755399,0.06937604134657707,DOM,2505,0.000429,848796,0.921489,0.797,0.099,-0.69,-0.103,Natural sands,25,"Salt, sulphur, lime, cement, etc.",3,Minerals,0.09034679711025971
paises_interes,2022,2506,6942751,0.09043450381244668,DOM,2506,0.000141,135738,0.294482,0.791,-0.072,-1.574,-0.103,Quartz,25,"Salt, sulphur, lime, cement, etc.",3,Minerals,0.0
paises_interes,2022,2507,123389,0.004060141117947315,DOM,2507,3.7e-05,68074,0.077401,0.842,0.463,0.06,-0.103,Kaolin,25,"Salt, sulphur, lime, cement, etc.",3,Minerals,0.0
paises_interes,2022,2508,27357585,0.5533709363468335,DOM,2508,0.0,817,0.000746,0.803,0.169,-0.607,-0.103,Clays,25,"Salt, sulphur, lime, cement, etc.",3,Minerals,0.0
paises_interes,2022,2509,1238137,0.7019621583344814,DOM,2509,0.001485,173548,2.941427,0.797,0.0,-0.616,-0.103,Chalk,25,"Salt, sulphur, lime, cement, etc.",3,Minerals,0.20984972457187637
paises_interes,2022,2511,60269075,0.2896432462198477,DOM,2511,0.0,0,0.0,0.816,0.081,-1.329,-0.103,Natural barium sulfate,25,"Salt, sulphur, lime, cement, etc.",3,Minerals,
paises_interes,2022,2512,120039,0.015123627614482367,DOM,2512,0.000817,158587,1.725232,0.783,0.0,-0.767,-0.103,Siliceous fossil meals and earths,25,"Salt, sulphur, lime, cement, etc.",3,Minerals,1.0
paises_interes,2022,2513,6840400,0.1285867616729415,DOM,2513,0.002695,962855,5.748682,0.793,0.0,-0.831,-0.103,Natural abrasives,25,"Salt, sulphur, lime, cement, etc.",3,Minerals,0.9563496061193014
paises_interes,2022,2515,746542,0.039302206859278585,DOM,2515,6.9e-05,117596,0.14515,0.781,-0.128,-1.282,-0.103,Marble,25,"Salt, sulphur, lime, cement, etc.",3,Minerals,0.14417157046158033
paises_interes,2022,2516,1199182,0.02409777622535826,DOM,2516,2.1e-05,33198,0.04349,0.782,-0.199,-1.524,-0.103,Granite,25,"Salt, sulphur, lime, cement, etc.",3,Minerals,0.038496294957527565
paises_interes,2022,2517,17879305,0.0797053222489294,DOM,2517,0.000923,2750351,1.999091,0.748,0.0,-0.703,-0.103,Gravel,25,"Salt, sulphur, lime, cement, etc.",3,Minerals,0.8537419405741303
paises_interes,2022,2518,42061,0.0008717133344140719,DOM,2518,0.000123,70915,0.27325,0.798,0.072,-0.61,-0.103,Dolomite,25,"Salt, sulphur, lime, cement, etc.",3,Minerals,1.0
paises_interes,2022,2519,190229362,0.6649787087596374,DOM,2519,0.0,0,0.0,0.844,0.634,-0.329,-0.103,Natural magnesia,25,"Salt, sulphur, lime, cement, etc.",3,Minerals,
paises_interes,2022,2520,1146464,0.012427713746152924,DOM,2520,0.001475,2012669,3.104102,0.738,-0.0,-1.406,-0.103,Gypsum,25,"Salt, sulphur, lime, cement, etc.",3,Minerals,0.197104441912704
paises_interes,2022,2521,11253,0.0008514143821616543,DOM,2521,0.002715,2510875,5.668092,0.766,0.0,-0.918,-0.103,Limstone,25,"Salt, sulphur, lime, cement, etc.",3,Minerals,0.5956035246676955
paises_interes,2022,2522,693657,0.012254589373815617,DOM,2522,0.00363,4627497,7.556038,0.758,0.0,-0.59,-0.103,Quicklime,25,"Salt, sulphur, lime, cement, etc.",3,Minerals,0.9232626190789535
paises_interes,2022,2523,125439341,0.06490937771197555,DOM,2523,0.005524,76558249,11.689252,0.719,-0.0,-1.403,-0.103,Cements,25,"Salt, sulphur, lime, cement, etc.",3,Minerals,0.0009888549044532093
paises_interes,2022,2525,2672480,0.17244272938910035,DOM,2525,0.0,0,0.0,0.828,0.174,-1.123,-0.103,Mica,25,"Salt, sulphur, lime, cement, etc.",3,Minerals,
paises_interes,2022,2526,8769256,0.10311301558574344,DOM,2526,2e-05,19025,0.042685,0.856,0.671,-0.131,-0.103,Natural steatite,25,"Salt, sulphur, lime, cement, etc.",3,Minerals,0.0
paises_interes,2022,2528,11677,0.0005447184099241845,DOM,2528,0.0,0,0.0,0.85,0.226,-0.316,-0.103,Natural borates,25,"Salt, sulphur, lime, cement, etc.",3,Minerals,
paises_interes,2022,2529,72569284,0.29478525267405503,DOM,2529,2e-06,3519,0.004723,0.799,-0.113,-1.479,-0.103,Feldspar,25,"Salt, sulphur, lime, cement, etc.",3,Minerals,0.0
paises_interes,2022,2530,17087648,0.12606599169754829,DOM,2530,6.7e-05,650756,0.13181,0.804,-0.001,-1.985,-0.103,Mineral substances n.e.c.,25,"Salt, sulphur, lime, cement, etc.",3,Minerals,0.8541019982912182
paises_interes,2022,2603,4830,3.431096642633575e-05,DOM,2603,0.00054,45716965,1.189712,0.731,-0.0,-2.148,-0.103,Copper ore,26,"Ores, slag and ash",3,Minerals,0.0
paises_interes,2022,2606,27880964,0.177914190957926,DOM,2606,0.000308,2009621,0.610666,0.83,-0.001,-2.008,-0.103,Aluminum ore,26,"Ores, slag and ash",3,Minerals,1.0
paises_interes,2022,2610,84764,0.005204968828153745,DOM,2610,0.0,0,0.0,0.817,-0.001,-2.463,-0.103,Chromium ore,26,"Ores, slag and ash",3,Minerals,
paises_interes,2022,2611,273001,0.006107279087157958,DOM,2611,0.0,0,0.0,0.821,-0.149,-2.058,-0.103,Tungsten ore,26,"Ores, slag and ash",3,Minerals,
paises_interes,2022,2616,0,0.0,DOM,2616,0.0,0,0.0,0.768,-0.315,-1.947,-0.103,Precious metal ores,26,"Ores, slag and ash",3,Minerals,
paises_interes,2022,2617,5104,0.004456688306868836,DOM,2617,8e-06,3600,0.017557,0.751,-0.501,-2.656,-0.103,Other ores,26,"Ores, slag and ash",3,Minerals,0.0
paises_interes,2022,2620,25021432,0.015592547200460235,DOM,2620,0.000142,2075833,0.305514,0.784,0.187,-0.289,-0.103,"Slag, ash and residues containing metals",26,"Ores, slag and ash",3,Minerals,0.998983540583467
paises_interes,2022,2701,36074965,0.03970600122665082,DOM,2701,0.0,0,0.0,0.821,-0.277,-2.071,-0.103,Coal,27,"Mineral fuels, oils and waxes",3,Minerals,
paises_interes,2022,2703,10825,2.1334040849617328e-05,DOM,2703,0.0,0,0.0,0.845,0.688,0.663,-0.103,Peat,27,"Mineral fuels, oils and waxes",3,Minerals,
paises_interes,2022,2704,1047625,0.023103853688612255,DOM,2704,0.0,0,0.0,0.855,0.537,-0.421,-0.103,Coke,27,"Mineral fuels, oils and waxes",3,Minerals,
paises_interes,2022,2705,0,0.0,DOM,2705,0.0,0,0.0,0.872,0.002,0.458,-0.103,Non-petroleum gases,27,"Mineral fuels, oils and waxes",3,Minerals,
paises_interes,2022,2707,34431531,0.011282779127204899,DOM,2707,1.7e-05,579737,0.035173,0.826,0.68,0.556,-0.103,Oils etc. from high temperature coal tar,27,"Mineral fuels, oils and waxes",3,Minerals,0.7138461060791359
paises_interes,2022,2708,2260332,0.017405233989240248,DOM,2708,0.0,0,0.0,0.863,0.674,0.837,-0.103,Pitch and pitch coke,27,"Mineral fuels, oils and waxes",3,Minerals,
paises_interes,2022,2709,91074102,0.0005137247451204285,DOM,2709,0.0,0,0.0,0.791,-0.169,-2.237,-0.103,"Petroleum oils, crude",27,"Mineral fuels, oils and waxes",3,Minerals,
paises_interes,2022,2710,1208730667,0.016531843882563183,DOM,2710,3.7e-05,33649096,0.079569,0.782,0.106,-0.711,-0.103,"Petroleum oils, refined",27,"Mineral fuels, oils and waxes",3,Minerals,0.012370406622513722
paises_interes,2022,2711,7966167,0.0003350509042696987,DOM,2711,0.000162,101232154,0.341714,0.784,-0.145,-1.682,-0.103,Petroleum gases,27,"Mineral fuels, oils and waxes",3,Minerals,0.017034093732708682
paises_interes,2022,2712,144329287,0.31130265436594157,DOM,2712,0.000227,988485,0.480933,0.825,0.442,-0.276,-0.103,Petroleum jelly,27,"Mineral fuels, oils and waxes",3,Minerals,0.06089318502556943
paises_interes,2022,2713,65765,1.9940103561266295e-05,DOM,2713,0.0,0,0.0,0.789,0.015,-0.894,-0.103,Petroleum coke,27,"Mineral fuels, oils and waxes",3,Minerals,
paises_interes,2022,2714,0,0.0,DOM,2714,0.0,0,0.0,0.785,-0.074,-1.184,-0.103,"Bitumen and asphalt, natural",27,"Mineral fuels, oils and waxes",3,Minerals,
paises_interes,2022,2715,282293,0.0014854836730324422,DOM,2715,0.00013,278029,0.27555,0.79,0.183,-0.802,-0.103,Bituminous mixtures,27,"Mineral fuels, oils and waxes",3,Minerals,0.021091325005664876
paises_interes,2022,2801,3083071,0.008526891738291253,DOM,2801,6.1e-05,149648,0.126015,0.839,0.23,-0.752,-0.103,Iodine,28,Inorganic chemicals,5,Chemicals,0.03579733775259275
paises_interes,2022,2802,198066,0.017110729310000464,DOM,2802,0.0,0,0.0,0.856,0.172,-0.341,-0.103,"Sulfur, sublimed or precipitated",28,Inorganic chemicals,5,Chemicals,
paises_interes,2022,2803,28602561,0.06915363304693736,DOM,2803,1.7e-05,119020,0.036702,0.848,0.541,0.331,-0.103,Carbon,28,Inorganic chemicals,5,Chemicals,0.17241640060494035
paises_interes,2022,2804,77165973,0.0714620863679302,DOM,2804,3.7e-05,582998,0.078229,0.841,0.728,0.138,-0.103,Silicon & rare gases,28,Inorganic chemicals,5,Chemicals,0.1838050902404468
paises_interes,2022,2805,55032683,0.5711836465484068,DOM,2805,3.8e-05,55037,0.080387,0.858,0.296,-1.403,-0.103,Rare-earth metals,28,Inorganic chemicals,5,Chemicals,0.0
paises_interes,2022,2806,4140823,0.07145286624433532,DOM,2806,6.4e-05,28233,0.136485,0.828,0.682,0.572,-0.103,Hydrochloric acid,28,Inorganic chemicals,5,Chemicals,0.0
paises_interes,2022,2807,41362,0.00010362222430503289,DOM,2807,0.000564,1425222,1.223102,0.79,0.0,0.053,-0.103,"Sulfiric acid, oleum",28,Inorganic chemicals,5,Chemicals,1.0
paises_interes,2022,2808,599871,0.052273679492041536,DOM,2808,3e-05,16290,0.062695,0.839,0.595,-0.334,-0.103,Sulfonitric acids,28,Inorganic chemicals,5,Chemicals,0.0
paises_interes,2022,2809,23373504,0.06097687846176807,DOM,2809,8e-06,55687,0.016068,0.82,0.173,-0.334,-0.103,Phosphoric acid etc.,28,Inorganic chemicals,5,Chemicals,0.5233357875267118
paises_interes,2022,2810,175811,0.015309242145883596,DOM,2810,2e-06,1307,0.004276,0.848,0.081,-0.971,-0.103,Oxides of boron; boric acids,28,Inorganic chemicals,5,Chemicals,0.0
paises_interes,2022,2811,131558170,0.1981305621427931,DOM,2811,0.000139,882816,0.302332,0.812,0.685,0.313,-0.103,Other inorganic acids,28,Inorganic chemicals,5,Chemicals,0.21156050637958532
paises_interes,2022,2812,16159027,0.24231603476556732,DOM,2812,5e-06,4062,0.009544,0.896,1.173,1.659,-0.103,Halides of nonmetals,28,Inorganic chemicals,5,Chemicals,0.0
paises_interes,2022,2813,21212,0.0023138075911694404,DOM,2813,0.0,0,0.0,0.876,1.1,1.015,-0.103,Sulfides of nonmetals,28,Inorganic chemicals,5,Chemicals,
paises_interes,2022,2814,25537482,0.01180055387761021,DOM,2814,6e-06,82824,0.01158,0.842,0.05,-0.996,-0.103,Ammonia,28,Inorganic chemicals,5,Chemicals,0.0
paises_interes,2022,2815,1634479,0.0036872452599932145,DOM,2815,3.7e-05,389309,0.080231,0.839,0.76,0.122,-0.103,Sodium hydroxide,28,Inorganic chemicals,5,Chemicals,0.24113750260076186
paises_interes,2022,2816,6008557,0.2216862554386592,DOM,2816,4e-06,1050,0.008117,0.874,0.869,0.948,-0.103,Hydroxides or peroxides of magnesium,28,Inorganic chemicals,5,Chemicals,0.0
paises_interes,2022,2817,460454,0.0014165867773939253,DOM,2817,0.0,0,0.0,0.815,0.408,0.079,-0.103,Zinc oxide or peroxide,28,Inorganic chemicals,5,Chemicals,
paises_interes,2022,2818,184347392,0.1621620228439004,DOM,2818,0.0,0,0.0,0.832,0.102,-0.437,-0.103,Aluminum oxide,28,Inorganic chemicals,5,Chemicals,
paises_interes,2022,2820,797069,0.030900139278946224,DOM,2820,0.0,0,0.0,0.843,0.419,-0.187,-0.103,Manganese oxides,28,Inorganic chemicals,5,Chemicals,
paises_interes,2022,2821,126911514,0.3986846485089039,DOM,2821,9.4e-05,145866,0.198144,0.876,0.564,0.171,-0.103,Iron oxides and hydroxides,28,Inorganic chemicals,5,Chemicals,0.24840607132573733
paises_interes,2022,2823,5522941,0.06457958451836714,DOM,2823,3.7e-05,31797,0.077092,0.874,1.141,0.702,-0.103,Titanium oxides,28,Inorganic chemicals,5,Chemicals,0.0
paises_interes,2022,2824,15278,0.0030151618552619686,DOM,2824,0.0,0,0.0,0.818,0.331,-0.613,-0.103,Lead oxides,28,Inorganic chemicals,5,Chemicals,
paises_interes,2022,2825,243915236,0.3409636268451325,DOM,2825,0.0,0,0.0,0.87,-0.01,-1.095,-0.103,"Metal base oxides, n.e.c.",28,Inorganic chemicals,5,Chemicals,
paises_interes,2022,2826,94960402,0.39386068032931343,DOM,2826,0.0,0,0.0,0.867,0.915,0.867,-0.103,Flourides,28,Inorganic chemicals,5,Chemicals,
paises_interes,2022,2827,107712836,0.27443652665562807,DOM,2827,3e-06,11754,0.007163,0.843,0.688,0.098,-0.103,"Chlorides, bromides, iodides etc.",28,Inorganic chemicals,5,Chemicals,0.0
paises_interes,2022,2828,1515722,0.031004036745949284,DOM,2828,0.003105,2172268,6.486039,0.756,0.0,-0.681,-0.103,Hyopchlorites,28,Inorganic chemicals,5,Chemicals,0.4779032789692616
paises_interes,2022,2829,2111272,0.011175453468710012,DOM,2829,3.3e-05,24298,0.069721,0.842,0.383,-0.203,-0.103,Sodium chlorate,28,Inorganic chemicals,5,Chemicals,0.0
paises_interes,2022,2831,1142754,0.06793706805269889,DOM,2831,0.000532,183576,1.123067,0.822,0.0,-0.237,-0.103,Dithionites and sulfoxylates,28,Inorganic chemicals,5,Chemicals,0.0
paises_interes,2022,2832,10614680,0.22380734184429893,DOM,2832,2e-05,15245,0.040825,0.854,0.685,-0.166,-0.103,Sulfites,28,Inorganic chemicals,5,Chemicals,0.0
paises_interes,2022,2833,81901744,0.198093402964044,DOM,2833,7e-05,396520,0.161175,0.817,0.151,-0.343,-0.103,Sulfates,28,Inorganic chemicals,5,Chemicals,0.06964591949964692
paises_interes,2022,2834,9628523,0.0624131773585615,DOM,2834,0.000111,187643,0.232469,0.817,0.154,-0.685,-0.103,"Nitrites, nitrates",28,Inorganic chemicals,5,Chemicals,0.0
paises_interes,2022,2835,94663234,0.19365964278860065,DOM,2835,0.001278,7228251,2.666657,0.796,0.0,-0.075,-0.103,Phosphates,28,Inorganic chemicals,5,Chemicals,0.01586787730531217
paises_interes,2022,2836,28491172,0.06652514260218355,DOM,2836,0.00018,3348002,0.378245,0.81,-0.074,-0.761,-0.103,Carbonates,28,Inorganic chemicals,5,Chemicals,0.30923577703955973
paises_interes,2022,2839,8044251,0.11587930881042192,DOM,2839,0.001246,1207759,2.680018,0.787,0.0,-0.442,-0.103,Silicates,28,Inorganic chemicals,5,Chemicals,0.20386931498750993
paises_interes,2022,2840,3811549,0.040770906477652684,DOM,2840,0.0,0,0.0,0.838,0.147,-0.503,-0.103,Borates,28,Inorganic chemicals,5,Chemicals,
paises_interes,2022,2841,63875104,0.02290639280686057,DOM,2841,0.0,2355,0.000313,0.933,0.002,3.443,-0.103,Salts of oxometallic acids,28,Inorganic chemicals,5,Chemicals,0.0
paises_interes,2022,2842,51164021,0.2232638467732348,DOM,2842,1.1e-05,68481,0.021456,0.872,0.002,0.67,-0.103,Other salts of acids,28,Inorganic chemicals,5,Chemicals,0.0
paises_interes,2022,2843,5922378,0.05931900955155387,DOM,2843,0.0,0,0.0,0.905,1.188,2.878,-0.103,Compounds of precious metals,28,Inorganic chemicals,5,Chemicals,
paises_interes,2022,2844,1610345,0.0004656354407247261,DOM,2844,0.0,0,0.0,0.877,0.501,-0.396,-0.103,Uranium,28,Inorganic chemicals,5,Chemicals,
paises_interes,2022,2845,5505037,0.036429211873161865,DOM,2845,0.0,0,0.0,0.857,0.418,0.133,-0.103,Non-radioactive isotopes,28,Inorganic chemicals,5,Chemicals,
paises_interes,2022,2846,119464945,0.6472423354382286,DOM,2846,1e-06,3577,0.00246,0.879,0.935,0.679,-0.103,Compounds of rare-earth metals,28,Inorganic chemicals,5,Chemicals,0.0
paises_interes,2022,2847,0,0.0,DOM,2847,3.6e-05,38537,0.074843,0.824,0.579,0.201,-0.103,Hydrogen peroxide,28,Inorganic chemicals,5,Chemicals,0.9196356748060306
paises_interes,2022,2849,157967037,0.40765612064217316,DOM,2849,2.1e-05,49162,0.043977,0.861,0.524,0.277,-0.103,Carbides,28,Inorganic chemicals,5,Chemicals,0.0
paises_interes,2022,2850,12008790,0.29938144453262805,DOM,2850,0.000101,73617,0.214779,0.884,1.093,1.722,-0.103,"Hydrides, nitrides, azides, silicides and borides",28,Inorganic chemicals,5,Chemicals,0.41298884768463806
paises_interes,2022,2851,3568052,0.03696737809045056,DOM,2851,1e-06,4775,0.002626,0.903,0.002,1.988,-0.103,"Inorganic compounds, liquid or compressed air",28,Inorganic chemicals,5,Chemicals,0.7214659685863875
paises_interes,2022,2901,67137919,0.03424257987370125,DOM,2901,0.0,6354,0.000517,0.837,0.677,0.623,-0.103,Acyclic hydrocarbons,29,Organic chemicals,5,Chemicals,1.0
paises_interes,2022,2902,15338684,0.004381771354738604,DOM,2902,4.4e-05,2047778,0.1011,0.864,0.819,0.633,-0.103,Cyclic hydrocarbons,29,Organic chemicals,5,Chemicals,0.3890084765047774
paises_interes,2022,2903,452472474,0.4771584113774005,DOM,2903,0.0,3021,0.000487,0.877,1.224,1.234,-0.103,Halogenated derivatives of hydrocarbons,29,Organic chemicals,5,Chemicals,0.0
paises_interes,2022,2904,14480976,0.056751695237788884,DOM,2904,5e-06,10660,0.010184,0.839,0.657,-0.085,-0.103,"Sulfonated, nitrated derivatives of hydrocarbons",29,Organic chemicals,5,Chemicals,0.0
paises_interes,2022,2905,243326554,0.11715521406994105,DOM,2905,2.1e-05,701069,0.046779,0.835,0.342,-0.127,-0.103,Acyclic alcohols,29,Organic chemicals,5,Chemicals,0.04968555163614423
paises_interes,2022,2906,56232841,0.1731111813700331,DOM,2906,8e-06,42174,0.017587,0.893,0.825,0.632,-0.103,Cyclic alcohols,29,Organic chemicals,5,Chemicals,0.582633850239484
paises_interes,2022,2907,43443136,0.15768749885277378,DOM,2907,1.6e-05,111089,0.037502,0.867,1.16,1.51,-0.103,"Phenols, phenol-alcohols",29,Organic chemicals,5,Chemicals,0.0
paises_interes,2022,2909,159320626,0.18393240902588942,DOM,2909,1.4e-05,271766,0.02943,0.862,0.365,-0.03,-0.103,Ethers,29,Organic chemicals,5,Chemicals,0.8007072260694863
paises_interes,2022,2910,65715993,0.22375615572092653,DOM,2910,1.1e-05,42243,0.022137,0.89,1.263,1.824,-0.103,Epoxides,29,Organic chemicals,5,Chemicals,0.6712117984044694
paises_interes,2022,2912,172072683,0.4371660338075418,DOM,2912,4.4e-05,120662,0.092383,0.869,1.394,1.367,-0.103,Aldehydes,29,Organic chemicals,5,Chemicals,0.7200527092207986
paises_interes,2022,2914,323183151,0.3337268241743613,DOM,2914,1.6e-05,111965,0.034342,0.861,1.37,1.56,-0.103,Ketones and quinones,29,Organic chemicals,5,Chemicals,0.03551109721788059
paises_interes,2022,2915,424416309,0.3208474199108393,DOM,2915,2.6e-05,479850,0.056738,0.876,1.141,1.357,-0.103,Saturated acyclic monocarboxylic acids,29,Organic chemicals,5,Chemicals,0.010271959987496092
paises_interes,2022,2916,334882300,0.2730650517904375,DOM,2916,1.5e-05,176203,0.031893,0.863,1.295,1.632,-0.103,Unsaturated acyclic monocarboxylic acids,29,Organic chemicals,5,Chemicals,0.0
paises_interes,2022,2917,215968720,0.1590618381878126,DOM,2917,4e-06,67433,0.008524,0.85,0.881,0.989,-0.103,Polycarboxylic acids,29,Organic chemicals,5,Chemicals,0.0
paises_interes,2022,2918,491994683,0.3172581794509694,DOM,2918,7e-05,820793,0.148674,0.853,0.911,0.823,-0.103,Carboxylic acids with additional oxygen function,29,Organic chemicals,5,Chemicals,0.0
paises_interes,2022,2919,116562082,0.6688224022032829,DOM,2919,0.0,0,0.0,0.88,1.056,1.169,-0.103,Phosporic esters,29,Organic chemicals,5,Chemicals,
paises_interes,2022,2920,97479587,0.32757658948190665,DOM,2920,1.7e-05,35439,0.036655,0.884,1.52,2.155,-0.103,Esters of other inorganic acids of nonmetals,29,Organic chemicals,5,Chemicals,0.0
paises_interes,2022,2921,298018517,0.2970125672151869,DOM,2921,0.0,4486,0.000764,0.87,1.406,1.455,-0.103,Amine-function compounds,29,Organic chemicals,5,Chemicals,0.0
paises_interes,2022,2922,519279275,0.28054652038237093,DOM,2922,9e-06,143545,0.017845,0.861,0.89,0.992,-0.103,Oxygen-function amino-compounds,29,Organic chemicals,5,Chemicals,0.0
paises_interes,2022,2923,100580182,0.3585932822422614,DOM,2923,0.00014,441440,0.292161,0.85,0.771,0.252,-0.103,Quaternary ammonium salts and hydroxides,29,Organic chemicals,5,Chemicals,0.0021769662921348313
paises_interes,2022,2924,529582153,0.3259437029983658,DOM,2924,1.3e-05,128084,0.027384,0.885,1.011,1.41,-0.103,Carboxyamide-function compounds,29,Organic chemicals,5,Chemicals,0.01905780581493395
paises_interes,2022,2925,188918660,0.5315672382725432,DOM,2925,0.0,0,0.0,0.874,1.172,1.385,-0.103,Carboxyimide-function compounds,29,Organic chemicals,5,Chemicals,
paises_interes,2022,2926,204587804,0.5157493593556076,DOM,2926,0.0,0,0.0,0.885,1.058,1.097,-0.103,Nitrile-function compounds,29,Organic chemicals,5,Chemicals,
paises_interes,2022,2928,54358972,0.33693600937319657,DOM,2928,1e-06,1284,0.001742,0.879,1.211,1.464,-0.103,Organix derivatives of hydrazine,29,Organic chemicals,5,Chemicals,0.0
paises_interes,2022,2929,144137733,0.41707616117700225,DOM,2929,0.0,0,0.0,0.891,1.112,1.03,-0.103,Isocyanates,29,Organic chemicals,5,Chemicals,
paises_interes,2022,2930,483828745,0.568672479284027,DOM,2930,1e-06,10700,0.002568,0.874,1.058,1.029,-0.103,Organo-sulfur compounds,29,Organic chemicals,5,Chemicals,0.3236448598130841
paises_interes,2022,2931,1522052429,0.7526208567155603,DOM,2931,0.0,1148,0.000207,0.891,0.951,1.67,-0.103,Other organo-inorganic compounds,29,Organic chemicals,5,Chemicals,0.0
paises_interes,2022,2932,549704592,0.38241889076827346,DOM,2932,0.001639,16182082,3.496918,0.836,0.0,1.049,-0.103,Heterocyclic compounds with oxygen hetero-atom(s) only,29,Organic chemicals,5,Chemicals,0.15981225407212743
paises_interes,2022,2933,1797825944,0.1514649545512537,DOM,2933,1.2e-05,1035731,0.024631,0.877,0.878,1.085,-0.103,Heterocyclic compounds with nitrogen hetero-atom(s) only,29,Organic chemicals,5,Chemicals,0.0
paises_interes,2022,2934,997773604,0.09027103179246289,DOM,2934,5e-06,155334,0.011168,0.879,0.832,1.47,-0.103,Nucleic acids and their salts,29,Organic chemicals,5,Chemicals,0.0
paises_interes,2022,2935,239220996,0.12429456277340835,DOM,2935,0.0,0,0.0,0.867,0.713,1.169,-0.103,Sulfonamides,29,Organic chemicals,5,Chemicals,
paises_interes,2022,2936,834866964,0.5602322601066885,DOM,2936,2e-05,189807,0.041268,0.871,1.101,0.829,-0.103,Vitamins,29,Organic chemicals,5,Chemicals,0.06929670665465447
paises_interes,2022,2937,129530945,0.017241000860843163,DOM,2937,0.0,0,0.0,0.874,0.898,1.032,-0.103,Hormones,29,Organic chemicals,5,Chemicals,
paises_interes,2022,2938,234453609,0.7153750312882128,DOM,2938,0.0,0,0.0,0.849,0.625,0.038,-0.103,Glycosides,29,Organic chemicals,5,Chemicals,
paises_interes,2022,2939,88089209,0.2345085006168116,DOM,2939,0.000138,287707,0.292991,0.856,0.929,0.203,-0.103,Vegetable alkaloids,29,Organic chemicals,5,Chemicals,0.14291275499032002
paises_interes,2022,2940,47000694,0.17581389540539913,DOM,2940,3e-06,4818,0.006942,0.862,1.355,1.455,-0.103,"Other sugars, chemically pure",29,Organic chemicals,5,Chemicals,0.0
paises_interes,2022,2941,158048048,0.375348963367524,DOM,2941,1e-06,7504,0.001702,0.85,0.963,1.17,-0.103,Antibiotics,29,Organic chemicals,5,Chemicals,0.0
paises_interes,2022,2942,5379788,0.025431570189527027,DOM,2942,3e-06,6288,0.006116,0.833,0.374,-0.021,-0.103,Other organic compounds,29,Organic chemicals,5,Chemicals,0.0
paises_interes,2022,3001,184933599,0.40618688671199044,DOM,3001,1e-06,4735,0.001633,0.864,0.812,0.889,-0.103,Heparin for therapeutic use,30,Pharmaceutical products,5,Chemicals,0.0
paises_interes,2022,3002,112631240,0.0017404196717007582,DOM,3002,1e-05,2945178,0.020473,0.874,1.284,1.408,-0.103,Serums and vaccines,30,Pharmaceutical products,5,Chemicals,0.0871675667820417
paises_interes,2022,3003,81220315,0.06968859585524763,DOM,3003,0.000112,1377047,0.234257,0.825,0.776,0.691,-0.103,"Medicaments, not packaged",30,Pharmaceutical products,5,Chemicals,0.02100581897349909
paises_interes,2022,3004,1047800599,0.013663514925310401,DOM,3004,0.000171,68719356,0.357742,0.815,0.87,0.777,-0.103,"Medicaments, packaged",30,Pharmaceutical products,5,Chemicals,0.008696690929408593
paises_interes,2022,3005,629692832,0.3898230377649901,DOM,3005,0.005034,45667168,10.575569,0.82,0.0,0.862,-0.103,"Wadding, gauze and bandages",30,Pharmaceutical products,5,Chemicals,0.33028349820159636
paises_interes,2022,3006,394558251,0.1253571481283782,DOM,3006,0.012742,193334699,26.607805,0.812,0.0,0.643,-0.103,Pharmaceutical goods,30,Pharmaceutical products,5,Chemicals,0.7334436328990276
paises_interes,2022,3101,846681,0.01643448752208719,DOM,3101,0.002059,2351880,4.295508,0.765,0.0,-0.841,-0.103,Animal or vegetable fertilizers,31,Fertilisers,5,Chemicals,0.2341645832270354
paises_interes,2022,3102,18342719,0.004246603878393535,DOM,3102,5.2e-05,2759635,0.109267,0.759,-0.159,-1.125,-0.103,Nitrogenous fertilizers,31,Fertilisers,5,Chemicals,0.6488586352905366
paises_interes,2022,3103,189808,0.0006830687693612189,DOM,3103,9e-06,35007,0.019596,0.811,-0.067,-1.152,-0.103,Phosphatic fertilizers,31,Fertilisers,5,Chemicals,0.10152255263233068
paises_interes,2022,3104,196910,3.328003198723009e-05,DOM,3104,4.8e-05,1446046,0.100947,0.847,0.147,-0.961,-0.103,Potassic fertilizers,31,Fertilisers,5,Chemicals,0.15405319056240258
paises_interes,2022,3105,23409080,0.013856483936030454,DOM,3105,0.000805,32863388,1.678095,0.736,-0.0,-0.977,-0.103,Mixed fertilizers,31,Fertilisers,5,Chemicals,0.15148261646060351
paises_interes,2022,3201,252921,0.012194688600561835,DOM,3201,0.0,0,0.0,0.828,0.085,-1.012,-0.103,Vegetable tanning extracts,32,"Dyes, paints, inks, etc.",5,Chemicals,
paises_interes,2022,3202,36131,0.004052798664374519,DOM,3202,0.000443,281764,0.934721,0.844,0.469,-0.463,-0.103,Synthetic tanning substances,32,"Dyes, paints, inks, etc.",5,Chemicals,0.7033048934569356
paises_interes,2022,3203,14869247,0.07593981299065566,DOM,3203,0.00031,474855,0.648209,0.84,1.031,0.451,-0.103,Coloring matter of animal or vegetable origin,32,"Dyes, paints, inks, etc.",5,Chemicals,0.8371566057006876
paises_interes,2022,3204,183891007,0.1971127556726104,DOM,3204,5.5e-05,722533,0.118228,0.837,0.775,0.608,-0.103,Synthetic organic coloring matter,32,"Dyes, paints, inks, etc.",5,Chemicals,0.04921159310370599
paises_interes,2022,3205,81994,0.003122704334924036,DOM,3205,8.2e-05,24395,0.173343,0.835,0.568,0.156,-0.103,Color lakes,32,"Dyes, paints, inks, etc.",5,Chemicals,0.0
paises_interes,2022,3206,106735905,0.08997399333193794,DOM,3206,6.9e-05,1037647,0.149393,0.85,0.756,0.498,-0.103,Other coloring matter,32,"Dyes, paints, inks, etc.",5,Chemicals,0.0
paises_interes,2022,3207,12569645,0.050247419364365706,DOM,3207,4.2e-05,222088,0.092617,0.852,0.776,0.562,-0.103,Prepared pigments,32,"Dyes, paints, inks, etc.",5,Chemicals,0.0
paises_interes,2022,3208,10901250,0.013362200384870595,DOM,3208,0.000508,8004151,1.068882,0.771,0.0,0.308,-0.103,"Paints and varnishes, nonaqueous",32,"Dyes, paints, inks, etc.",5,Chemicals,0.03467900593079766
paises_interes,2022,3209,1024849,0.002521582892069019,DOM,3209,0.000606,4159560,1.276576,0.763,0.0,-0.016,-0.103,"Paints and varnishes, aqueous",32,"Dyes, paints, inks, etc.",5,Chemicals,0.11662651818942388
paises_interes,2022,3210,371054,0.02029262852579594,DOM,3210,0.000459,359041,1.013689,0.779,0.0,0.068,-0.103,Other paints and varnishes,32,"Dyes, paints, inks, etc.",5,Chemicals,0.08661127837767832
paises_interes,2022,3211,308286,0.01901161975379112,DOM,3211,0.000389,93686,0.814201,0.818,0.416,-0.221,-0.103,Prepared driers,32,"Dyes, paints, inks, etc.",5,Chemicals,0.0504344299041479
paises_interes,2022,3212,22112491,0.09385586710019089,DOM,3212,2.5e-05,53827,0.054344,0.829,1.11,0.944,-0.103,"Pigments, nonaqueous",32,"Dyes, paints, inks, etc.",5,Chemicals,0.17794043881323499
paises_interes,2022,3213,97796118,0.5726846309428951,DOM,3213,0.001402,1304832,2.939558,0.786,0.0,-0.473,-0.103,Artists' colors,32,"Dyes, paints, inks, etc.",5,Chemicals,0.06460678462821268
paises_interes,2022,3214,7967470,0.013464088741331046,DOM,3214,0.0005,4978715,1.047063,0.773,0.0,0.356,-0.103,Glaziers' putty,32,"Dyes, paints, inks, etc.",5,Chemicals,0.022408794237067195
paises_interes,2022,3215,33294254,0.04758016907579985,DOM,3215,2.3e-05,243113,0.048305,0.808,0.851,0.675,-0.103,Ink,32,"Dyes, paints, inks, etc.",5,Chemicals,0.014482977051823637
paises_interes,2022,3301,99559836,0.08731081408627533,DOM,3301,0.000284,1523278,0.597887,0.763,-0.119,-1.303,-0.103,Essential oils,33,Essential oils,5,Chemicals,0.789518393884767
paises_interes,2022,3302,24372158,0.005472310003825704,DOM,3302,0.000724,19832332,1.513799,0.792,0.0,0.014,-0.103,Mixtures of odoriferous subtances,33,Essential oils,5,Chemicals,0.004604501376842623
paises_interes,2022,3303,37065397,0.013381313817118016,DOM,3303,8.1e-05,1759042,0.169638,0.814,0.672,0.343,-0.103,Perfumes,33,Essential oils,5,Chemicals,0.030098201179960454
paises_interes,2022,3304,771864962,0.13972186472032,DOM,3304,0.000543,33101709,1.162981,0.79,0.0,0.428,-0.103,Make-up preparations,33,Essential oils,5,Chemicals,0.9248001666620899
paises_interes,2022,3305,108163732,0.06447790851392379,DOM,3305,0.001045,16216304,2.191115,0.775,0.0,0.394,-0.103,Hair products,33,Essential oils,5,Chemicals,0.6757985666770924
paises_interes,2022,3306,27377842,0.06841460006677572,DOM,3306,2.6e-05,151296,0.055294,0.81,0.539,0.165,-0.103,Dental hygiene products,33,Essential oils,5,Chemicals,0.1690262796108291
paises_interes,2022,3307,284112741,0.19009566575291245,DOM,3307,0.00019,2695756,0.39905,0.802,0.556,0.252,-0.103,Toiletries,33,Essential oils,5,Chemicals,0.24712696549687732
paises_interes,2022,3401,211873863,0.3047543907788305,DOM,3401,0.00231,18357411,4.830676,0.717,-0.0,-1.049,-0.103,Soap,34,"Soaps, waxes, and paints",5,Chemicals,0.2129800329687013
paises_interes,2022,3402,189759467,0.08256905302129935,DOM,3402,5.3e-05,2192692,0.112302,0.778,0.424,-0.027,-0.103,Cleaning products,34,"Soaps, waxes, and paints",5,Chemicals,0.7654992128397422
paises_interes,2022,3403,13027064,0.032942724447791664,DOM,3403,4e-06,37400,0.007815,0.869,1.418,1.583,-0.103,Lubricants,34,"Soaps, waxes, and paints",5,Chemicals,0.6298395721925134
paises_interes,2022,3404,48468085,0.16598512020047493,DOM,3404,2.5e-05,93731,0.051706,0.854,0.998,0.706,-0.103,Artificial and prepared waxes,34,"Soaps, waxes, and paints",5,Chemicals,0.01687808729235792
paises_interes,2022,3405,9902389,0.0764534175705411,DOM,3405,0.000157,428685,0.347653,0.813,0.68,0.313,-0.103,Polishes and creams,34,"Soaps, waxes, and paints",5,Chemicals,0.7308256645322323
paises_interes,2022,3406,530963005,0.5437708336795078,DOM,3406,0.007706,37364380,16.066427,0.792,0.0,-0.001,-0.103,Candles,34,"Soaps, waxes, and paints",5,Chemicals,0.866115696286142
paises_interes,2022,3407,93783705,0.4740561080712219,DOM,3407,3.7e-05,43644,0.076394,0.86,1.172,1.14,-0.103,Modeling pastes,34,"Soaps, waxes, and paints",5,Chemicals,0.7369168728805793
paises_interes,2022,3502,1842972,0.016952342818557,DOM,3502,0.0,0,0.0,0.853,0.875,0.593,-0.103,Albumins,35,Albuminoidals; modified starches; glues; enzymes,5,Chemicals,
paises_interes,2022,3503,48862891,0.13271542251359378,DOM,3503,3.6e-05,88567,0.075154,0.824,0.39,-0.414,-0.103,Gelatin,35,Albuminoidals; modified starches; glues; enzymes,5,Chemicals,0.0
paises_interes,2022,3504,94235840,0.1255896902155963,DOM,3504,1.6e-05,72556,0.032952,0.852,0.821,0.762,-0.103,Peptones,35,Albuminoidals; modified starches; glues; enzymes,5,Chemicals,0.0
paises_interes,2022,3505,12423245,0.04424633004356028,DOM,3505,4e-06,15670,0.007382,0.835,0.679,0.414,-0.103,Dextrins and other modified starches,35,Albuminoidals; modified starches; glues; enzymes,5,Chemicals,0.0
paises_interes,2022,3506,142718612,0.20919581996537007,DOM,3506,0.000364,5098762,0.794727,0.836,1.038,0.695,-0.103,Glues and adhesives,35,Albuminoidals; modified starches; glues; enzymes,5,Chemicals,0.2471619581380735
paises_interes,2022,3507,80547179,0.08335858412439019,DOM,3507,9e-06,57592,0.018643,0.861,1.136,1.342,-0.103,Enzymes,35,Albuminoidals; modified starches; glues; enzymes,5,Chemicals,0.07398597027364912
paises_interes,2022,3602,626255,0.005648583436780883,DOM,3602,0.000514,553113,1.079686,0.75,0.0,-0.773,-0.103,"Prepared explosives, except gunpowder",36,Explosives,5,Chemicals,0.3312415365395498
paises_interes,2022,3603,2878770,0.008353817855117155,DOM,3603,0.0,0,0.0,0.796,0.153,-0.527,-0.103,Detonators,36,Explosives,5,Chemicals,
paises_interes,2022,3604,537990344,0.9329172121880926,DOM,3604,0.0,0,0.0,0.84,0.002,-0.25,-0.103,Fireworks,36,Explosives,5,Chemicals,
paises_interes,2022,3606,7273253,0.2925955857780722,DOM,3606,0.0,0,0.0,0.796,0.636,0.269,-0.103,Ferrocerium and other pyrophoric alloys,36,Explosives,5,Chemicals,
paises_interes,2022,3701,22665717,0.05891611563450743,DOM,3701,3e-06,13981,0.007011,0.873,1.191,1.549,-0.103,Photographic plates,37,Photographic or cinematographic goods,5,Chemicals,0.0
paises_interes,2022,3702,2985113,0.02153504829176215,DOM,3702,0.00013,198781,0.279172,0.898,0.833,2.0,-0.103,Photographic film in rolls,37,Photographic or cinematographic goods,5,Chemicals,0.0
paises_interes,2022,3703,354218,0.016634145949746677,DOM,3703,0.000127,50703,0.265013,0.872,0.858,0.838,-0.103,Photographic paper,37,Photographic or cinematographic goods,5,Chemicals,0.0
paises_interes,2022,3704,33676,0.00439192405555244,DOM,3704,0.0,0,0.0,0.854,0.003,0.486,-0.103,"Photographic film, not developed",37,Photographic or cinematographic goods,5,Chemicals,
paises_interes,2022,3707,8919015,0.018150186786048066,DOM,3707,7e-06,45923,0.015818,0.879,0.756,1.251,-0.103,Chemical preparations for photographic uses,37,Photographic or cinematographic goods,5,Chemicals,0.0
paises_interes,2022,3801,387239879,0.5797752590128513,DOM,3801,0.0,0,0.0,0.865,0.905,0.742,-0.103,Artificial graphite,38,Miscellaneous chemical products,5,Chemicals,
paises_interes,2022,3802,29726904,0.09551965855192944,DOM,3802,3.5e-05,113715,0.073584,0.826,0.583,0.196,-0.103,Activated carbon,38,Miscellaneous chemical products,5,Chemicals,1.0
paises_interes,2022,3803,0,0.0,DOM,3803,9e-06,3398,0.01936,0.874,0.45,0.421,-0.103,Tall oil,38,Miscellaneous chemical products,5,Chemicals,0.0
paises_interes,2022,3804,117431,0.0038538835611326796,DOM,3804,2e-06,1101,0.004324,0.863,0.841,0.58,-0.103,Residual lyes,38,Miscellaneous chemical products,5,Chemicals,1.0
paises_interes,2022,3805,1389292,0.035601147791919176,DOM,3805,2.3e-05,10096,0.048284,0.822,0.014,-0.866,-0.103,Turpentines,38,Miscellaneous chemical products,5,Chemicals,0.5855784469096672
paises_interes,2022,3806,11335057,0.15744715535397297,DOM,3806,2.8e-05,43747,0.058951,0.839,0.428,-0.334,-0.103,Rosin and resin acids,38,Miscellaneous chemical products,5,Chemicals,0.05680389512423709
paises_interes,2022,3807,8544,0.006245481638181647,DOM,3807,0.0001,13157,0.198314,0.883,0.003,1.326,-0.103,Wood tar and oils,38,Miscellaneous chemical products,5,Chemicals,0.18066428517139166
paises_interes,2022,3808,717438638,0.21401548845057902,DOM,3808,0.000232,10576219,0.486401,0.816,0.671,0.201,-0.103,"Insecticides, rodenticides, fungicides, etc.",38,Miscellaneous chemical products,5,Chemicals,0.49063715492275645
paises_interes,2022,3809,5593229,0.028608013852238236,DOM,3809,0.000563,2535221,1.234956,0.775,0.0,0.243,-0.103,Finishing agents,38,Miscellaneous chemical products,5,Chemicals,0.10258671729210195
paises_interes,2022,3810,8548867,0.08317498722170448,DOM,3810,1e-06,1997,0.002325,0.868,1.317,1.408,-0.103,Pickling preparations for metal surfaces,38,Miscellaneous chemical products,5,Chemicals,0.0
paises_interes,2022,3811,5078058,0.00727868820765299,DOM,3811,1.6e-05,214686,0.032933,0.857,0.581,0.411,-0.103,Anti-knock,38,Miscellaneous chemical products,5,Chemicals,0.16124479472345657
paises_interes,2022,3812,227275926,0.37099895115828463,DOM,3812,3.3e-05,188454,0.072913,0.868,1.067,1.052,-0.103,Stabilizers for rubber or plastic,38,Miscellaneous chemical products,5,Chemicals,0.08994767953983465
paises_interes,2022,3813,6076050,0.418521071942395,DOM,3813,0.0,0,0.0,0.863,1.037,0.926,-0.103,Preparations for fire extinguishers,38,Miscellaneous chemical products,5,Chemicals,
paises_interes,2022,3814,1809846,0.02035351165118958,DOM,3814,0.000794,1684642,1.695055,0.752,0.0,-0.158,-0.103,Organic composite solvents and thinners,38,Miscellaneous chemical products,5,Chemicals,0.025278367748162518
paises_interes,2022,3815,114492806,0.046201998272800256,DOM,3815,1e-06,22372,0.001651,0.86,1.057,0.775,-0.103,Catalytic preparations,38,Miscellaneous chemical products,5,Chemicals,0.300509565528339
paises_interes,2022,3816,906105,0.007623783272443247,DOM,3816,1.2e-05,31627,0.02511,0.836,0.858,0.53,-0.103,Refractory cements,38,Miscellaneous chemical products,5,Chemicals,0.14550858443734785
paises_interes,2022,3817,33905576,0.15005295356441184,DOM,3817,0.0,0,0.0,0.857,0.349,0.005,-0.103,Mixed alkylbenzenes,38,Miscellaneous chemical products,5,Chemicals,
paises_interes,2022,3818,258278585,0.14862593599757518,DOM,3818,0.0,0,0.0,0.887,1.064,1.809,-0.103,Chemical elements for electronics,38,Miscellaneous chemical products,5,Chemicals,
paises_interes,2022,3819,127616,0.0028168241852397405,DOM,3819,0.000101,104866,0.210064,0.842,0.706,0.584,-0.103,Hydraulic fluids,38,Miscellaneous chemical products,5,Chemicals,0.047288921099307685
paises_interes,2022,3820,2305878,0.053152649022926095,DOM,3820,1.8e-05,25389,0.03795,0.823,0.747,0.328,-0.103,Antifreezing preparation,38,Miscellaneous chemical products,5,Chemicals,0.06561896884477529
paises_interes,2022,3821,9470240,0.0279017550186347,DOM,3821,1e-06,2896,0.001786,0.86,1.304,1.232,-0.103,Prepared culture media for micro-organisms,38,Miscellaneous chemical products,5,Chemicals,0.0
paises_interes,2022,3823,3386829406,0.42435541694477064,DOM,3823,9.6e-05,8698924,0.202369,0.845,0.979,0.323,-0.103,Industrial monocarboxylic fatty acids,38,Miscellaneous chemical products,5,Chemicals,0.011441415053172093
paises_interes,2022,3901,87365870,0.017647186767493255,DOM,3901,5.6e-05,4977103,0.118568,0.832,0.506,0.293,-0.103,Polymers of ethylene,39,Plastics,5,Chemicals,0.13032038919025787
paises_interes,2022,3902,42371723,0.035260041753481526,DOM,3902,5e-05,2255885,0.106477,0.832,0.754,0.575,-0.103,Polymers of propylene,39,Plastics,5,Chemicals,0.024586802962030422
paises_interes,2022,3903,39166983,0.02516402538473095,DOM,3903,3.3e-05,730633,0.082426,0.843,1.011,0.769,-0.103,Polymers of styrene,39,Plastics,5,Chemicals,0.0
paises_interes,2022,3904,180930507,0.1177394380176951,DOM,3904,0.000165,4465267,0.363409,0.842,0.886,0.58,-0.103,Polymers of vinyl chloride,39,Plastics,5,Chemicals,0.35845650439268245
paises_interes,2022,3905,38252901,0.08341456096090055,DOM,3905,0.001714,11769037,3.921374,0.816,0.0,1.016,-0.103,Polymers of vinyl acetate,39,Plastics,5,Chemicals,0.044386724249401203
paises_interes,2022,3906,142302257,0.11349335467070266,DOM,3906,0.000116,2205480,0.25135,0.864,1.184,1.312,-0.103,Acrylic polymers,39,Plastics,5,Chemicals,0.00961015289188748
paises_interes,2022,3907,579524058,0.10236925981579394,DOM,3907,0.000361,26184908,0.813686,0.843,1.015,0.677,-0.103,Polyacetals,39,Plastics,5,Chemicals,0.3033817036897743
paises_interes,2022,3908,23194658,0.029495119952502123,DOM,3908,0.0,0,0.0,0.862,1.331,1.554,-0.103,Polyamides,39,Plastics,5,Chemicals,
paises_interes,2022,3909,505833943,0.3124049263916908,DOM,3909,2.8e-05,629851,0.060808,0.847,1.025,0.924,-0.103,Amino-resins,39,Plastics,5,Chemicals,0.0947081135062102
paises_interes,2022,3910,280866692,0.2572077882842164,DOM,3910,1e-05,97251,0.021303,0.885,1.549,1.875,-0.103,Silicones in primary forms,39,Plastics,5,Chemicals,0.5374854757277561
paises_interes,2022,3911,96454709,0.1640795320821056,DOM,3911,6.9e-05,512208,0.146324,0.877,1.329,1.158,-0.103,Petroleum resins,39,Plastics,5,Chemicals,0.033056883141223875
paises_interes,2022,3912,54264790,0.10517810411373596,DOM,3912,0.000146,1005859,0.311872,0.855,1.038,0.908,-0.103,Cellulose n.e.c.,39,Plastics,5,Chemicals,0.001192015978382656
paises_interes,2022,3913,126572574,0.24870001963918,DOM,3913,1.3e-05,45798,0.026747,0.858,0.981,0.835,-0.103,Natural polymers,39,Plastics,5,Chemicals,0.0
paises_interes,2022,3914,58023878,0.1516884590446456,DOM,3914,4e-05,88386,0.083939,0.883,1.247,2.051,-0.103,Ion-exchangers based on polymers,39,Plastics,5,Chemicals,0.2493720725001697
paises_interes,2022,3915,15512175,0.05057148309825852,DOM,3915,0.003937,14746786,8.402261,0.744,0.0,-0.523,-0.103,Plastic waste,39,Plastics,5,Chemicals,0.1085696232385823
paises_interes,2022,3916,152149487,0.16826494276139292,DOM,3916,4.5e-05,339476,0.093857,0.833,0.781,0.641,-0.103,Monofilament,39,Plastics,5,Chemicals,0.1184295797051927
paises_interes,2022,3917,862440569,0.22262590828011045,DOM,3917,0.000929,29580065,1.958098,0.754,0.0,-0.067,-0.103,Plastic tubes and fittings,39,Plastics,5,Chemicals,0.355578528985653
paises_interes,2022,3918,4267711194,0.8156748207336285,DOM,3918,4.3e-05,589615,0.092864,0.855,0.588,0.498,-0.103,Plastic floor coverings,39,Plastics,5,Chemicals,0.3039949797749379
paises_interes,2022,3919,505159911,0.277834325839933,DOM,3919,0.000831,21204807,1.838276,0.821,0.0,0.986,-0.103,Self-adhesive plastic sheets,39,Plastics,5,Chemicals,0.09766247813526432
paises_interes,2022,3920,882347677,0.12528871499721458,DOM,3920,0.000755,51639716,1.616584,0.777,0.0,0.257,-0.103,"Other plates of plastics, noncellular and not reinforced",39,Plastics,5,Chemicals,0.2593042339737112
paises_interes,2022,3921,429551787,0.12409839051958965,DOM,3921,0.000622,20125284,1.328642,0.77,0.0,0.574,-0.103,"Other plastic plates, sheets etc.",39,Plastics,5,Chemicals,0.6145389550776029
paises_interes,2022,3922,352589853,0.5758312730278099,DOM,3922,3e-05,148899,0.061853,0.806,0.733,0.383,-0.103,"Baths, sinks etc.",39,Plastics,5,Chemicals,0.2845082908548748
paises_interes,2022,3923,3838720950,0.3212837620095732,DOM,3923,0.002271,150964920,4.8471,0.75,0.0,-0.169,-0.103,Packing lids,39,Plastics,5,Chemicals,0.47983021486051197
paises_interes,2022,3924,6172843473,0.8256211653075697,DOM,3924,0.005134,135407859,10.909771,0.75,0.0,-0.652,-0.103,Plastic household articles,39,Plastics,5,Chemicals,0.6619201844111574
paises_interes,2022,3925,1035564338,0.39302574866914775,DOM,3925,0.000196,3136279,0.41346,0.777,0.514,0.22,-0.103,Plastic builders' ware,39,Plastics,5,Chemicals,0.7840373895307146
paises_interes,2022,3926,11816019844,0.4743592961478235,DOM,3926,0.00215,316778517,4.570974,0.818,0.0,1.094,-0.103,Other articles of plastic,39,Plastics,5,Chemicals,0.6237700740293572
paises_interes,2022,4001,972829318,0.5362186924429395,DOM,4001,1e-06,22624,0.002919,0.772,-0.147,-1.923,-0.103,Natural rubber,40,Rubber,5,Chemicals,0.14886845827439887
paises_interes,2022,4002,62079323,0.03579208133837341,DOM,4002,0.000156,4435035,0.340261,0.858,0.889,0.959,-0.103,Synthetic rubber,40,Rubber,5,Chemicals,0.0
paises_interes,2022,4003,10330613,0.12488342437254124,DOM,4003,0.0,0,0.0,0.831,0.482,0.009,-0.103,Reclaimed rubber,40,Rubber,5,Chemicals,
paises_interes,2022,4004,770390,0.033834307765847386,DOM,4004,2.8e-05,7560,0.059935,0.795,0.269,-0.496,-0.103,Scrap of rubber,40,Rubber,5,Chemicals,0.0
paises_interes,2022,4005,2077384,0.0031489824366266457,DOM,4005,1e-06,4548,0.00156,0.839,1.161,1.152,-0.103,Compounded rubber,40,Rubber,5,Chemicals,0.0
paises_interes,2022,4006,777314,0.0299117482711394,DOM,4006,7.9e-05,37729,0.165566,0.848,1.062,0.793,-0.103,Unvulcanized rubber rods,40,Rubber,5,Chemicals,1.0
paises_interes,2022,4007,15531757,0.7090423487326788,DOM,4007,0.000177,133339,0.371343,0.879,0.442,0.968,-0.103,Vulcanized rubber thread and cord,40,Rubber,5,Chemicals,0.011834497033876061
paises_interes,2022,4008,56196758,0.12202157041979249,DOM,4008,9.3e-05,441005,0.195999,0.83,1.091,0.924,-0.103,Vulcanized rubber plates,40,Rubber,5,Chemicals,0.6753438169635265
paises_interes,2022,4009,296709254,0.14902906436451685,DOM,4009,1.2e-05,130981,0.025234,0.821,0.873,0.677,-0.103,Vulcanized rubber tubes,40,Rubber,5,Chemicals,0.24276803505851993
paises_interes,2022,4010,197239859,0.23719186350995866,DOM,4010,1.8e-05,112256,0.038318,0.85,1.151,1.057,-0.103,Conveyor belts of vulcanized rubber,40,Rubber,5,Chemicals,0.17526011972633979
paises_interes,2022,4011,3788796019,0.21448717215369395,DOM,4011,1e-05,880679,0.021369,0.811,0.609,0.236,-0.103,New pneumatic tires of rubber,40,Rubber,5,Chemicals,0.15150601711224987
paises_interes,2022,4012,59506502,0.1335392218807041,DOM,4012,0.000209,575712,0.443112,0.831,0.827,0.534,-0.103,Used pneumatic tires of rubber,40,Rubber,5,Chemicals,0.23404648466513286
paises_interes,2022,4013,40917968,0.36175695690213017,DOM,4013,8.5e-05,112014,0.180996,0.834,0.407,0.025,-0.103,Rubber inner tubes,40,Rubber,5,Chemicals,0.0
paises_interes,2022,4014,18531022,0.2054680492517783,DOM,4014,7.2e-05,94081,0.151903,0.816,0.369,0.099,-0.103,Rubber hygenic or pharmeceutical items,40,Rubber,5,Chemicals,0.03324794591894219
paises_interes,2022,4015,2499354197,0.7512612209971199,DOM,4015,3e-06,29677,0.005742,0.839,0.369,-0.248,-0.103,Vulcanized rubber articles of apparel,40,Rubber,5,Chemicals,0.30286080129393134
paises_interes,2022,4016,1061865956,0.23120507814725913,DOM,4016,4.4e-05,1264035,0.093944,0.806,0.904,0.767,-0.103,Other articles of vulcanized rubber,40,Rubber,5,Chemicals,0.2574715098869889
paises_interes,2022,4017,10290546,0.18273975866810419,DOM,4017,0.00568,1695014,16.283417,0.795,0.0,0.413,-0.103,Hard rubber,40,Rubber,5,Chemicals,0.9974902862159251
paises_interes,2022,4104,9319750,0.01600507257632158,DOM,4104,0.001067,14095643,2.275346,0.748,-0.0,-1.358,-0.103,Tanned hides of bovines or equines,41,Leather and skins,1,Agriculture,0.15631716836188317
paises_interes,2022,4106,39992,0.007729287839436763,DOM,4106,1.4e-05,4831,0.030135,0.787,-0.129,-1.817,-0.103,Tanned skins of other animals,41,Leather and skins,1,Agriculture,0.0
paises_interes,2022,4107,1753226,0.07170276365230925,DOM,4107,0.0,0,0.0,0.806,0.225,-0.674,-0.103,Bovine leather further prepared,41,Leather and skins,1,Agriculture,
paises_interes,2022,4109,4664,0.00016827387944893914,DOM,4109,0.000103,33018,0.21944,0.838,0.292,-0.362,-0.103,Patent leather,41,Leather and skins,1,Agriculture,0.41604579320370705
paises_interes,2022,4110,5538,0.007640233042283406,DOM,4110,0.0,0,0.0,0.824,0.001,-1.117,-0.103,Waste of leather,41,Leather and skins,1,Agriculture,
paises_interes,2022,4111,304886,0.030711569062551028,DOM,4111,0.0,0,0.0,0.838,0.516,-0.225,-0.103,Composition leather,41,Leather and skins,1,Agriculture,
paises_interes,2022,4201,619676837,0.7647488560662777,DOM,4201,1e-06,3101,0.002386,0.841,0.606,0.162,-0.103,Saddlery and harnesses,42,Articles of leather,1,Agriculture,0.45694937117059015
paises_interes,2022,4202,9599470568,0.6335425100420439,DOM,4202,0.000207,16717385,0.437795,0.824,0.379,-0.527,-0.103,Trunks or cases,42,Articles of leather,1,Agriculture,0.9147829041443982
paises_interes,2022,4203,439035309,0.288515366147645,DOM,4203,0.000336,2436566,0.713748,0.775,0.093,-0.414,-0.103,Leather apparel,42,Articles of leather,1,Agriculture,0.8967177576966928
paises_interes,2022,4205,147963542,0.3015007836642228,DOM,4205,0.002938,7499645,6.15233,0.773,0.0,-0.29,-0.103,Other articles of leather,42,Articles of leather,1,Agriculture,0.9987212728069128
paises_interes,2022,4302,1734585,0.04465801259363756,DOM,4302,0.0,0,0.0,0.799,0.211,-0.275,-0.103,Other tanned furskins,43,Furskins,1,Agriculture,
paises_interes,2022,4303,27458484,0.18070176780178168,DOM,4303,0.0,0,0.0,0.851,0.002,0.015,-0.103,Furskin apparel,43,Furskins,1,Agriculture,
paises_interes,2022,4304,5201872,0.75475907474301,DOM,4304,5.5e-05,5266,0.108414,0.83,0.002,-0.326,-0.103,Artificial fur,43,Furskins,1,Agriculture,0.0
paises_interes,2022,4401,1237728,0.007586776179878523,DOM,4401,0.0,0,0.0,0.8,0.222,-0.44,-0.103,Fuel wood,44,Wood,1,Agriculture,
paises_interes,2022,4402,13813365,0.1905828747247966,DOM,4402,0.000501,775033,1.046757,0.728,-0.0,-1.513,-0.103,Wood charcoal,44,Wood,1,Agriculture,0.5982287205835106
paises_interes,2022,4403,2254891,0.010521597995642746,DOM,4403,1e-05,135064,0.021088,0.785,0.215,-1.257,-0.103,Wood in the rough,44,Wood,1,Agriculture,0.019946099626843572
paises_interes,2022,4404,635926,0.026306361059837843,DOM,4404,0.0,0,0.0,0.786,0.312,-0.282,-0.103,Strips and other pieces of wood,44,Wood,1,Agriculture,
paises_interes,2022,4405,242964,0.17755062221348547,DOM,4405,0.0,0,0.0,0.866,0.003,0.066,-0.103,Wood wool or flour,44,Wood,1,Agriculture,
paises_interes,2022,4406,0,0.0,DOM,4406,0.0,0,0.0,0.818,0.484,-0.232,-0.103,Wooden railway ties,44,Wood,1,Agriculture,
paises_interes,2022,4407,62684045,0.005166559451046565,DOM,4407,1.5e-05,691978,0.030313,0.787,0.164,-0.932,-0.103,Wood sawn lengthwise,44,Wood,1,Agriculture,0.003213975010766238
paises_interes,2022,4408,15367013,0.028077487441378224,DOM,4408,1e-06,6132,0.002765,0.787,0.168,-0.662,-0.103,Sheets for veneering for plywood,44,Wood,1,Agriculture,0.0
paises_interes,2022,4409,222093678,0.12874604154506192,DOM,4409,3e-06,17450,0.006473,0.786,0.135,-0.814,-0.103,Wood shaped along its edges,44,Wood,1,Agriculture,0.0
paises_interes,2022,4410,22241337,0.006351617038066574,DOM,4410,1.2e-05,147888,0.025793,0.815,0.52,0.066,-0.103,Particle board and similar board,44,Wood,1,Agriculture,0.07325137942226549
paises_interes,2022,4411,234574358,0.12166141637589448,DOM,4411,4.3e-05,535356,0.089464,0.797,0.255,-0.211,-0.103,Fiberboard of wood,44,Wood,1,Agriculture,0.025248619610128586
paises_interes,2022,4412,1699611946,0.46570593085234663,DOM,4412,4.9e-05,915585,0.101592,0.79,0.046,-0.751,-0.103,Plywood,44,Wood,1,Agriculture,0.0
paises_interes,2022,4413,36192203,0.6011044068917217,DOM,4413,0.0,0,0.0,0.806,0.478,0.003,-0.103,Densified wood,44,Wood,1,Agriculture,
paises_interes,2022,4414,288596754,0.8062597380320898,DOM,4414,0.0,0,0.0,0.856,0.591,0.375,-0.103,Wooden frames,44,Wood,1,Agriculture,
paises_interes,2022,4415,24233633,0.05987570338184819,DOM,4415,9.2e-05,572936,0.192649,0.776,0.535,0.13,-0.103,Packing boxes,44,Wood,1,Agriculture,0.4276149517572643
paises_interes,2022,4416,5279535,0.01992193145103353,DOM,4416,5.4e-05,60328,0.113848,0.841,0.648,0.19,-0.103,"Casks, barrels, etc. of wood",44,Wood,1,Agriculture,0.0
paises_interes,2022,4417,7825215,0.14739564143191392,DOM,4417,0.000291,140452,0.611233,0.797,0.392,-0.358,-0.103,Wooden tools,44,Wood,1,Agriculture,0.2917366787229801
paises_interes,2022,4418,865611764,0.24064285051238127,DOM,4418,2e-05,333619,0.040848,0.8,0.474,0.103,-0.103,Wood carpentry for construction,44,Wood,1,Agriculture,0.8878151424229436
paises_interes,2022,4419,327292700,0.7338636856298933,DOM,4419,3e-06,6962,0.006583,0.829,0.393,-0.328,-0.103,Wooden kitchenware,44,Wood,1,Agriculture,0.25122091353059467
paises_interes,2022,4420,827358429,0.8694111937763322,DOM,4420,2.1e-05,50392,0.044695,0.801,0.249,-0.596,-0.103,"Wood marquetry, ornaments, etc.",44,Wood,1,Agriculture,0.7812946499444356
paises_interes,2022,4421,1377958225,0.6116407954970237,DOM,4421,1.3e-05,109285,0.026265,0.802,0.324,-0.423,-0.103,Other articles of wood,44,Wood,1,Agriculture,0.21818181818181817
paises_interes,2022,4501,215847,0.05365404405733121,DOM,4501,0.0,0,0.0,0.837,0.22,-0.858,-0.103,"Natural cork, raw",45,Cork,1,Agriculture,
paises_interes,2022,4503,1213653,0.009117586373169234,DOM,4503,8e-06,5257,0.016528,0.844,0.364,-0.352,-0.103,Articles of natural cork,45,Cork,1,Agriculture,0.0
paises_interes,2022,4504,5984828,0.04780312832821873,DOM,4504,1.7e-05,19777,0.036491,0.842,0.228,-0.675,-0.103,Agglomerated cork,45,Cork,1,Agriculture,0.0
paises_interes,2022,4601,70890196,0.798918054495099,DOM,4601,0.0,0,0.0,0.783,0.043,-1.471,-0.103,Products of plaiting materials,46,Manufactues of plaiting materials,1,Agriculture,
paises_interes,2022,4602,661029364,0.7339254771866403,DOM,4602,5.8e-05,156346,0.120564,0.78,-0.022,-1.445,-0.103,Basketwork,46,Manufactues of plaiting materials,1,Agriculture,0.951274736801709
paises_interes,2022,4701,0,0.0,DOM,4701,0.0,0,0.0,0.873,0.792,0.772,-0.103,Mechanical woodpulp,47,Pulp of wood,1,Agriculture,
paises_interes,2022,4703,184531,5.311308087152729e-05,DOM,4703,1e-06,30608,0.001706,0.872,0.218,-0.422,-0.103,"Chemical woodpulp, soda or sulfate",47,Pulp of wood,1,Agriculture,0.0
paises_interes,2022,4704,0,0.0,DOM,4704,0.0,0,0.0,0.889,0.779,1.046,-0.103,"Chemical woodpulp, sulfite",47,Pulp of wood,1,Agriculture,
paises_interes,2022,4706,8618261,0.22020822768381254,DOM,4706,0.0,0,0.0,0.846,0.35,-0.291,-0.103,Pulps of recovered paper fibers,47,Pulp of wood,1,Agriculture,
paises_interes,2022,4707,522053,0.0035392684441621935,DOM,4707,0.002449,21601881,5.186758,0.751,0.0,0.016,-0.103,Paper waste,47,Pulp of wood,1,Agriculture,0.1329604583971183
paises_interes,2022,4801,11730875,0.006555121058634889,DOM,4801,0.000163,1330050,0.34039,0.873,0.955,0.748,-0.103,Newsprint,48,Paper and paperboard,1,Agriculture,0.1557768504943423
paises_interes,2022,4802,48329893,0.03992119223668029,DOM,4802,0.000402,5532478,0.841771,0.85,0.685,0.379,-0.103,Paper used for graphic purposes,48,Paper and paperboard,1,Agriculture,0.6541491895674958
paises_interes,2022,4803,153533075,0.29028694125888654,DOM,4803,4e-06,21173,0.008565,0.773,0.045,-0.736,-0.103,Tissue,48,Paper and paperboard,1,Agriculture,0.0
paises_interes,2022,4804,3591866,0.004314660824718292,DOM,4804,0.000233,3799741,0.488439,0.824,0.372,-0.034,-0.103,Uncoated kraft paper and paperboard,48,Paper and paperboard,1,Agriculture,0.083409895569198
paises_interes,2022,4805,60294245,0.05475404236575678,DOM,4805,0.000122,2448594,0.261127,0.813,0.512,-0.018,-0.103,Other uncoated paper and paperboard,48,Paper and paperboard,1,Agriculture,0.11253723565442046
paises_interes,2022,4806,2512506,0.0084390643122375,DOM,4806,2.8e-05,71610,0.063502,0.878,0.972,1.289,-0.103,Transparent paper,48,Paper and paperboard,1,Agriculture,1.0
paises_interes,2022,4807,1332482,0.012128400693621,DOM,4807,3.7e-05,30479,0.077725,0.845,0.777,0.758,-0.103,Uncoated composite paper,48,Paper and paperboard,1,Agriculture,0.0
paises_interes,2022,4808,8406691,0.0907940264558051,DOM,4808,0.001065,2494610,2.232054,0.768,0.0,0.103,-0.103,Corrugated paper and paperboard,48,Paper and paperboard,1,Agriculture,0.8942279554719976
paises_interes,2022,4809,5640153,0.05226941625005025,DOM,4809,0.000417,417131,0.875786,0.857,0.687,0.06,-0.103,Carbon paper,48,Paper and paperboard,1,Agriculture,0.04804725613776008
paises_interes,2022,4810,88209700,0.028513220637867008,DOM,4810,6.7e-05,1957936,0.140904,0.867,0.924,0.571,-0.103,"Paper and paperboard, coated with kaolin",48,Paper and paperboard,1,Agriculture,0.5721254423025063
paises_interes,2022,4811,151354931,0.08804951050171275,DOM,4811,0.000198,4285986,0.422965,0.827,0.723,0.499,-0.103,"Cellulose wadding, coated",48,Paper and paperboard,1,Agriculture,0.5362693671887869
paises_interes,2022,4812,1502109,0.049510940250333806,DOM,4812,0.0,0,0.0,0.847,0.908,0.958,-0.103,Filter blocks of paper pulp,48,Paper and paperboard,1,Agriculture,
paises_interes,2022,4813,51013221,0.18222805197684644,DOM,4813,0.007619,17450182,15.95941,0.781,0.0,0.029,-0.103,Cigarette paper,48,Paper and paperboard,1,Agriculture,0.8424106980660717
paises_interes,2022,4814,21731767,0.17304024742568222,DOM,4814,1e-06,953,0.0014,0.845,0.898,0.313,-0.103,Wallpaper,48,Paper and paperboard,1,Agriculture,0.0
paises_interes,2022,4816,10590764,0.3830020544281517,DOM,4816,2.6e-05,12351,0.055897,0.85,1.013,0.857,-0.103,Other carbon paper,48,Paper and paperboard,1,Agriculture,0.0
paises_interes,2022,4817,85169271,0.3586061039533931,DOM,4817,0.000455,521213,0.958522,0.793,0.473,-0.088,-0.103,Letterstock,48,Paper and paperboard,1,Agriculture,0.36876094801933185
paises_interes,2022,4818,959727889,0.30613456220866886,DOM,4818,0.00072,20718069,1.508408,0.751,0.0,-0.308,-0.103,Toilet paper,48,Paper and paperboard,1,Agriculture,0.7115866831025613
paises_interes,2022,4819,1841157991,0.435233368634909,DOM,4819,0.00153,47965736,3.211046,0.736,0.0,-0.496,-0.103,Cardboard packing containers,48,Paper and paperboard,1,Agriculture,0.16890461140844373
paises_interes,2022,4820,664217996,0.6450850977681705,DOM,4820,0.000319,1518402,0.671738,0.766,-0.003,-0.971,-0.103,Notebooks,48,Paper and paperboard,1,Agriculture,0.590238289991715
paises_interes,2022,4821,157501707,0.2936476797613866,DOM,4821,0.002245,12159786,5.005183,0.75,0.0,0.007,-0.103,Paper labels,48,Paper and paperboard,1,Agriculture,0.10788298412488509
paises_interes,2022,4822,12819904,0.37930441617497507,DOM,4822,0.000266,158243,0.567519,0.791,0.537,0.319,-0.103,"Bobbins, spools, cops of paper",48,Paper and paperboard,1,Agriculture,0.19731046554981896
paises_interes,2022,4823,1229571218,0.5444919269257849,DOM,4823,0.00064,9273388,1.359766,0.783,0.0,-0.076,-0.103,Other paper cut to size,48,Paper and paperboard,1,Agriculture,0.622309235847783
paises_interes,2022,4901,645037188,0.27311133531153475,DOM,4901,9.9e-05,1379117,0.208818,0.804,0.731,0.49,-0.103,"Books, brochures etc.",49,Products of the printing industry,1,Agriculture,0.4727205886085082
paises_interes,2022,4902,1466157,0.008402464138716178,DOM,4902,1.1e-05,24659,0.022054,0.835,1.118,0.938,-0.103,"Newspapers, journals and periodicals",49,Products of the printing industry,1,Agriculture,0.6074050042580802
paises_interes,2022,4903,327343682,0.9032209724347725,DOM,4903,3.3e-05,38905,0.070544,0.835,0.592,0.281,-0.103,Children's books,49,Products of the printing industry,1,Agriculture,0.0
paises_interes,2022,4904,533113,0.07338929836393074,DOM,4904,0.0,0,0.0,0.897,0.003,0.9,-0.103,"Music, printed or in manuscript",49,Products of the printing industry,1,Agriculture,
paises_interes,2022,4905,1701834,0.10053788287801042,DOM,4905,0.0,0,0.0,0.82,0.003,0.531,-0.103,Maps,49,Products of the printing industry,1,Agriculture,
paises_interes,2022,4906,153211,0.02299790376848838,DOM,4906,2.2e-05,1813,0.043519,0.852,0.004,0.651,-0.103,"Architectural, engineering, etc. drawings",49,Products of the printing industry,1,Agriculture,0.0
paises_interes,2022,4907,1754036,0.0013336785264535542,DOM,4907,1.1e-05,46319,0.023981,0.774,-0.104,-1.17,-0.103,Unused stamps,49,Products of the printing industry,1,Agriculture,0.0
paises_interes,2022,4908,46935855,0.3759976824833477,DOM,4908,0.000333,390184,0.829095,0.843,1.042,0.419,-0.103,Transfers (decalcomanias),49,Products of the printing industry,1,Agriculture,0.02306091485042954
paises_interes,2022,4909,320257284,0.8939800609547383,DOM,4909,1.9e-05,18671,0.039812,0.858,0.503,-0.221,-0.103,Printed or illustrated postcards,49,Products of the printing industry,1,Agriculture,1.0
paises_interes,2022,4910,64617543,0.5835335630031289,DOM,4910,8.6e-05,39718,0.181019,0.823,0.792,0.065,-0.103,Calendars,49,Products of the printing industry,1,Agriculture,0.91303691021703
paises_interes,2022,4911,407653992,0.26704553111524576,DOM,4911,0.000374,3876655,0.784456,0.796,0.768,0.481,-0.103,Other printed matter,49,Products of the printing industry,1,Agriculture,0.522545596654848
paises_interes,2022,5004,9706871,0.8065910675188099,DOM,5004,0.0,0,0.0,0.852,0.348,-0.593,-0.103,Silk yarn,50,Silk,0,Textiles,
paises_interes,2022,5007,9259564,0.1758221902039453,DOM,5007,0.0,0,0.0,0.848,0.468,-0.408,-0.103,Woven silk fabrics,50,Silk,0,Textiles,
paises_interes,2022,5101,701130,0.04864926187913004,DOM,5101,0.0,0,0.0,0.833,-0.258,-2.071,-0.103,Wool,51,Wool,0,Textiles,
paises_interes,2022,5102,58177,0.007056952348073921,DOM,5102,8e-06,3909,0.016692,0.83,-0.001,-2.191,-0.103,Animal hair,51,Wool,0,Textiles,0.0
paises_interes,2022,5103,407171,0.19165587976408455,DOM,5103,0.000213,16384,0.422489,0.847,0.001,-0.562,-0.103,Wool or animal hair waste,51,Wool,0,Textiles,1.0
paises_interes,2022,5105,6111359,0.47957628067634567,DOM,5105,2.1e-05,44478,0.044647,0.858,0.478,-0.573,-0.103,"Wool, combed",51,Wool,0,Textiles,1.0
paises_interes,2022,5106,603775,0.03119154571822257,DOM,5106,0.0,0,0.0,0.839,0.774,0.24,-0.103,"Yarn of carded wool, not for retail sale",51,Wool,0,Textiles,
paises_interes,2022,5111,1358928,0.021836906368845405,DOM,5111,2e-06,2171,0.004932,0.856,0.884,1.048,-0.103,Woven fabrics of carded wool,51,Wool,0,Textiles,1.0
paises_interes,2022,5112,1568362,0.023100196614183832,DOM,5112,1.5e-05,26447,0.031268,0.842,0.735,0.102,-0.103,Woven fabrics of combed wool,51,Wool,0,Textiles,0.49971641395999544
paises_interes,2022,5201,4968,0.0005189254774756782,DOM,5201,0.0,0,0.0,0.769,-0.447,-2.524,-0.103,Raw cotton,52,Cotton,0,Textiles,
paises_interes,2022,5202,1148433,0.06376083865634612,DOM,5202,0.000378,171847,0.790395,0.758,-0.257,-1.867,-0.103,Cotton waste,52,Cotton,0,Textiles,0.0
paises_interes,2022,5203,25437,0.0169049297904113,DOM,5203,0.0,0,0.0,0.766,-0.161,-1.566,-0.103,"Cotton, carded or combed",52,Cotton,0,Textiles,
paises_interes,2022,5204,1830028,0.1621598008105562,DOM,5204,0.017317,2346772,34.301308,0.767,0.0,-1.083,-0.103,Cotton sewing thread,52,Cotton,0,Textiles,0.022881643380780067
paises_interes,2022,5205,8747126,0.08104425974797516,DOM,5205,4e-06,45232,0.007479,0.774,-0.173,-1.69,-0.103,Cotton yarn of > 85%,52,Cotton,0,Textiles,0.0
paises_interes,2022,5206,5849723,0.2507883272012327,DOM,5206,0.000105,186448,0.220966,0.789,0.065,-1.125,-0.103,Cotton yarn of < 85%,52,Cotton,0,Textiles,0.0
paises_interes,2022,5207,4992900,0.0716135253449975,DOM,5207,0.000104,34291,0.223693,0.797,0.256,-0.57,-0.103,Cotton yarn for retail sale,52,Cotton,0,Textiles,0.0
paises_interes,2022,5208,78612394,0.21069117771913315,DOM,5208,0.00191,20968428,4.004736,0.783,0.0,-1.29,-0.103,Woven fabrics of cotton of > 85% weighing < 200 g/m2,52,Cotton,0,Textiles,0.007521260058217049
paises_interes,2022,5209,22627802,0.14654592544555228,DOM,5209,0.00234,14851922,4.977962,0.764,-0.0,-1.204,-0.103,Woven fabrics of cotton of < 85% weighing > 200 g/m2,52,Cotton,0,Textiles,0.0013007744048211404
paises_interes,2022,5210,22564862,0.2628407213809928,DOM,5210,2e-05,39630,0.042773,0.821,0.344,-1.11,-0.103,Woven fabrics of cotton of < 85% weighing < 200 g/m2,52,Cotton,0,Textiles,0.0
paises_interes,2022,5211,3535859,0.07478052331280607,DOM,5211,0.000313,1291557,0.666612,0.831,0.268,-0.857,-0.103,Woven fabrics of cotton of < 85% weighing > 200 g/m2,52,Cotton,0,Textiles,0.0019797809930185042
paises_interes,2022,5212,3008052,0.09921300512250847,DOM,5212,0.203905,141959111,428.680756,0.793,0.0,-1.171,-0.103,Other woven cotton fabrics,52,Cotton,0,Textiles,0.0
paises_interes,2022,5301,20633,0.0010289662502261602,DOM,5301,1e-06,967,0.001598,0.847,0.383,-0.125,-0.103,"Flax, raw or processed",53,Other vegetable textile fibres,0,Textiles,0.0
paises_interes,2022,5303,73646,0.014759175886224923,DOM,5303,0.000435,105075,0.861695,0.828,-0.001,-2.383,-0.103,Textile bast fibers,53,Other vegetable textile fibres,0,Textiles,0.4069759695455627
paises_interes,2022,5305,670734,0.010325328815111045,DOM,5305,0.000829,600302,1.724401,0.71,-0.0,-2.09,-0.103,Vegetable textile fibers,53,Other vegetable textile fibres,0,Textiles,0.9267468707417267
paises_interes,2022,5306,1572547,0.41974613658251175,DOM,5306,0.0,0,0.0,0.828,0.354,-0.574,-0.103,Flax yarn,53,Other vegetable textile fibres,0,Textiles,
paises_interes,2022,5309,20367144,0.14930731265495556,DOM,5309,0.0,0,0.0,0.847,0.754,0.579,-0.103,Woven fabrics of flax,53,Other vegetable textile fibres,0,Textiles,
paises_interes,2022,5311,1151327,0.117512876304395,DOM,5311,0.012024,1751171,23.815521,0.818,0.0,-0.223,-0.103,Woven fabrics of vegetable textile fibers,53,Other vegetable textile fibres,0,Textiles,1.0
paises_interes,2022,5401,9323138,0.17797023399790096,DOM,5401,0.003437,4278920,7.408056,0.758,0.0,-0.577,-0.103,Synthetic sowing thread,54,Man-made filaments,0,Textiles,0.053553233058809234
paises_interes,2022,5402,386587439,0.31793886622198236,DOM,5402,0.001397,26517559,3.059887,0.783,0.0,0.049,-0.103,Synthetic filament yarn,54,Man-made filaments,0,Textiles,0.7729274779778939
paises_interes,2022,5403,735800,0.03184136612356467,DOM,5403,0.0,0,0.0,0.861,1.032,0.733,-0.103,Artificial filament yarn,54,Man-made filaments,0,Textiles,
paises_interes,2022,5404,60966716,0.26822715674048586,DOM,5404,2.7e-05,43287,0.056984,0.828,0.917,0.393,-0.103,"Synthetic monofilament >67 dtex, thickness < 1mm",54,Man-made filaments,0,Textiles,0.24813454385843325
paises_interes,2022,5406,25111799,0.8069097307820147,DOM,5406,0.0,0,0.0,0.849,0.002,-0.456,-0.103,Synthetic filament yarn for retail sale,54,Man-made filaments,0,Textiles,
paises_interes,2022,5407,315836549,0.33432683778291994,DOM,5407,5.3e-05,1679260,0.117078,0.817,0.166,-0.517,-0.103,Woven fabrics of synthetic filament yarn,54,Man-made filaments,0,Textiles,0.1430963638745638
paises_interes,2022,5408,4291264,0.14475122064557705,DOM,5408,7e-05,87062,0.149369,0.836,0.796,0.149,-0.103,Woven fabrics of artificial filament yarn,54,Man-made filaments,0,Textiles,0.9675288874595116
paises_interes,2022,5501,3476922,0.03358352704663228,DOM,5501,0.0,0,0.0,0.835,0.331,-0.306,-0.103,Synthetic filament tow,55,Man-made staple fibres,0,Textiles,
paises_interes,2022,5502,806492,0.1711153564454161,DOM,5502,8.5e-05,151390,0.175969,0.851,0.65,0.131,-0.103,Artificial filament tow,55,Man-made staple fibres,0,Textiles,1.0
paises_interes,2022,5503,151875019,0.18881362150016778,DOM,5503,1e-06,5476,0.001689,0.813,0.476,0.47,-0.103,Synthetic staple fibers,55,Man-made staple fibres,0,Textiles,0.0
paises_interes,2022,5504,84101422,0.3475609227421996,DOM,5504,0.0,0,0.0,0.859,0.749,0.788,-0.103,"Artificial staple fibers, not processed for spinning",55,Man-made staple fibres,0,Textiles,
paises_interes,2022,5505,689310,0.09753968107972724,DOM,5505,9.8e-05,22329,0.206595,0.772,0.239,-0.426,-0.103,Waste of man-made fibers,55,Man-made staple fibres,0,Textiles,1.0
paises_interes,2022,5506,628125,0.025522654182125352,DOM,5506,0.0,0,0.0,0.825,0.648,0.422,-0.103,"Synthetic staple fibers, processed",55,Man-made staple fibres,0,Textiles,
paises_interes,2022,5508,7528776,0.5759677736098541,DOM,5508,8.7e-05,64347,0.188509,0.784,0.155,-0.663,-0.103,Synthetic staple fibers sewing thread,55,Man-made staple fibres,0,Textiles,0.0
paises_interes,2022,5509,45942400,0.2780975099854127,DOM,5509,5e-06,32722,0.01147,0.79,0.258,-0.556,-0.103,"Yarn of synthetic staple fibers, not for retail sale",55,Man-made staple fibres,0,Textiles,0.968919992665485
paises_interes,2022,5512,28464740,0.21761659298674144,DOM,5512,0.001882,5743024,4.021076,0.802,0.0,-0.562,-0.103,Woven fabrics of > 85% synthetic staple fibers,55,Man-made staple fibres,0,Textiles,0.05700533377537687
paises_interes,2022,5513,16285267,0.39504310896376565,DOM,5513,0.000524,1376418,1.103505,0.756,0.0,-1.627,-0.103,Woven fabrics of < 85% synthetic staple fibers weighing < 170 g/m2,55,Man-made staple fibres,0,Textiles,0.15503720526758585
paises_interes,2022,5514,11015961,0.38359424694343147,DOM,5514,0.000292,543185,0.614757,0.796,0.274,-0.731,-0.103,Woven fabrics of < 85% synthetic staple fibers weighing > 170 g/m2,55,Man-made staple fibres,0,Textiles,0.009203126006793266
paises_interes,2022,5515,13265408,0.18615026527456277,DOM,5515,0.000499,2010010,1.059482,0.795,0.0,-0.065,-0.103,Other woven fabrics of synthetic staple fibers,55,Man-made staple fibres,0,Textiles,0.6999019905373605
paises_interes,2022,5516,25555146,0.41157242605798555,DOM,5516,1e-06,2400,0.001072,0.849,0.002,-0.523,-0.103,Woven fabrics of artificial staple fibers,55,Man-made staple fibres,0,Textiles,0.0
paises_interes,2022,5601,66413331,0.29180199618143887,DOM,5601,0.000453,1218134,0.951677,0.808,0.617,0.318,-0.103,Wadding of textile materials,56,"Wadding, felt and nonwovens",0,Textiles,0.7252067506530481
paises_interes,2022,5602,39257213,0.22896121367809913,DOM,5602,0.000339,463647,0.729912,0.836,0.959,0.658,-0.103,Felt,56,"Wadding, felt and nonwovens",0,Textiles,0.6090215185259475
paises_interes,2022,5603,299335884,0.1820700061573828,DOM,5603,7.7e-05,1321373,0.168501,0.836,1.068,0.828,-0.103,Nonwoven textiles,56,"Wadding, felt and nonwovens",0,Textiles,0.07163155293773976
paises_interes,2022,5604,52686544,0.6039950525330181,DOM,5604,0.000109,92026,0.232559,0.838,0.732,0.076,-0.103,Rubber textiles,56,"Wadding, felt and nonwovens",0,Textiles,0.011290287527437898
paises_interes,2022,5605,1245129,0.1598273222236827,DOM,5605,0.0,0,0.0,0.859,0.917,0.712,-0.103,Metallised yarn,56,"Wadding, felt and nonwovens",0,Textiles,
paises_interes,2022,5606,18960984,0.42043508249346395,DOM,5606,0.0,0,0.0,0.839,0.882,0.708,-0.103,Gimp yarn,56,"Wadding, felt and nonwovens",0,Textiles,
paises_interes,2022,5607,189322564,0.41577106151070126,DOM,5607,0.000501,1581325,1.073234,0.754,0.0,-0.758,-0.103,Twine and ropes of baste fibers,56,"Wadding, felt and nonwovens",0,Textiles,0.9854634562787535
paises_interes,2022,5608,103325120,0.5966009025676304,DOM,5608,0.000423,933405,0.902465,0.791,0.142,-0.636,-0.103,Nets,56,"Wadding, felt and nonwovens",0,Textiles,0.0
paises_interes,2022,5609,125269761,0.7195946248689252,DOM,5609,0.00018,158136,0.387735,0.803,0.324,-0.383,-0.103,"Articles of yarn, rope etc not elsewhere clasified",56,"Wadding, felt and nonwovens",0,Textiles,0.03537461425608337
paises_interes,2022,5701,11100743,0.027913920839457745,DOM,5701,0.0,0,0.0,0.821,0.165,-0.995,-0.103,"Carpets, knotted",57,Carpets,0,Textiles,
paises_interes,2022,5702,144390865,0.10191885435305151,DOM,5702,0.0,0,0.0,0.802,0.084,-0.826,-0.103,Woven carpets and rugs,57,Carpets,0,Textiles,
paises_interes,2022,5703,378893372,0.3684152990068478,DOM,5703,1e-06,6006,0.001915,0.832,0.581,0.026,-0.103,"Carpets, tufted",57,Carpets,0,Textiles,0.0
paises_interes,2022,5704,10364882,0.2199170522419807,DOM,5704,0.0,0,0.0,0.823,0.438,0.032,-0.103,Carpets of felt,57,Carpets,0,Textiles,
paises_interes,2022,5705,334999352,0.6409881274724801,DOM,5705,4e-06,9370,0.007501,0.831,0.143,-0.957,-0.103,Other carpets,57,Carpets,0,Textiles,0.0
paises_interes,2022,5801,136542189,0.5972841939719095,DOM,5801,4.7e-05,100911,0.098992,0.845,0.733,0.288,-0.103,Woven pile fabrics,58,Special woven fabrics,0,Textiles,0.6630397082577717
paises_interes,2022,5802,1788381,0.31275495553285204,DOM,5802,0.0,0,0.0,0.798,0.152,-0.914,-0.103,Terry cloth,58,Special woven fabrics,0,Textiles,
paises_interes,2022,5803,6815930,0.5394133503009698,DOM,5803,4.4e-05,3301,0.086492,0.867,0.003,0.295,-0.103,Gauze,58,Special woven fabrics,0,Textiles,1.0
paises_interes,2022,5804,21212653,0.6341569207254111,DOM,5804,8.5e-05,135011,0.16747,0.832,0.001,-0.486,-0.103,Lace and net fabrics,58,Special woven fabrics,0,Textiles,0.0
paises_interes,2022,5806,151153309,0.3461606057344084,DOM,5806,0.001046,4666223,2.455662,0.77,0.0,-0.178,-0.103,Narrow woven fabrics,58,Special woven fabrics,0,Textiles,0.018435038359718343
paises_interes,2022,5807,13579749,0.3598822606726806,DOM,5807,0.000841,1012189,2.214048,0.759,0.0,-0.666,-0.103,Labels and badges of textiles,58,Special woven fabrics,0,Textiles,0.3935292717071614
paises_interes,2022,5808,20991266,0.31538488397781556,DOM,5808,6.7e-05,33166,0.15144,0.795,0.24,-0.568,-0.103,Braids in piece,58,Special woven fabrics,0,Textiles,0.22912018332026773
paises_interes,2022,5810,72398440,0.507026662046275,DOM,5810,0.002209,4187092,4.73275,0.775,0.0,-0.838,-0.103,Embroidery in the piece,58,Special woven fabrics,0,Textiles,0.9920135502157583
paises_interes,2022,5811,7272390,0.3056196326381742,DOM,5811,0.008018,1939001,16.927204,0.783,0.0,-0.098,-0.103,Quilted textile products,58,Special woven fabrics,0,Textiles,0.014358424776469945
paises_interes,2022,5901,86325968,0.7351338422080088,DOM,5901,0.01062,6791783,22.297812,0.79,0.0,-0.491,-0.103,Stiffened textiles,59,"Impregnated, coated or laminated textile fabrics",0,Textiles,0.6894996497974096
paises_interes,2022,5902,313581244,0.677607987688544,DOM,5902,3e-06,9876,0.006854,0.845,0.677,0.693,-0.103,Tire cord fabric,59,"Impregnated, coated or laminated textile fabrics",0,Textiles,1.0
paises_interes,2022,5903,309542271,0.27149161294544083,DOM,5903,1.7e-05,235992,0.037089,0.853,0.913,0.803,-0.103,Textile fabrics impregnated with plastics,59,"Impregnated, coated or laminated textile fabrics",0,Textiles,0.24727956879894233
paises_interes,2022,5905,16589060,0.3969588216235411,DOM,5905,0.0,0,0.0,0.864,0.004,0.88,-0.103,Textile wall coverings,59,"Impregnated, coated or laminated textile fabrics",0,Textiles,
paises_interes,2022,5906,31291768,0.21164295827944066,DOM,5906,2.9e-05,48424,0.063953,0.849,0.994,0.914,-0.103,Rubberized textile fabrics,59,"Impregnated, coated or laminated textile fabrics",0,Textiles,0.029262349248306625
paises_interes,2022,5907,35869562,0.3248510668272811,DOM,5907,2.3e-05,20076,0.048339,0.859,0.748,0.963,-0.103,"Other textile fabrics impregnated, coated or covered",59,"Impregnated, coated or laminated textile fabrics",0,Textiles,0.0
paises_interes,2022,5908,2251041,0.2661551520302326,DOM,5908,7.8e-05,4166,0.153552,0.843,0.002,-0.302,-0.103,Textile wicks,59,"Impregnated, coated or laminated textile fabrics",0,Textiles,1.0
paises_interes,2022,5909,21949687,0.3054596861569193,DOM,5909,0.000104,38505,0.217871,0.854,1.178,1.013,-0.103,Textile hosepiping and similar tubing,59,"Impregnated, coated or laminated textile fabrics",0,Textiles,0.34125438254772106
paises_interes,2022,5910,8413910,0.10341337094372262,DOM,5910,9e-06,5772,0.018509,0.854,1.277,0.973,-0.103,"Transmission belts or belting, of textile material",59,"Impregnated, coated or laminated textile fabrics",0,Textiles,0.6644144144144144
paises_interes,2022,5911,92097743,0.13458626356193693,DOM,5911,9e-05,479594,0.189276,0.835,1.156,1.186,-0.103,Textile articles for technical use,59,"Impregnated, coated or laminated textile fabrics",0,Textiles,0.029341484672452116
paises_interes,2022,6001,82906797,0.6269761894419392,DOM,6001,1e-06,7917,0.002194,0.838,0.001,-0.333,-0.103,"Pile fabrics, knit",60,Knitted fabrics,0,Textiles,1.0
paises_interes,2022,6002,325078421,0.30114071820705646,DOM,6002,0.000124,4177188,0.28172,0.776,0.011,-0.783,-0.103,Other knitted fabrics,60,Knitted fabrics,0,Textiles,0.13486201722306967
paises_interes,2022,6101,464628238,0.5691570762269905,DOM,6101,0.002215,7306346,4.636293,0.729,-0.0,-1.025,-0.103,"Men's overcoats, knit",61,"Apparel, knit",0,Textiles,0.992626820574881
paises_interes,2022,6102,510571503,0.696677176081271,DOM,6102,0.001829,7528071,3.83363,0.732,0.0,-1.058,-0.103,"Women's overcoats, knit",61,"Apparel, knit",0,Textiles,0.9904041818946713
paises_interes,2022,6103,2286489355,0.5939289345876277,DOM,6103,0.000173,2887400,0.363039,0.744,-0.222,-1.421,-0.103,"Men's suits, knit",61,"Apparel, knit",0,Textiles,0.9416952968068159
paises_interes,2022,6104,7518009244,0.7732888328340318,DOM,6104,0.000286,11990950,0.600759,0.738,-0.182,-1.235,-0.103,"Women's suits, knit",61,"Apparel, knit",0,Textiles,0.9582026444943895
paises_interes,2022,6105,849000944,0.3346022174931346,DOM,6105,0.000348,3115445,0.734328,0.735,-0.304,-1.546,-0.103,"Men's shirts, knit",61,"Apparel, knit",0,Textiles,0.5031233098321427
paises_interes,2022,6106,470434043,0.4021366114227223,DOM,6106,0.001014,4059510,2.137557,0.709,-0.0,-1.361,-0.103,"Women's shirts, knit",61,"Apparel, knit",0,Textiles,0.9341930430027269
paises_interes,2022,6107,1341345484,0.6297483792125458,DOM,6107,8.9e-05,786253,0.186532,0.745,-0.16,-1.382,-0.103,"Men's undergarments, knit",61,"Apparel, knit",0,Textiles,0.48334823523725823
paises_interes,2022,6108,2721125455,0.6761108471781806,DOM,6108,0.000316,4801404,0.661061,0.758,-0.151,-1.48,-0.103,"Women's undergarments, knit",61,"Apparel, knit",0,Textiles,0.875637417721983
paises_interes,2022,6109,3915804499,0.34252600543396494,DOM,6109,0.007242,371039528,15.311175,0.72,-0.0,-1.362,-0.103,"T-shirts, knit",61,"Apparel, knit",0,Textiles,0.6066114255082817
paises_interes,2022,6110,9644879932,0.6352883936624402,DOM,6110,0.000968,61997208,2.035192,0.72,-0.0,-1.233,-0.103,"Sweaters, pullovers, sweatshirts etc., knit",61,"Apparel, knit",0,Textiles,0.9876714932065973
paises_interes,2022,6111,1282800495,0.596545205202101,DOM,6111,6e-06,51697,0.012589,0.755,-0.219,-1.416,-0.103,"Babies' garments, knit",61,"Apparel, knit",0,Textiles,0.05992610789794379
paises_interes,2022,6112,1262991809,0.8191479981616357,DOM,6112,0.001008,6284784,2.118342,0.741,-0.0,-1.049,-0.103,"Activewear, knit",61,"Apparel, knit",0,Textiles,0.9812712736030387
paises_interes,2022,6113,181421080,0.6633706873551868,DOM,6113,2e-06,3375,0.004317,0.773,0.236,-0.877,-0.103,Garments knit with impregnated fibers,61,"Apparel, knit",0,Textiles,1.0
paises_interes,2022,6114,1552020261,0.46928143030023206,DOM,6114,0.000387,3951631,0.811279,0.749,-0.143,-1.237,-0.103,"Other garments, knit",61,"Apparel, knit",0,Textiles,0.5433867686532472
paises_interes,2022,6115,1818256865,0.6509137274391643,DOM,6115,0.000302,4495200,0.632096,0.765,0.102,-0.975,-0.103,"Socks, stockings, etc., knit",61,"Apparel, knit",0,Textiles,0.772617013703506
paises_interes,2022,6116,879392345,0.7084469570886599,DOM,6116,1.1e-05,61035,0.022134,0.793,0.107,-1.037,-0.103,"Gloves, knit",61,"Apparel, knit",0,Textiles,0.06047349881215696
paises_interes,2022,6117,329494815,0.7311823553862866,DOM,6117,0.000699,2366876,1.495251,0.748,0.0,-1.186,-0.103,"Other clothing accesories, knit",61,"Apparel, knit",0,Textiles,0.2225811576102846
paises_interes,2022,6201,1644576223,0.6791275353581635,DOM,6201,0.000527,9408412,1.10395,0.752,0.0,-1.071,-0.103,"Men's overcoats, not knit",62,"Apparel, not knit",0,Textiles,0.9749160644750676
paises_interes,2022,6202,1521718868,0.6664143908324435,DOM,6202,0.000365,7795793,0.76249,0.793,0.395,-0.336,-0.103,"Womens overcoats, not knit",62,"Apparel, not knit",0,Textiles,0.9868840796568098
paises_interes,2022,6203,4409847967,0.3975072116874452,DOM,6203,0.000256,12543061,0.536571,0.741,-0.154,-1.302,-0.103,Men's suits and pants,62,"Apparel, not knit",0,Textiles,0.8547466204621025
paises_interes,2022,6204,9284394379,0.6299368009015158,DOM,6204,0.000114,8093034,0.239896,0.755,-0.058,-1.162,-0.103,Women's suits and pants,62,"Apparel, not knit",0,Textiles,0.9360546366171204
paises_interes,2022,6205,1424231760,0.4030080242026247,DOM,6205,0.000846,10537846,1.777512,0.728,-0.0,-1.272,-0.103,Men's shirts,62,"Apparel, not knit",0,Textiles,0.9550473597735248
paises_interes,2022,6206,1221555349,0.5611061691781531,DOM,6206,0.000198,2229996,0.414345,0.755,-0.048,-0.905,-0.103,Women's shirts,62,"Apparel, not knit",0,Textiles,0.8411804326106415
paises_interes,2022,6207,176851680,0.48884486786923775,DOM,6207,0.00169,2469295,3.533068,0.733,-0.0,-1.545,-0.103,Men's undergarments,62,"Apparel, not knit",0,Textiles,0.9597156273349275
paises_interes,2022,6208,443528566,0.7397742191708994,DOM,6208,0.002176,6261172,4.560823,0.741,-0.0,-1.108,-0.103,Women's undergarments,62,"Apparel, not knit",0,Textiles,0.9637021631093987
paises_interes,2022,6209,220291230,0.48604983533871293,DOM,6209,2.4e-05,53942,0.050961,0.757,-0.189,-1.327,-0.103,Babies' garments,62,"Apparel, not knit",0,Textiles,0.7905713544177079
paises_interes,2022,6210,1386523343,0.6227879641842015,DOM,6210,0.00028,3487688,0.588365,0.772,0.042,-0.899,-0.103,Garments made of textile felts and nonwoven fabric,62,"Apparel, not knit",0,Textiles,0.9380199719699698
paises_interes,2022,6211,1841228338,0.5589936145097747,DOM,6211,0.000209,3192077,0.438449,0.746,-0.105,-1.077,-0.103,Activewear,62,"Apparel, not knit",0,Textiles,0.8886975470829808
paises_interes,2022,6212,1875451415,0.6512058330892871,DOM,6212,0.003068,37116957,6.47009,0.731,-0.0,-1.297,-0.103,Brassieres,62,"Apparel, not knit",0,Textiles,0.8224972483600959
paises_interes,2022,6213,18029160,0.6562911532016906,DOM,6213,0.0,0,0.0,0.83,0.002,-0.725,-0.103,Handkerchiefs,62,"Apparel, not knit",0,Textiles,
paises_interes,2022,6214,206537500,0.5138264269837142,DOM,6214,0.00014,477451,0.294784,0.827,0.358,-0.619,-0.103,"Shawls, scarves, etc.",62,"Apparel, not knit",0,Textiles,0.9924348257726971
paises_interes,2022,6215,66981057,0.6548560288792231,DOM,6215,0.000246,125807,0.514457,0.867,0.728,0.054,-0.103,"Ties, bow ties and cravats",62,"Apparel, not knit",0,Textiles,1.0
paises_interes,2022,6216,316091666,0.8072353474576957,DOM,6216,6e-06,8062,0.01304,0.815,0.313,-0.546,-0.103,Gloves,62,"Apparel, not knit",0,Textiles,0.7913669064748201
paises_interes,2022,6217,82821063,0.220049403512495,DOM,6217,0.006653,19877909,14.388244,0.749,0.0,-0.626,-0.103,Other clothing accesories,62,"Apparel, not knit",0,Textiles,0.6971890252641765
paises_interes,2022,6301,1706278763,0.8747729903665665,DOM,6301,0.00111,6309412,2.198204,0.801,0.0,-1.177,-0.103,Blankets,63,Other made up textile articles,0,Textiles,0.9971807198515488
paises_interes,2022,6302,2794985874,0.473121190586341,DOM,6302,0.000652,14587703,1.357597,0.747,-0.0,-1.199,-0.103,House linen,63,Other made up textile articles,0,Textiles,0.7463013882308955
paises_interes,2022,6303,1005017610,0.5912275684690415,DOM,6303,2.7e-05,149624,0.058114,0.819,0.376,-0.407,-0.103,Curtains,63,Other made up textile articles,0,Textiles,0.013600759236486125
paises_interes,2022,6304,796133619,0.4370851650668123,DOM,6304,4.9e-05,277032,0.102967,0.797,0.075,-1.279,-0.103,Other furnishing articles,63,Other made up textile articles,0,Textiles,0.4408588177539057
paises_interes,2022,6305,286431805,0.3418523990537698,DOM,6305,0.000552,3425850,1.154925,0.707,-0.0,-1.727,-0.103,Bags for packing goods,63,Other made up textile articles,0,Textiles,0.4170868543573128
paises_interes,2022,6306,1434706870,0.7972494497785403,DOM,6306,2e-05,149347,0.042777,0.794,0.189,-0.537,-0.103,"Tents, tarpaulins, etc.",63,Other made up textile articles,0,Textiles,0.0
paises_interes,2022,6307,3717700128,0.6922820527869391,DOM,6307,0.00291,59474800,6.125426,0.75,0.0,-0.94,-0.103,Other made up articles,63,Other made up textile articles,0,Textiles,0.7932533442735411
paises_interes,2022,6308,9288661,0.4806702596040145,DOM,6308,0.000758,69514,1.500552,0.808,0.0,-0.009,-0.103,Needlecraft sets of woven fabric and yarn,63,Other made up textile articles,0,Textiles,1.0
paises_interes,2022,6309,1036206,0.034740376364638136,DOM,6309,0.000224,1163702,0.47113,0.815,0.406,-0.265,-0.103,Used clothes and textiles,63,Other made up textile articles,0,Textiles,0.02219898221365951
paises_interes,2022,6310,3366027,0.04349338888348133,DOM,6310,0.031517,22255089,66.61116,0.735,-0.0,-1.222,-0.103,Used or new rags textile scraps,63,Other made up textile articles,0,Textiles,0.14140293934569304
paises_interes,2022,6401,277025860,0.7522749692539026,DOM,6401,0.020687,37226376,43.255886,0.75,0.0,-0.74,-0.103,Waterproof footwear,64,Footwear,0,Textiles,0.9528169489288992
paises_interes,2022,6402,6751690146,0.8919344903879123,DOM,6402,0.000288,12900247,0.601865,0.791,0.099,-0.845,-0.103,Other footwear of rubber or plastics,64,Footwear,0,Textiles,0.5454233550721935
paises_interes,2022,6403,8140887439,0.6418003799992475,DOM,6403,0.001137,62686640,2.382764,0.762,0.0,-0.439,-0.103,Leather footwear,64,Footwear,0,Textiles,0.7205647008676809
paises_interes,2022,6404,10333425145,0.913727347617011,DOM,6404,0.000641,30366197,1.347091,0.786,0.0,-0.485,-0.103,Textile footwear,64,Footwear,0,Textiles,0.8261993426440591
paises_interes,2022,6405,401194965,0.6293712989381388,DOM,6405,0.014381,50400924,30.117027,0.735,-0.0,-0.934,-0.103,Other footwear,64,Footwear,0,Textiles,0.9220749603717583
paises_interes,2022,6406,199497343,0.5770411425372417,DOM,6406,0.001256,12386648,2.693505,0.759,0.0,-0.744,-0.103,Parts of footwear,64,Footwear,0,Textiles,0.9435956362044033
paises_interes,2022,6501,413461,0.011612526219119915,DOM,6501,0.002217,268379,4.3907,0.776,0.0,-1.338,-0.103,Hat forms,65,Headgear,0,Textiles,1.0
paises_interes,2022,6504,110017912,0.6687746700062916,DOM,6504,0.001018,499192,2.131451,0.763,0.0,-0.731,-0.103,Hats,65,Headgear,0,Textiles,0.7438660875975577
paises_interes,2022,6505,1521075003,0.6490559010584652,DOM,6505,0.000253,1944948,0.534945,0.794,0.222,-1.101,-0.103,"Hats, knit",65,Headgear,0,Textiles,0.8680201218747237
paises_interes,2022,6506,660820638,0.701839494985242,DOM,6506,4.6e-05,249408,0.096346,0.838,0.905,0.527,-0.103,Other headgear,65,Headgear,0,Textiles,0.9151270207852193
paises_interes,2022,6507,26266510,0.42537678054038613,DOM,6507,3.8e-05,15429,0.082687,0.816,0.554,0.077,-0.103,Headbands,65,Headgear,0,Textiles,0.8730313046859809
paises_interes,2022,6601,619185053,0.9676663230316005,DOM,6601,2.4e-05,84272,0.047174,0.849,0.002,-0.082,-0.103,Umbrellas,66,Umbrellas and walking-sticks,0,Textiles,0.14737991266375547
paises_interes,2022,6602,60083781,0.8000455310175763,DOM,6602,1.4e-05,4630,0.027791,0.868,0.003,0.349,-0.103,Walking sticks,66,Umbrellas and walking-sticks,0,Textiles,0.32699784017278616
paises_interes,2022,6603,76972260,0.9191491123933629,DOM,6603,0.0,0,0.0,0.838,0.749,0.415,-0.103,Parts of umbrellas or walking sticks,66,Umbrellas and walking-sticks,0,Textiles,
paises_interes,2022,6701,22906728,0.8913691853200605,DOM,6701,0.0,0,0.0,0.861,0.002,0.145,-0.103,Feathers or down,67,Feathers and down,0,Textiles,
paises_interes,2022,6702,2898396170,0.9905352844405781,DOM,6702,5.5e-05,390519,0.109003,0.874,0.001,-0.504,-0.103,Artificial flowers,67,Feathers and down,0,Textiles,0.006847298082807751
paises_interes,2022,6703,11968183,0.28501351685941817,DOM,6703,0.002805,2562820,5.852679,0.748,-0.0,-1.608,-0.103,Human animal hair prepared for use in wigs,67,Feathers and down,0,Textiles,0.6015272239174034
paises_interes,2022,6704,2940884351,0.9227768851199806,DOM,6704,0.000201,1315790,0.399092,0.79,-0.001,-1.843,-0.103,Wigs,67,Feathers and down,0,Textiles,0.8949361220255512
paises_interes,2022,6801,3391833,0.07830986884529045,DOM,6801,0.003863,2822853,8.051971,0.762,0.0,-0.862,-0.103,"Flagstones, of natural stone",68,"Articles of stone, plaster, cement, etc.",2,Stone,0.6565063784759603
paises_interes,2022,6802,723950514,0.23851323450305154,DOM,6802,0.000741,10369018,1.564829,0.766,0.0,-0.88,-0.103,Worked building stone,68,"Articles of stone, plaster, cement, etc.",2,Stone,0.6901784720597457
paises_interes,2022,6803,38509161,0.5128800764230604,DOM,6803,0.0,0,0.0,0.854,0.299,-0.439,-0.103,Worked slate,68,"Articles of stone, plaster, cement, etc.",2,Stone,
paises_interes,2022,6804,101454415,0.1958900673393246,DOM,6804,1e-05,47326,0.020295,0.852,1.283,1.355,-0.103,Grindstones,68,"Articles of stone, plaster, cement, etc.",2,Stone,0.34000338080547693
paises_interes,2022,6805,74535600,0.13239955454139002,DOM,6805,4.4e-05,200716,0.09164,0.843,1.278,1.296,-0.103,Natural or artificial abrasive powder,68,"Articles of stone, plaster, cement, etc.",2,Stone,0.004752984316148189
paises_interes,2022,6806,24848163,0.06097196262883908,DOM,6806,4e-06,18580,0.007415,0.82,0.817,0.455,-0.103,Mineral wools and insulating materials,68,"Articles of stone, plaster, cement, etc.",2,Stone,0.0
paises_interes,2022,6807,849768,0.002129233851738279,DOM,6807,1.6e-05,36883,0.033545,0.808,0.371,-0.207,-0.103,Asphalt,68,"Articles of stone, plaster, cement, etc.",2,Stone,0.1787273269527967
paises_interes,2022,6808,11920918,0.263145111432821,DOM,6808,0.000109,62154,0.226849,0.822,0.74,0.012,-0.103,Panels of vegetable fibers,68,"Articles of stone, plaster, cement, etc.",2,Stone,0.0
paises_interes,2022,6809,4688916,0.015194908377241433,DOM,6809,4.4e-05,117427,0.092833,0.775,0.142,-0.62,-0.103,Plaster articles,68,"Articles of stone, plaster, cement, etc.",2,Stone,0.0
paises_interes,2022,6810,1384668715,0.4149260183858361,DOM,6810,0.0004,5218244,0.839557,0.812,0.735,0.496,-0.103,"Articles of cement, of concrete or of artificial stone",68,"Articles of stone, plaster, cement, etc.",2,Stone,0.04472558201571256
paises_interes,2022,6811,10579050,0.0771708921378369,DOM,6811,3.1e-05,48390,0.065673,0.793,0.231,-0.39,-0.103,Asbestos-cement or cellulose fiber-cement,68,"Articles of stone, plaster, cement, etc.",2,Stone,0.963463525521802
paises_interes,2022,6812,838016,0.31770203454318124,DOM,6812,1.5e-05,2114,0.03039,0.834,0.002,-0.281,-0.103,Asbestos fibres,68,"Articles of stone, plaster, cement, etc.",2,Stone,0.4725638599810785
paises_interes,2022,6813,5688548,0.030229675842670015,DOM,6813,1e-05,13124,0.020336,0.852,0.84,0.261,-0.103,Friction material and articles thereof,68,"Articles of stone, plaster, cement, etc.",2,Stone,0.0
paises_interes,2022,6814,18620508,0.5492884592834814,DOM,6814,0.0,0,0.0,0.862,0.857,0.598,-0.103,Mica articles,68,"Articles of stone, plaster, cement, etc.",2,Stone,
paises_interes,2022,6815,55158878,0.05344106307109534,DOM,6815,6e-06,52745,0.01252,0.854,1.211,1.236,-0.103,Articles of stone or of other mineral substances,68,"Articles of stone, plaster, cement, etc.",2,Stone,0.7109868233955825
paises_interes,2022,6901,442642,0.09721737816475574,DOM,6901,0.000303,68706,0.646839,0.801,0.151,-0.681,-0.103,"Bricks, blocks, and other ceramic goods",69,Ceramic products,2,Stone,0.0
paises_interes,2022,6902,38935546,0.16067399051651732,DOM,6902,3e-05,144494,0.063339,0.857,1.109,0.61,-0.103,"Bricks, tiles and similar refractory ceramic constructional goods",69,Ceramic products,2,Stone,0.22798870541337357
paises_interes,2022,6903,21052462,0.0657278456095156,DOM,6903,1e-06,2734,0.002413,0.844,1.13,0.913,-0.103,Other refractory ceramic goods,69,Ceramic products,2,Stone,0.0
paises_interes,2022,6904,13552225,0.27480461304768566,DOM,6904,0.00015,430957,0.312715,0.801,0.216,-0.851,-0.103,Ceramic building bricks,69,Ceramic products,2,Stone,0.2091183111076047
paises_interes,2022,6905,950562,0.06532846770510048,DOM,6905,7.5e-05,70643,0.156309,0.826,0.761,0.388,-0.103,Architectural ceramic ornaments,69,Ceramic products,2,Stone,0.0
paises_interes,2022,6906,1780656,0.6503375213518823,DOM,6906,4.2e-05,4884,0.082839,0.859,0.003,0.304,-0.103,Ceramic pipes,69,Ceramic products,2,Stone,0.0
paises_interes,2022,6907,92818705,0.04274989676333911,DOM,6907,5.5e-05,1196231,0.115244,0.789,-0.066,-0.842,-0.103,Unglazed ceramic flags and pavers,69,Ceramic products,2,Stone,0.004456497114687715
paises_interes,2022,6909,102335327,0.10520980771339815,DOM,6909,5.7e-05,397391,0.119664,0.864,1.112,0.821,-0.103,Ceramic wares for technical ware,69,Ceramic products,2,Stone,1.0
paises_interes,2022,6910,1303296288,0.726407028295001,DOM,6910,1.8e-05,233801,0.038016,0.804,0.18,-0.876,-0.103,"Ceramic sinks, washbasins, and similar sanitary fixtures",69,Ceramic products,2,Stone,0.06696720715480259
paises_interes,2022,6911,1527611223,0.9079574982345242,DOM,6911,6e-06,63989,0.012872,0.836,0.001,-0.589,-0.103,Porcelain or china household articles,69,Ceramic products,2,Stone,0.4551719826845239
paises_interes,2022,6912,237951706,0.49356543797776514,DOM,6912,2.4e-05,56558,0.050058,0.83,0.711,0.197,-0.103,Ceramic household articles,69,Ceramic products,2,Stone,0.42872803140139326
paises_interes,2022,6913,768563722,0.8532815579181338,DOM,6913,0.002453,7393886,5.115355,0.779,0.0,-0.371,-0.103,Ornamental ceramic articles,69,Ceramic products,2,Stone,0.9237756708718527
paises_interes,2022,6914,494132138,0.7677102553810604,DOM,6914,0.000221,660203,0.462295,0.848,0.782,0.089,-0.103,Other ceramic articles,69,Ceramic products,2,Stone,0.9152790884015977
paises_interes,2022,7001,4367178,0.1002838350860857,DOM,7001,0.010319,5567164,22.026157,0.739,0.0,-0.662,-0.103,Cullet and other scraps of glass,70,Glass and glassware,2,Stone,0.0
paises_interes,2022,7002,14825842,0.11568263618521822,DOM,7002,0.0,0,0.0,0.877,1.241,0.975,-0.103,Glass balls,70,Glass and glassware,2,Stone,
paises_interes,2022,7003,17388127,0.1716712566441662,DOM,7003,4.8e-05,119377,0.110244,0.864,0.649,0.745,-0.103,"Glass, cast or rolled",70,Glass and glassware,2,Stone,0.08292217093745026
paises_interes,2022,7004,785263,0.03907269794839016,DOM,7004,0.000127,94324,0.27235,0.865,0.416,-0.315,-0.103,Drawn and blown glass,70,Glass and glassware,2,Stone,0.15657732920571646
paises_interes,2022,7005,26508261,0.24048876001458486,DOM,7005,1.5e-05,118343,0.033125,0.821,0.551,-0.275,-0.103,Float glass,70,Glass and glassware,2,Stone,0.1071461767911917
paises_interes,2022,7006,41714878,0.16387993293250602,DOM,7006,3e-06,10286,0.007421,0.881,1.035,1.593,-0.103,Worked glass,70,Glass and glassware,2,Stone,0.0
paises_interes,2022,7007,575439002,0.4310616594928693,DOM,7007,2.7e-05,303787,0.057664,0.826,0.858,0.745,-0.103,Safety glass,70,Glass and glassware,2,Stone,0.2568905186857897
paises_interes,2022,7008,38194328,0.11094401519807834,DOM,7008,3e-06,7681,0.00669,0.813,0.687,0.53,-0.103,Multiple-walled insulating glass,70,Glass and glassware,2,Stone,0.4556698346569457
paises_interes,2022,7009,1080453058,0.6638124885016984,DOM,7009,6e-06,51506,0.013876,0.859,0.906,0.965,-0.103,Glass mirrors,70,Glass and glassware,2,Stone,0.26538655690599156
paises_interes,2022,7010,578354304,0.28479885027508045,DOM,7010,3.5e-05,501126,0.0736,0.777,0.24,-0.603,-0.103,Glass containers for conveyance,70,Glass and glassware,2,Stone,0.751625339734917
paises_interes,2022,7011,438916,0.013088386357704936,DOM,7011,0.0,0,0.0,0.851,0.002,-0.295,-0.103,Glass envelopes,70,Glass and glassware,2,Stone,0.0
paises_interes,2022,7013,1003159401,0.6263504548697132,DOM,7013,5.6e-05,571960,0.117935,0.839,0.8,0.368,-0.103,Glassware for interior decorative use,70,Glass and glassware,2,Stone,0.7797503321910623
paises_interes,2022,7014,9594296,0.23969913864371048,DOM,7014,0.0,0,0.0,0.886,1.534,1.745,-0.103,Signaling glassware,70,Glass and glassware,2,Stone,
paises_interes,2022,7015,49173,0.008829529373676752,DOM,7015,5e-06,1108,0.012328,0.853,0.89,0.405,-0.103,Clock or watch glasses and similar glasses,70,Glass and glassware,2,Stone,1.0
paises_interes,2022,7016,208213739,0.7955766465319071,DOM,7016,0.000107,139811,0.222254,0.845,0.635,0.146,-0.103,Glass paving blocks or other molded products,70,Glass and glassware,2,Stone,0.10469133329995493
paises_interes,2022,7017,35395494,0.1732244658086765,DOM,7017,1.3e-05,17939,0.028245,0.856,1.145,1.157,-0.103,"Laboratory, hygienic or pharmaceutical glassware",70,Glass and glassware,2,Stone,1.0
paises_interes,2022,7018,214131596,0.7566511554277028,DOM,7018,7.6e-05,155787,0.149632,0.879,0.003,1.089,-0.103,Glass beads,70,Glass and glassware,2,Stone,0.10836590986410932
paises_interes,2022,7019,609783998,0.26659946289352593,DOM,7019,4e-06,50144,0.007667,0.81,0.698,0.615,-0.103,Glass fibers,70,Glass and glassware,2,Stone,0.31774471100313795
paises_interes,2022,7020,47685689,0.013381949619133174,DOM,7020,0.000119,453673,0.258412,0.85,0.888,0.66,-0.103,Other articles of glass,70,Glass and glassware,2,Stone,0.921201561790472
paises_interes,2022,7101,5960422,0.08805511327983181,DOM,7101,8e-05,51790,0.211508,0.862,0.562,0.017,-0.103,Pearls,71,Precious metals and stones,2,Stone,0.0
paises_interes,2022,7102,692745984,0.040096886481809466,DOM,7102,2e-06,226547,0.004394,0.825,0.107,-0.983,-0.103,Diamonds,71,Precious metals and stones,2,Stone,0.8269859167893961
paises_interes,2022,7103,30231317,0.022596443723303886,DOM,7103,0.000102,1434612,0.267831,0.806,-0.033,-1.229,-0.103,Precious stones,71,Precious metals and stones,2,Stone,0.029551438764990525
paises_interes,2022,7104,31627090,0.02601050536049232,DOM,7104,3e-06,17469,0.008807,0.863,0.65,0.605,-0.103,Synthetic precious stones,71,Precious metals and stones,2,Stone,0.283543544089698
paises_interes,2022,7105,32973983,0.5795992659788274,DOM,7105,0.00018,78426,0.380908,0.873,1.085,1.627,-0.103,Diamond dust,71,Precious metals and stones,2,Stone,0.2492795756509321
paises_interes,2022,7106,2559611,0.00048229448388960707,DOM,7106,0.000134,4354241,0.304474,0.833,0.328,-0.356,-0.103,Silver,71,Precious metals and stones,2,Stone,0.9427794648941112
paises_interes,2022,7108,60382939,0.0029372060469256456,DOM,7108,0.003113,1351645489,6.165705,0.734,-0.0,-2.199,-0.103,Gold,71,Precious metals and stones,2,Stone,0.03563353519321016
paises_interes,2022,7109,10751689,0.08370895165683002,DOM,7109,1.6e-05,2470,0.034384,0.873,0.661,0.565,-0.103,Gold clad metals,71,Precious metals and stones,2,Stone,0.0
paises_interes,2022,7110,281514,2.1749528873121978e-05,DOM,7110,1e-06,58251,0.001806,0.884,1.086,0.68,-0.103,Platinum,71,Precious metals and stones,2,Stone,0.505021373023639
paises_interes,2022,7111,17893,0.005586780565010136,DOM,7111,0.0,0,0.0,0.882,0.41,0.458,-0.103,Platinum clad metals,71,Precious metals and stones,2,Stone,
paises_interes,2022,7112,25186038,0.017745469651351986,DOM,7112,0.002486,50572918,5.568757,0.756,0.0,-0.17,-0.103,Scrap of precious metal,71,Precious metals and stones,2,Stone,0.9893910271093898
paises_interes,2022,7113,2239701715,0.14674007362810196,DOM,7113,0.002113,236681613,4.55974,0.794,0.0,0.254,-0.103,Jewelry of precious metal,71,Precious metals and stones,2,Stone,0.9936543824382336
paises_interes,2022,7114,5802110,0.042677687393072886,DOM,7114,1.1e-05,12835,0.026376,0.834,1.034,0.875,-0.103,Goldsmith and silversmith wares,71,Precious metals and stones,2,Stone,0.9690967654775703
paises_interes,2022,7115,17438343,0.005150073447394833,DOM,7115,1e-06,11187,0.002846,0.881,0.762,0.378,-0.103,Other articles of precious metals,71,Precious metals and stones,2,Stone,0.7408599267006347
paises_interes,2022,7116,135042972,0.5165758223070915,DOM,7116,3.4e-05,54355,0.074648,0.845,0.612,0.173,-0.103,Articles of precious stones,71,Precious metals and stones,2,Stone,0.03570968632140557
paises_interes,2022,7117,846430154,0.5923905001409177,DOM,7117,0.00129,10344675,2.776457,0.796,0.0,0.051,-0.103,Imitation jewelry,71,Precious metals and stones,2,Stone,0.9811827824460411
paises_interes,2022,7118,366045,0.0026319543350799813,DOM,7118,0.0,0,0.0,0.855,0.876,0.355,-0.103,Coin,71,Precious metals and stones,2,Stone,
paises_interes,2022,7202,452552899,0.10270287270370046,DOM,7202,0.007772,395426371,16.771505,0.76,-0.0,-1.203,-0.103,Ferroalloys,72,Iron and steel,4,Metals,0.051912311634875766
paises_interes,2022,7203,26987316,0.03313723654368198,DOM,7203,0.0,0,0.0,0.848,0.174,-0.913,-0.103,Ferrous products from the reduction of iron ore,72,Iron and steel,4,Metals,
paises_interes,2022,7204,22876842,0.009313727132864361,DOM,7204,0.001681,77809136,3.572191,0.756,0.0,-0.619,-0.103,Ferrous waste and scrap,72,Iron and steel,4,Metals,0.005847423880918045
paises_interes,2022,7205,12989814,0.04275587360558724,DOM,7205,0.000606,1521112,1.277234,0.826,0.0,0.361,-0.103,Powders of iron or steel,72,Iron and steel,4,Metals,0.0
paises_interes,2022,7206,72606,0.013069987057101762,DOM,7206,0.0,0,0.0,0.813,0.011,-0.897,-0.103,Iron and nonalloy steel,72,Iron and steel,4,Metals,
paises_interes,2022,7207,241233705,0.05323943305730388,DOM,7207,0.0,0,0.0,0.816,0.079,-0.635,-0.103,Semifinished products of iron or nonalloy steel,72,Iron and steel,4,Metals,
paises_interes,2022,7208,29489883,0.00878748566965926,DOM,7208,4.6e-05,3333971,0.101027,0.83,0.574,0.27,-0.103,"Flat-rolled iron, width > 600mm, hot-rolled, not clad",72,Iron and steel,4,Metals,0.02313127498709497
paises_interes,2022,7209,42942544,0.02785947967794032,DOM,7209,8e-06,148343,0.018995,0.817,0.474,0.009,-0.103,"Flat-rolled iron, width > 600mm, cold-rolled, not clad",72,Iron and steel,4,Metals,0.0
paises_interes,2022,7210,801765494,0.12298661511966681,DOM,7210,0.000137,8911362,0.297379,0.798,0.437,-0.129,-0.103,"Flat rolled iron, width > 600mm, clad",72,Iron and steel,4,Metals,0.006598991265308266
paises_interes,2022,7211,1395869,0.0034940348461808923,DOM,7211,8e-06,46754,0.016722,0.833,0.739,0.241,-0.103,"Flat-rolled iron, width < 600mm, not clad",72,Iron and steel,4,Metals,0.0
paises_interes,2022,7212,68590354,0.19214493431880494,DOM,7212,8e-06,62214,0.01699,0.839,0.93,0.501,-0.103,"Flat-rolled iron, width < 600mm, clad",72,Iron and steel,4,Metals,0.0
paises_interes,2022,7213,226916520,0.1893463650222335,DOM,7213,0.00021,3692046,0.44187,0.78,0.205,-0.58,-0.103,Hot rolled bars of iron,72,Iron and steel,4,Metals,0.5881546437937122
paises_interes,2022,7214,15137405,0.010450043200939558,DOM,7214,0.005564,141208542,11.78873,0.719,-0.0,-1.213,-0.103,"Other bars of iron, not further worked than forged",72,Iron and steel,4,Metals,0.31362142383709335
paises_interes,2022,7215,9240845,0.05489239285894125,DOM,7215,0.00073,2542542,1.566981,0.775,0.0,-0.221,-0.103,Other bars and rods of iron or nonalloy steel,72,Iron and steel,4,Metals,0.01889919615880485
paises_interes,2022,7216,32508815,0.02410267965151175,DOM,7216,0.00055,11177479,1.245011,0.759,0.0,-0.385,-0.103,Angles of iron or nonalloy steel,72,Iron and steel,4,Metals,0.12419338922488693
paises_interes,2022,7217,265487825,0.29109352839214825,DOM,7217,0.000184,2144790,0.38932,0.788,0.285,-0.409,-0.103,Wire of iron or nonalloy steel,72,Iron and steel,4,Metals,0.30429086297492997
paises_interes,2022,7218,189439,0.0005874611517012779,DOM,7218,0.0,0,0.0,0.878,0.62,1.168,-0.103,Stainless steel in ingots,72,Iron and steel,4,Metals,
paises_interes,2022,7219,318382031,0.1854801598396977,DOM,7219,5e-06,226266,0.011545,0.861,0.902,1.124,-0.103,Flat-rolled products of stainless steel of a width > 600 mm,72,Iron and steel,4,Metals,0.0
paises_interes,2022,7220,82327716,0.21277966334242612,DOM,7220,0.0,0,0.0,0.864,1.236,1.19,-0.103,Flat-rolled products of stainless steel of a width < 600 mm,72,Iron and steel,4,Metals,
paises_interes,2022,7221,24376392,0.09880231398788573,DOM,7221,0.0,0,0.0,0.876,1.197,1.557,-0.103,"Bars of stainless steel, hot-rolled",72,Iron and steel,4,Metals,
paises_interes,2022,7222,14347952,0.017907741140753837,DOM,7222,2.7e-05,217955,0.058776,0.868,1.392,1.515,-0.103,Other bars and rods of stainless steel,72,Iron and steel,4,Metals,0.0
paises_interes,2022,7223,29018045,0.09085155416639813,DOM,7223,6e-06,16840,0.01276,0.86,1.327,1.493,-0.103,Wire of stainless steel,72,Iron and steel,4,Metals,0.35665083135391923
paises_interes,2022,7224,2603009,0.002030992772324067,DOM,7224,0.0,0,0.0,0.853,0.906,0.448,-0.103,Other alloy steel in primary form,72,Iron and steel,4,Metals,
paises_interes,2022,7225,105344496,0.051084491011498354,DOM,7225,0.0,17146,0.001007,0.871,1.287,1.648,-0.103,"Flat-rolled products of other alloy steel, width > 600 mm",72,Iron and steel,4,Metals,0.0
paises_interes,2022,7226,4068118,0.014395732232242272,DOM,7226,0.0,0,0.0,0.859,1.206,1.287,-0.103,"Flat-rolled products of other alloy steel, width < 600 mm",72,Iron and steel,4,Metals,
paises_interes,2022,7227,383622,0.0006897412357062451,DOM,7227,0.001647,7302612,3.465401,0.815,0.0,0.265,-0.103,Bars of other alloy steel,72,Iron and steel,4,Metals,0.10772323656247929
paises_interes,2022,7228,106228697,0.10937438593271684,DOM,7228,1e-05,145666,0.021605,0.822,0.78,0.413,-0.103,Other bars and rods of other alloy steel,72,Iron and steel,4,Metals,0.0
paises_interes,2022,7229,55478792,0.1999681139790588,DOM,7229,5.5e-05,179755,0.118115,0.857,0.971,0.893,-0.103,Wire of other alloy steel,72,Iron and steel,4,Metals,0.0
paises_interes,2022,7301,59085818,0.3501794510750991,DOM,7301,8.7e-05,211005,0.230831,0.82,0.585,-0.052,-0.103,Sheet piling of iron or steel,73,Articles of iron or steel,4,Metals,0.0
paises_interes,2022,7302,43873138,0.21665734321540156,DOM,7302,6.9e-05,246501,0.148045,0.859,1.041,1.173,-0.103,Railway construction material of iron or steel,73,Articles of iron or steel,4,Metals,0.0
paises_interes,2022,7303,4627905,0.10689398843631834,DOM,7303,1.2e-05,22722,0.026057,0.838,0.467,-0.135,-0.103,Tubes of cast iron,73,Articles of iron or steel,4,Metals,0.0
paises_interes,2022,7304,338377153,0.07175269243551173,DOM,7304,4.1e-05,1160225,0.086034,0.852,0.822,0.333,-0.103,"Tubes, seamless, of iron or steel",73,Articles of iron or steel,4,Metals,0.4094016246848672
paises_interes,2022,7305,5161446,0.01048627515070727,DOM,7305,0.0,1260,0.00045,0.853,0.789,0.332,-0.103,"Other tubes and pipes, diameter > 406.4 mm, of iron or steel",73,Articles of iron or steel,4,Metals,0.0
paises_interes,2022,7306,334177317,0.053654908508110964,DOM,7306,0.000572,18721545,1.234118,0.746,0.0,-0.547,-0.103,"Other tubes, pipes and hollow profiles of iron or steel",73,Articles of iron or steel,4,Metals,0.7368173406628566
paises_interes,2022,7307,1102792023,0.31649371204367427,DOM,7307,1.3e-05,285427,0.02863,0.843,1.24,1.209,-0.103,Tube or pipe fittings of iron or steel,73,Articles of iron or steel,4,Metals,0.00970826165709621
paises_interes,2022,7308,2024665367,0.24336806592485302,DOM,7308,0.000125,7872841,0.261703,0.785,0.536,0.357,-0.103,"Structures and their parts, of iron or steel",73,Articles of iron or steel,4,Metals,0.7336055688156283
paises_interes,2022,7309,28565462,0.05721900946080037,DOM,7309,3.1e-05,147535,0.066956,0.798,0.614,0.164,-0.103,"Tanks etc. > 300 liters, iron or steel",73,Articles of iron or steel,4,Metals,0.13634052936591318
paises_interes,2022,7310,295833141,0.42328639648844546,DOM,7310,8.9e-05,690636,0.18824,0.784,0.523,-0.058,-0.103,"Tanks etc. < 300 liters, iron or steel",73,Articles of iron or steel,4,Metals,0.7013376076543939
paises_interes,2022,7311,167514539,0.2699880866612971,DOM,7311,0.000441,1891562,0.929296,0.816,0.574,-0.114,-0.103,Containers for compressed or liquified gas,73,Articles of iron or steel,4,Metals,0.5905769940398464
paises_interes,2022,7312,603157365,0.43547410690304145,DOM,7312,0.000208,1748471,0.435637,0.841,0.704,0.425,-0.103,"Wire of iron or steel, not insulated",73,Articles of iron or steel,4,Metals,0.4426747712715853
paises_interes,2022,7313,4168135,0.2445457732852487,DOM,7313,0.003057,1585169,6.39471,0.728,-0.0,-1.255,-0.103,Barbed wire of iron or steel,73,Articles of iron or steel,4,Metals,0.07647197238906388
paises_interes,2022,7314,327311716,0.43424461595485986,DOM,7314,0.000538,4472201,1.128706,0.762,0.0,-0.073,-0.103,Cloth of iron or steel wire,73,Articles of iron or steel,4,Metals,0.13409951833560255
paises_interes,2022,7315,334159933,0.43866307749111105,DOM,7315,1.8e-05,112652,0.039414,0.874,1.353,1.621,-0.103,Chain of iron or steel,73,Articles of iron or steel,4,Metals,0.11634946561090793
paises_interes,2022,7316,29401838,0.6533886104061943,DOM,7316,7e-06,1837,0.014483,0.834,0.454,0.049,-0.103,Anchors of iron or steel,73,Articles of iron or steel,4,Metals,1.0
paises_interes,2022,7317,387748754,0.2615742191124695,DOM,7317,0.000728,3142699,1.557185,0.744,0.0,-0.556,-0.103,Nails and similar articles of iron or steel,73,Articles of iron or steel,4,Metals,0.25252147914897355
paises_interes,2022,7318,1809048985,0.23286892545579968,DOM,7318,8e-06,374402,0.018967,0.866,1.627,1.542,-0.103,Screws and similar articles of iron or steel,73,Articles of iron or steel,4,Metals,0.3265180207370687
paises_interes,2022,7319,25109251,0.645555365274014,DOM,7319,9e-06,3182,0.020047,0.858,0.797,0.71,-0.103,Articles for sewing of iron or steel,73,Articles of iron or steel,4,Metals,0.0
paises_interes,2022,7320,163881710,0.12142298224675081,DOM,7320,6.2e-05,447437,0.130752,0.842,1.177,0.883,-0.103,Springs of iron or steel,73,Articles of iron or steel,4,Metals,0.716011416132327
paises_interes,2022,7321,2142530960,0.6345273183316099,DOM,7321,4.1e-05,527926,0.08631,0.805,0.537,-0.063,-0.103,Stoves and similar non-electric appliances of iron or steel,73,Articles of iron or steel,4,Metals,0.06552054644022079
paises_interes,2022,7322,62199739,0.16224565783345343,DOM,7322,0.0,0,0.0,0.825,0.644,0.518,-0.103,Radiators for central heating of iron or steel,73,Articles of iron or steel,4,Metals,
paises_interes,2022,7323,2596437989,0.7531815773330616,DOM,7323,6e-05,992921,0.126109,0.842,0.316,-0.223,-0.103,Household articles of iron or steel,73,Articles of iron or steel,4,Metals,0.21161602987548858
paises_interes,2022,7324,924017481,0.7874971848147445,DOM,7324,3.3e-05,156107,0.069906,0.838,0.405,-0.146,-0.103,Sanitary ware and parts of iron or steel,73,Articles of iron or steel,4,Metals,0.13894956664339203
paises_interes,2022,7325,214280751,0.2503462223663786,DOM,7325,4e-06,30391,0.00765,0.808,0.608,0.259,-0.103,Other cast articles of iron or steel,73,Articles of iron or steel,4,Metals,0.03412194399657793
paises_interes,2022,7326,3676807028,0.38479157367164474,DOM,7326,0.000156,10213087,0.333872,0.81,0.901,0.654,-0.103,Other articles of iron or steel,73,Articles of iron or steel,4,Metals,0.37645640343610115
paises_interes,2022,7401,0,0.0,DOM,7401,0.0,0,0.0,0.827,-0.041,-1.348,-0.103,Copper mattes,74,Copper,4,Metals,
paises_interes,2022,7402,7902,0.0006806803081822735,DOM,7402,0.0,0,0.0,0.805,-0.274,-2.203,-0.103,Unrefined copper,74,Copper,4,Metals,
paises_interes,2022,7403,5842281,0.0010098476185598714,DOM,7403,2.7e-05,2184276,0.056386,0.816,0.033,-1.223,-0.103,Refined copper and copper alloys,74,Copper,4,Metals,0.0
paises_interes,2022,7404,2141541,0.0026326844226699612,DOM,7404,0.000745,21091817,1.612004,0.744,0.0,-0.825,-0.103,Copper waste and scrap,74,Copper,4,Metals,0.014113909674069332
paises_interes,2022,7405,27697,0.006845800548613167,DOM,7405,0.0,0,0.0,0.867,0.41,-0.569,-0.103,Master alloys of copper,74,Copper,4,Metals,
paises_interes,2022,7406,180643,0.004161829921433632,DOM,7406,1e-06,921,0.001296,0.873,0.923,0.655,-0.103,Copper powders and flakes,74,Copper,4,Metals,0.0
paises_interes,2022,7407,8760976,0.016097692642360655,DOM,7407,1.3e-05,92002,0.028575,0.822,0.682,0.387,-0.103,"Copper bars, rods and profiles",74,Copper,4,Metals,0.0
paises_interes,2022,7408,33794580,0.01585756926002153,DOM,7408,2e-06,60171,0.005183,0.819,0.25,-0.497,-0.103,Copper wire,74,Copper,4,Metals,0.07006697578567748
paises_interes,2022,7409,67460982,0.06361654451559484,DOM,7409,0.0,0,0.0,0.85,0.856,0.296,-0.103,"Copper plates, sheets and strip > 0.15 mm",74,Copper,4,Metals,
paises_interes,2022,7410,56903709,0.1502322584534815,DOM,7410,0.0,0,0.0,0.881,0.983,1.883,-0.103,Copper foil < 0.15 mm thick,74,Copper,4,Metals,
paises_interes,2022,7411,310245639,0.23229130200849618,DOM,7411,7e-06,66240,0.014353,0.847,0.823,0.53,-0.103,Copper tubes and pipes,74,Copper,4,Metals,0.01431159420289855
paises_interes,2022,7412,299631784,0.32876058785229434,DOM,7412,1.3e-05,77324,0.028502,0.867,1.111,1.039,-0.103,Copper tube or pipe fittings,74,Copper,4,Metals,0.19069111789353888
paises_interes,2022,7413,4502254,0.04367096511704434,DOM,7413,1.6e-05,43223,0.033913,0.831,0.419,-0.276,-0.103,"Copper wire, uninsulated",74,Copper,4,Metals,0.0
paises_interes,2022,7415,44678023,0.2221827638629444,DOM,7415,2.3e-05,33220,0.051577,0.849,0.898,0.744,-0.103,Screws and similar articles of copper,74,Copper,4,Metals,0.12492474413004215
paises_interes,2022,7416,43370353,0.10280239342788154,DOM,7416,0.0,0,0.0,0.857,1.195,1.124,-0.103,Copper springs,74,Copper,4,Metals,
paises_interes,2022,7418,115307694,0.37318042746768254,DOM,7418,0.0,0,0.0,0.838,0.664,-0.149,-0.103,Household articles of copper,74,Copper,4,Metals,
paises_interes,2022,7419,12882361,0.08781811043504392,DOM,7419,0.0,0,0.0,0.836,0.887,0.714,-0.103,Other articles of copper,74,Copper,4,Metals,
paises_interes,2022,7501,9163112,0.8143837448751687,DOM,7501,0.0,0,0.0,0.86,-0.025,-1.534,-0.103,Nickel mattes,75,Nickel,4,Metals,
paises_interes,2022,7503,17258275,0.0475121610528787,DOM,7503,5.8e-05,146128,0.121999,0.841,0.33,0.006,-0.103,Nickel waste and scrap,75,Nickel,4,Metals,0.012735410051461732
paises_interes,2022,7504,1077801,0.003516746582902091,DOM,7504,0.0,0,0.0,0.904,0.462,0.838,-0.103,Nickel powders,75,Nickel,4,Metals,
paises_interes,2022,7505,9718178,0.018210517901165884,DOM,7505,0.0,1400,0.000868,0.88,1.221,1.236,-0.103,"Nickel bars, wire etc.",75,Nickel,4,Metals,0.0
paises_interes,2022,7506,11262349,0.06068052724216127,DOM,7506,0.0,0,0.0,0.899,1.301,2.029,-0.103,Nickel plates,75,Nickel,4,Metals,
paises_interes,2022,7507,4414632,0.019573812648987034,DOM,7507,1.4e-05,15684,0.028751,0.874,1.413,1.473,-0.103,Nickel tubes and pipes,75,Nickel,4,Metals,1.0
paises_interes,2022,7508,21490515,0.06132176312319841,DOM,7508,2e-06,4311,0.00328,0.865,0.743,1.321,-0.103,Other articles of nickel,75,Nickel,4,Metals,1.0
paises_interes,2022,7601,205144159,0.015917797239636586,DOM,7601,5e-06,365652,0.010371,0.798,-0.1,-1.036,-0.103,Unwrought aluminum,76,Aluminium,4,Metals,0.0
paises_interes,2022,7602,1723376,0.0012521915282663384,DOM,7602,0.00096,18913937,2.073085,0.745,0.0,-0.578,-0.103,"Waste or scrap, aluminium",76,Aluminium,4,Metals,0.13508086655887666
paises_interes,2022,7603,8428737,0.10587483618658318,DOM,7603,9e-06,9978,0.019069,0.866,0.618,-0.225,-0.103,Aluminum powders,76,Aluminium,4,Metals,0.0
paises_interes,2022,7604,396985919,0.18114197392610176,DOM,7604,0.001943,47846954,4.088923,0.768,0.0,-0.065,-0.103,Aluminum bars,76,Aluminium,4,Metals,0.9125124454108405
paises_interes,2022,7605,7144230,0.007702958535862741,DOM,7605,2e-06,10933,0.004443,0.823,0.169,-0.565,-0.103,Aluminum wire,76,Aluminium,4,Metals,0.7005396505991036
paises_interes,2022,7606,949782307,0.18667914367244476,DOM,7606,1.3e-05,602649,0.027465,0.828,0.865,0.684,-0.103,Aluminum plates > 0.2 mm,76,Aluminium,4,Metals,0.09234230870705834
paises_interes,2022,7607,388642953,0.19614032179381324,DOM,7607,5.2e-05,922248,0.110832,0.843,1.132,0.806,-0.103,Aluminum foil < 0.2 mm,76,Aluminium,4,Metals,0.40779703507082693
paises_interes,2022,7608,75449851,0.22043707508131696,DOM,7608,0.00121,3297197,2.579294,0.79,0.0,0.205,-0.103,Aluminum tubes and pipes,76,Aluminium,4,Metals,0.9597609727292606
paises_interes,2022,7609,109282335,0.5274104503771351,DOM,7609,1e-06,1462,0.002798,0.856,1.108,0.655,-0.103,Aluminum tube or pipe fittings,76,Aluminium,4,Metals,0.0
paises_interes,2022,7610,986195950,0.32214820955579615,DOM,7610,0.000813,14599469,1.707161,0.781,0.0,0.358,-0.103,"Aluminum structures (bridges, towers etc)",76,Aluminium,4,Metals,0.8786585320329116
paises_interes,2022,7611,3070298,0.19188418669656687,DOM,7611,0.000488,113628,1.024804,0.821,0.0,0.777,-0.103,"Aluminum containers, >300 liters",76,Aluminium,4,Metals,0.0
paises_interes,2022,7612,117649718,0.1748852667400036,DOM,7612,6.7e-05,468391,0.141727,0.788,0.442,0.021,-0.103,"Aluminum containers, <300 liters",76,Aluminium,4,Metals,0.5702607436949044
paises_interes,2022,7613,15395420,0.2205212303583002,DOM,7613,0.000272,175439,0.58543,0.852,0.966,0.727,-0.103,Aluminum containers for compressed or liquefied gas,76,Aluminium,4,Metals,0.1277709061269159
paises_interes,2022,7614,8245819,0.018023961251296145,DOM,7614,5e-06,11183,0.011115,0.807,0.202,-0.837,-0.103,"Aluminum wire, not insulated",76,Aluminium,4,Metals,0.0
paises_interes,2022,7615,1107818507,0.7630424302802049,DOM,7615,0.000101,622975,0.211442,0.81,0.271,-0.619,-0.103,Household articles of aluminum,76,Aluminium,4,Metals,0.32496970183394197
paises_interes,2022,7616,1537369215,0.4178321803826916,DOM,7616,0.000198,4396190,0.428689,0.803,0.723,0.471,-0.103,Other articles of aluminum,76,Aluminium,4,Metals,0.07094620569174671
paises_interes,2022,7801,71573847,0.05985907886218167,DOM,7801,0.000219,1435892,0.464543,0.754,-0.112,-1.54,-0.103,Lead refined unwrought,78,Lead,4,Metals,0.0
paises_interes,2022,7802,0,0.0,DOM,7802,0.001695,1169332,3.566349,0.749,0.0,-0.635,-0.103,Lead waste or scrap,78,Lead,4,Metals,0.0
paises_interes,2022,7804,196319,0.03201202609502168,DOM,7804,0.0,0,0.0,0.868,0.804,0.591,-0.103,Lead foil <2mm,78,Lead,4,Metals,
paises_interes,2022,7806,1319155,0.036717301177395786,DOM,7806,0.0,0,0.0,0.807,0.469,0.085,-0.103,Other articles of lead,78,Lead,4,Metals,
paises_interes,2022,7901,10052769,0.0036706308546901054,DOM,7901,7e-06,122192,0.015728,0.83,0.189,-0.68,-0.103,Unwrought zinc,79,Zinc,4,Metals,0.0
paises_interes,2022,7902,52667,0.0024274903242845363,DOM,7902,0.000197,187911,0.421546,0.792,0.297,-0.535,-0.103,Zinc waste and scrap,79,Zinc,4,Metals,0.031828897722858164
paises_interes,2022,7903,1745443,0.01938579982163593,DOM,7903,7e-06,4154,0.014019,0.801,0.185,-0.834,-0.103,Zinc powders,79,Zinc,4,Metals,0.0
paises_interes,2022,7904,1086155,0.08288982286469541,DOM,7904,2e-05,3956,0.043921,0.853,0.811,0.534,-0.103,Zinx bars and wire,79,Zinc,4,Metals,0.0
paises_interes,2022,7905,2771253,0.23099680818395904,DOM,7905,0.001853,1406064,3.873727,0.832,0.0,0.787,-0.103,Zinc plates and foil,79,Zinc,4,Metals,0.0
paises_interes,2022,7907,47524572,0.24086135655229676,DOM,7907,2e-06,2969,0.004442,0.831,0.891,0.507,-0.103,Other articles of zinc,79,Zinc,4,Metals,0.0
paises_interes,2022,8001,60156771,0.08442887763962788,DOM,8001,0.0,0,0.0,0.836,0.263,-0.557,-0.103,Unwrought tin,80,Tin,4,Metals,
paises_interes,2022,8003,971329,0.024050667074720984,DOM,8003,3e-05,18202,0.074078,0.857,0.937,0.971,-0.103,Tin bars and wire,80,Tin,4,Metals,0.0
paises_interes,2022,8007,2654705,0.06420155909348546,DOM,8007,0.0,0,0.0,0.873,0.903,0.433,-0.103,Other articles of tin,80,Tin,4,Metals,
paises_interes,2022,8101,63491346,0.05990697175735076,DOM,8101,0.0,0,0.0,0.866,1.156,0.842,-0.103,Tungsten (wolfram),81,Other base metals,4,Metals,0.0
paises_interes,2022,8102,38362922,0.06033338076807276,DOM,8102,0.0,0,0.0,0.862,0.99,0.69,-0.103,Molybdenum,81,Other base metals,4,Metals,0.0
paises_interes,2022,8103,127309218,0.3624278625411508,DOM,8103,0.0,0,0.0,0.88,1.276,0.991,-0.103,Tantalum,81,Other base metals,4,Metals,
paises_interes,2022,8104,138971363,0.06652165630316782,DOM,8104,0.0,0,0.0,0.853,0.796,0.82,-0.103,Magnesium,81,Other base metals,4,Metals,0.0
paises_interes,2022,8105,23771067,0.042113127421867826,DOM,8105,0.0,0,0.0,0.844,-0.013,-1.59,-0.103,Cobalt,81,Other base metals,4,Metals,
paises_interes,2022,8106,11707959,0.6181872508834728,DOM,8106,0.0,0,0.0,0.885,0.003,-0.18,-0.103,Bismuth,81,Other base metals,4,Metals,
paises_interes,2022,8108,94558720,0.11441572696528045,DOM,8108,1.3e-05,76275,0.027075,0.885,0.943,0.971,-0.103,Titanium,81,Other base metals,4,Metals,0.9107309078990495
paises_interes,2022,8109,41076393,0.08145513385641799,DOM,8109,0.0,0,0.0,0.882,0.739,0.658,-0.103,Zirconium,81,Other base metals,4,Metals,0.8658804860214384
paises_interes,2022,8110,28645266,0.4401938543792013,DOM,8110,0.002025,899101,4.226334,0.793,0.0,-0.881,-0.103,Antimony,81,Other base metals,4,Metals,0.9722734153337612
paises_interes,2022,8112,89400614,0.12313469402038921,DOM,8112,0.0,0,0.0,0.871,0.511,0.058,-0.103,Other metals,81,Other base metals,4,Metals,
paises_interes,2022,8201,254991345,0.5144043970278843,DOM,8201,2.1e-05,53351,0.04742,0.83,0.617,0.131,-0.103,Handtools for gardening,82,Metal tools and tableware,4,Metals,0.029952578208468444
paises_interes,2022,8202,234580431,0.2711418235344105,DOM,8202,3e-06,13304,0.00549,0.881,1.164,1.664,-0.103,Handsaws,82,Metal tools and tableware,4,Metals,0.1688965724594107
paises_interes,2022,8203,316681463,0.5829982451277921,DOM,8203,4.9e-05,130882,0.109379,0.856,0.904,0.845,-0.103,"Pliers, pincers and other metal handtools",82,Metal tools and tableware,4,Metals,0.20432909032563684
paises_interes,2022,8204,393264955,0.4336607314081833,DOM,8204,9.8e-05,367562,0.26701,0.871,0.983,1.377,-0.103,Wrenches,82,Metal tools and tableware,4,Metals,0.78681147670325
paises_interes,2022,8205,1070275909,0.5210847117417886,DOM,8205,8.9e-05,820629,0.214094,0.863,0.894,0.899,-0.103,Hand tools n.e.c.,82,Metal tools and tableware,4,Metals,0.8520610409819784
paises_interes,2022,8206,261127436,0.6326559078992035,DOM,8206,6.1e-05,109420,0.152639,0.865,0.773,0.731,-0.103,Retail tool sets,82,Metal tools and tableware,4,Metals,0.17924511058307438
paises_interes,2022,8207,895574132,0.28169459621348675,DOM,8207,2.3e-05,503193,0.04908,0.865,1.492,1.794,-0.103,Interchangeable tools for hand tools,82,Metal tools and tableware,4,Metals,0.22874523294242965
paises_interes,2022,8208,91519737,0.19377418481653028,DOM,8208,2.7e-05,90182,0.057286,0.857,1.553,1.643,-0.103,Knives and blades for machines,82,Metal tools and tableware,4,Metals,0.45258477301457056
paises_interes,2022,8209,107827253,0.13192028512899956,DOM,8209,0.0,0,0.0,0.887,1.455,2.129,-0.103,"Articles for utensils, of cermet",82,Metal tools and tableware,4,Metals,
paises_interes,2022,8210,53016635,0.6383057557992742,DOM,8210,1.6e-05,9012,0.032816,0.849,0.783,0.535,-0.103,"Hand-operated appliances, food preparation, <10kg",82,Metal tools and tableware,4,Metals,0.0
paises_interes,2022,8211,615788561,0.6669071002758126,DOM,8211,7e-06,23226,0.01481,0.866,0.996,0.917,-0.103,Knife sets,82,Metal tools and tableware,4,Metals,0.3668302764143632
paises_interes,2022,8212,125722918,0.18854158060651366,DOM,8212,6.3e-05,264428,0.132341,0.82,0.449,-0.391,-0.103,Razors,82,Metal tools and tableware,4,Metals,0.7781778026532742
paises_interes,2022,8213,167738785,0.8210741218309052,DOM,8213,3.8e-05,40281,0.075044,0.885,0.002,1.075,-0.103,Scissors,82,Metal tools and tableware,4,Metals,0.07119982125567885
paises_interes,2022,8214,194839099,0.8309838681247922,DOM,8214,0.000253,340066,0.501211,0.863,0.001,-0.986,-0.103,Other cutlery,82,Metal tools and tableware,4,Metals,0.8337234536825204
paises_interes,2022,8215,674581808,0.9067920460428242,DOM,8215,8e-06,28620,0.015906,0.871,0.001,0.253,-0.103,Cutlery,82,Metal tools and tableware,4,Metals,0.17735849056603772
paises_interes,2022,8301,1100721330,0.3303259386487761,DOM,8301,0.003891,56103106,8.559218,0.81,0.0,0.772,-0.103,Padlocks and locks,83,Miscellaneous articles of base metal,4,Metals,0.9865035992837901
paises_interes,2022,8302,2986721611,0.4259219976019318,DOM,8302,1.3e-05,500586,0.027238,0.837,0.899,0.833,-0.103,"Base metal mountings, fittings and similar articles",83,Miscellaneous articles of base metal,4,Metals,0.38529643258101504
paises_interes,2022,8303,294484204,0.6889840419999312,DOM,8303,8.4e-05,115363,0.176139,0.839,0.847,0.671,-0.103,Safes,83,Miscellaneous articles of base metal,4,Metals,0.0588663609649541
paises_interes,2022,8304,83607799,0.9597164899210184,DOM,8304,6.1e-05,20033,0.130275,0.829,0.454,0.064,-0.103,"Paper trays and similar office equipment, of base metal",83,Miscellaneous articles of base metal,4,Metals,0.11391204512554286
paises_interes,2022,8305,125878637,0.5434227965102382,DOM,8305,5.2e-05,53817,0.110518,0.854,0.764,0.481,-0.103,"Paper clips and similar office articles, of metal",83,Miscellaneous articles of base metal,4,Metals,0.10769831094263894
paises_interes,2022,8306,844575207,0.8387512254732622,DOM,8306,0.000109,311963,0.230775,0.827,0.38,0.01,-0.103,"Ornaments, statuettes, etc. of metal",83,Miscellaneous articles of base metal,4,Metals,0.49719998846016994
paises_interes,2022,8307,127620693,0.35608442054493494,DOM,8307,5e-06,12479,0.009838,0.835,0.971,0.734,-0.103,Flexible tubing of base metal,83,Miscellaneous articles of base metal,4,Metals,0.23407324304832117
paises_interes,2022,8308,102867291,0.37402101729145754,DOM,8308,1.7e-05,77434,0.039815,0.819,0.834,0.693,-0.103,"Clasps, buckles etc. of metal",83,Miscellaneous articles of base metal,4,Metals,0.6684143916109203
paises_interes,2022,8309,158984252,0.1463772624544087,DOM,8309,0.000782,7466337,1.634216,0.759,0.0,0.036,-0.103,"Stoppers, caps and lids of metal",83,Miscellaneous articles of base metal,4,Metals,0.13728391847300758
paises_interes,2022,8310,83653390,0.5194107866475796,DOM,8310,0.000121,113168,0.264469,0.816,0.72,0.123,-0.103,Sign plates and similar plates of base metal,83,Miscellaneous articles of base metal,4,Metals,0.7741410999575852
paises_interes,2022,8311,52949540,0.24895062638049786,DOM,8311,0.000347,1192175,0.732151,0.817,0.706,0.567,-0.103,Wire etc. used for welding,83,Miscellaneous articles of base metal,4,Metals,0.055239373414138024
paises_interes,2022,8401,400289,0.0027666553288047684,DOM,8401,0.0,0,0.0,0.88,1.091,0.986,-0.103,Nuclear reactors and related equipment,84,Industrial Machinery,7,Machinery,
paises_interes,2022,8402,41612005,0.31995296725777866,DOM,8402,4.8e-05,179986,0.100447,0.825,0.573,-0.172,-0.103,Steam boilers,84,Industrial Machinery,7,Machinery,0.0
paises_interes,2022,8403,32906779,0.06618223647270007,DOM,8403,0.0,0,0.0,0.818,0.825,0.51,-0.103,Central heating boilers,84,Industrial Machinery,7,Machinery,
paises_interes,2022,8404,28253334,0.26781198817807894,DOM,8404,1e-06,1318,0.001981,0.84,1.071,1.246,-0.103,Auxiliary parts for use with boilers,84,Industrial Machinery,7,Machinery,0.0
paises_interes,2022,8405,5930931,0.07182043041463866,DOM,8405,3e-06,2352,0.006574,0.806,0.654,0.386,-0.103,Water gas generators,84,Industrial Machinery,7,Machinery,1.0
paises_interes,2022,8406,3206480,0.016994768085743336,DOM,8406,8e-06,27535,0.01618,0.851,1.022,0.401,-0.103,Steam turbines,84,Industrial Machinery,7,Machinery,0.0
paises_interes,2022,8407,564872088,0.051627520926588774,DOM,8407,1.4e-05,632201,0.029485,0.865,1.229,1.385,-0.103,Spark-ignition reciprocating internal combustion piston engines,84,Industrial Machinery,7,Machinery,0.19341791613743098
paises_interes,2022,8408,115067195,0.020580897296626176,DOM,8408,4e-06,156836,0.007893,0.863,1.237,1.016,-0.103,Compression-ignition internal combustion piston engines,84,Industrial Machinery,7,Machinery,0.7519765870080849
paises_interes,2022,8409,1855837527,0.13857850751621734,DOM,8409,6e-06,400378,0.013086,0.832,0.886,0.586,-0.103,Parts suitable for use with spark-ignition engines,84,Industrial Machinery,7,Machinery,0.19866725943982935
paises_interes,2022,8410,6074946,0.08771658572652057,DOM,8410,5e-06,4386,0.010115,0.845,0.97,0.401,-0.103,"Hydraulic turbines, water wheels and regulators",84,Industrial Machinery,7,Machinery,0.0
paises_interes,2022,8411,820585547,0.028993197768470536,DOM,8411,5e-06,677087,0.011723,0.859,0.851,1.02,-0.103,Gas turbines,84,Industrial Machinery,7,Machinery,0.9078434529093011
paises_interes,2022,8412,700608887,0.18138507096711948,DOM,8412,2.9e-05,682985,0.060568,0.848,1.182,0.916,-0.103,Other engines and motors,84,Industrial Machinery,7,Machinery,0.7866893123567867
paises_interes,2022,8413,2057508294,0.1897702175002371,DOM,8413,2.5e-05,1632622,0.051753,0.856,1.432,1.257,-0.103,Pumps for liquids,84,Industrial Machinery,7,Machinery,0.2602978521666375
paises_interes,2022,8414,5202475096,0.3464304306903768,DOM,8414,2e-05,1640908,0.042158,0.855,1.382,1.471,-0.103,"Pumps, compressors, fans, etc.",84,Industrial Machinery,7,Machinery,0.34740217001806317
paises_interes,2022,8415,3306528104,0.26249735537551583,DOM,8415,8e-06,469773,0.016995,0.847,0.752,0.633,-0.103,Air conditioners,84,Industrial Machinery,7,Machinery,0.40549797455366743
paises_interes,2022,8416,17740315,0.0916969252101369,DOM,8416,1e-06,1215,0.001196,0.858,1.159,1.485,-0.103,Furnace burners,84,Industrial Machinery,7,Machinery,0.0
paises_interes,2022,8417,78047466,0.20218462018260333,DOM,8417,0.000129,614704,0.273208,0.853,1.197,1.258,-0.103,Industrial furnaces,84,Industrial Machinery,7,Machinery,0.790305577969234
paises_interes,2022,8418,2938932093,0.2258898885095425,DOM,8418,5.5e-05,3107179,0.114324,0.818,0.804,0.693,-0.103,"Refrigerators, freezers",84,Industrial Machinery,7,Machinery,0.4356932767632634
paises_interes,2022,8419,937401837,0.13319702492214,DOM,8419,1.2e-05,542612,0.025871,0.842,1.307,1.311,-0.103,Equipment for temperature change of materials,84,Industrial Machinery,7,Machinery,0.13817976749500563
paises_interes,2022,8420,8739124,0.05901227042778265,DOM,8420,0.000114,187881,0.253531,0.883,1.327,1.337,-0.103,"Calendering or other rolling machines, other than for metals or glass",84,Industrial Machinery,7,Machinery,0.9816373129800245
paises_interes,2022,8421,2282550335,0.1773261362257036,DOM,8421,4.8e-05,4040921,0.101478,0.841,1.195,1.26,-0.103,Centrifuges,84,Industrial Machinery,7,Machinery,0.06688277251646345
paises_interes,2022,8422,565671497,0.11147377325412267,DOM,8422,8.9e-05,2801544,0.188943,0.84,1.129,1.058,-0.103,Dish washing machines,84,Industrial Machinery,7,Machinery,0.12017016330994623
paises_interes,2022,8423,362788586,0.43419421383610646,DOM,8423,2.8e-05,128991,0.059946,0.861,1.05,0.826,-0.103,Weighing machinery,84,Industrial Machinery,7,Machinery,0.4709243280538952
paises_interes,2022,8424,1406013501,0.41637585755075285,DOM,8424,0.000313,7126312,0.662643,0.843,1.073,1.011,-0.103,Sprays and powder dispersers,84,Industrial Machinery,7,Machinery,0.38233689459568987
paises_interes,2022,8425,955517131,0.5865574624497234,DOM,8425,5.7e-05,439000,0.11986,0.852,1.029,0.976,-0.103,Pulleys and winches,84,Industrial Machinery,7,Machinery,0.08482915717539863
paises_interes,2022,8426,92373580,0.0666478811149469,DOM,8426,9.5e-05,1324124,0.197877,0.856,1.182,0.603,-0.103,Ships' derricks; cranes,84,Industrial Machinery,7,Machinery,0.0029559165153716723
paises_interes,2022,8427,889931419,0.21029614638145044,DOM,8427,0.0,10642,0.000929,0.867,1.57,1.735,-0.103,Fork-lift trucks,84,Industrial Machinery,7,Machinery,0.23858297312535237
paises_interes,2022,8428,399787641,0.0766015189822698,DOM,8428,2.4e-05,761887,0.050532,0.842,1.236,1.163,-0.103,Other lifting machinery,84,Industrial Machinery,7,Machinery,0.28675643500939113
paises_interes,2022,8429,820746502,0.08457628323912655,DOM,8429,2e-06,123387,0.004572,0.85,0.794,0.323,-0.103,"Self-propelled bulldozers, excavators and road rollers",84,Industrial Machinery,7,Machinery,0.0
paises_interes,2022,8430,287758711,0.149239122015342,DOM,8430,0.0,0,0.0,0.835,0.631,-0.475,-0.103,"Other moving, excavating or boring machinery",84,Industrial Machinery,7,Machinery,
paises_interes,2022,8431,2765851256,0.25054927040500474,DOM,8431,7.3e-05,4573209,0.153342,0.823,1.065,1.013,-0.103,Parts for use with hoists and excavation machinery,84,Industrial Machinery,7,Machinery,0.04560473837954924
paises_interes,2022,8432,277746799,0.1702717099503864,DOM,8432,2.1e-05,228202,0.04382,0.825,0.853,0.66,-0.103,Machinery for soil preparation or cultivation,84,Industrial Machinery,7,Machinery,0.16023084810825497
paises_interes,2022,8433,1315097986,0.31996166960865885,DOM,8433,2e-06,62785,0.004878,0.838,1.0,0.955,-0.103,Harvesting or agricultural machinery,84,Industrial Machinery,7,Machinery,0.0
paises_interes,2022,8434,4616263,0.03271063304910929,DOM,8434,3e-06,6112,0.00654,0.821,0.812,0.637,-0.103,Dairy machinery,84,Industrial Machinery,7,Machinery,0.0
paises_interes,2022,8435,9121295,0.1961094148072332,DOM,8435,0.000331,133952,0.692505,0.844,0.973,0.612,-0.103,Machines for wine and juice production,84,Industrial Machinery,7,Machinery,0.0
paises_interes,2022,8436,142558046,0.09859390541982062,DOM,8436,6e-06,49554,0.012244,0.849,1.035,1.06,-0.103,Other agricultural machinery,84,Industrial Machinery,7,Machinery,0.16158130524276546
paises_interes,2022,8437,16027284,0.11679486863145672,DOM,8437,6e-06,13215,0.012839,0.829,0.606,-0.064,-0.103,Machinery for processing grain,84,Industrial Machinery,7,Machinery,0.2322360953461975
paises_interes,2022,8438,235110332,0.1085430576747337,DOM,8438,7e-05,988296,0.14798,0.832,0.962,0.713,-0.103,Machinery for the industrial preparation of food or drink,84,Industrial Machinery,7,Machinery,0.5535973028323499
paises_interes,2022,8439,53038468,0.09820503470169764,DOM,8439,8e-06,37757,0.016099,0.868,1.316,1.39,-0.103,Machinery for making paper,84,Industrial Machinery,7,Machinery,0.38037979712371217
paises_interes,2022,8440,6019187,0.03263930308083325,DOM,8440,3e-06,2543,0.006862,0.843,1.126,1.008,-0.103,Bookbinding machinery,84,Industrial Machinery,7,Machinery,0.0
paises_interes,2022,8441,190927374,0.15071891448075067,DOM,8441,0.00024,1872465,0.512812,0.853,1.327,1.439,-0.103,Other machinery for making paper,84,Industrial Machinery,7,Machinery,0.9161143198938297
paises_interes,2022,8442,10582458,0.10421752492219477,DOM,8442,9.6e-05,113273,0.200399,0.826,0.981,0.826,-0.103,Machinery for making printing components,84,Industrial Machinery,7,Machinery,0.5666840288506528
paises_interes,2022,8443,2646340240,0.37069269853218867,DOM,8443,5.2e-05,2187365,0.111945,0.869,1.291,1.329,-0.103,Printers and copiers,84,Industrial Machinery,7,Machinery,0.12916362838392312
paises_interes,2022,8444,14091875,0.11944057039396117,DOM,8444,5.9e-05,80624,0.123833,0.892,1.167,2.094,-0.103,"Machines to extrude, cut manmade textile fibres",84,Industrial Machinery,7,Machinery,0.08456538995832506
paises_interes,2022,8445,3924118,0.037055371808784696,DOM,8445,4e-06,18557,0.009363,0.873,1.207,0.78,-0.103,Machines for preparing textile fibers,84,Industrial Machinery,7,Machinery,0.0
paises_interes,2022,8447,78355073,0.3720010555505281,DOM,8447,1.7e-05,47396,0.038865,0.869,0.921,0.793,-0.103,Knitting machines,84,Industrial Machinery,7,Machinery,0.45045995442653386
paises_interes,2022,8448,52439808,0.20712642890653754,DOM,8448,1.6e-05,79806,0.03356,0.864,1.412,1.151,-0.103,Auxiliary machinery for use with knitting and textile machines,84,Industrial Machinery,7,Machinery,0.19473473172443176
paises_interes,2022,8449,7232482,0.06963807244070251,DOM,8449,0.0,0,0.0,0.87,0.876,0.161,-0.103,Machinery to manufacture felt,84,Industrial Machinery,7,Machinery,
paises_interes,2022,8450,491167755,0.3236362801630077,DOM,8450,1.1e-05,162867,0.023554,0.834,0.739,0.479,-0.103,Household- or laundry-type washing machines,84,Industrial Machinery,7,Machinery,0.5088016602503883
paises_interes,2022,8451,157668519,0.10777166234930256,DOM,8451,0.000121,1048238,0.25907,0.842,1.101,1.108,-0.103,Machinery for processing fabrics,84,Industrial Machinery,7,Machinery,0.36779338280047086
paises_interes,2022,8452,242754415,0.5492814599199878,DOM,8452,0.001119,5978904,2.526855,0.799,0.0,0.333,-0.103,Sewing machines,84,Industrial Machinery,7,Machinery,0.058302826069794735
paises_interes,2022,8453,12996543,0.24136210567864572,DOM,8453,0.000509,605457,1.153906,0.788,0.0,0.234,-0.103,Machinery for preparing leather,84,Industrial Machinery,7,Machinery,0.6457766612657877
paises_interes,2022,8454,35879566,0.11427683720312785,DOM,8454,2e-06,4124,0.003418,0.86,1.29,1.356,-0.103,Machines used in metallurgy,84,Industrial Machinery,7,Machinery,1.0
paises_interes,2022,8455,68127773,0.105326927086527,DOM,8455,8e-06,36310,0.015872,0.868,1.215,1.084,-0.103,Metal-rolling mills,84,Industrial Machinery,7,Machinery,0.5340952905535665
paises_interes,2022,8456,189636073,0.19321481775559537,DOM,8456,2e-06,14470,0.00433,0.882,1.437,1.935,-0.103,Machines for working materials by laser and similar means,84,Industrial Machinery,7,Machinery,1.0
paises_interes,2022,8457,10684369,0.007873878251162496,DOM,8457,3e-06,26676,0.006995,0.894,1.295,2.314,-0.103,Machining centers for working metal,84,Industrial Machinery,7,Machinery,0.0
paises_interes,2022,8458,30246152,0.028264253077422127,DOM,8458,2e-06,10564,0.003697,0.878,1.359,1.901,-0.103,Lathes for removing metal,84,Industrial Machinery,7,Machinery,0.0
paises_interes,2022,8459,47625182,0.14468378279352115,DOM,8459,3e-06,6921,0.005856,0.853,1.288,0.718,-0.103,Machine tools for drilling by removing metal,84,Industrial Machinery,7,Machinery,0.0
paises_interes,2022,8460,50656185,0.1001590067856629,DOM,8460,1e-05,36837,0.021758,0.876,1.264,1.683,-0.103,Machines with grinding stones for finishing metal,84,Industrial Machinery,7,Machinery,1.0
paises_interes,2022,8461,33239702,0.12829145009635531,DOM,8461,1e-06,1601,0.001555,0.88,1.374,1.881,-0.103,Other machine tools for planing and cutting metals,84,Industrial Machinery,7,Machinery,0.0
paises_interes,2022,8462,105477128,0.0813306990568009,DOM,8462,6e-06,50853,0.012337,0.864,1.248,1.501,-0.103,Machine tools for molding and forging metals,84,Industrial Machinery,7,Machinery,0.03020470768686213
paises_interes,2022,8463,14536805,0.04155369072700416,DOM,8463,8e-06,18109,0.018279,0.856,1.232,1.32,-0.103,"Other machine tools for working metal, without removal",84,Industrial Machinery,7,Machinery,0.09409685791595339
paises_interes,2022,8464,96191137,0.23830784226832413,DOM,8464,2.5e-05,63926,0.051771,0.863,1.262,1.241,-0.103,Machine tools for working stone,84,Industrial Machinery,7,Machinery,1.0
paises_interes,2022,8465,448155090,0.26699339217000556,DOM,8465,3.1e-05,287997,0.070308,0.863,1.103,1.027,-0.103,Machine tools for working wood,84,Industrial Machinery,7,Machinery,0.6267912512977566
paises_interes,2022,8466,289797095,0.10729549483149144,DOM,8466,4e-06,66673,0.007984,0.859,1.396,1.587,-0.103,Parts and accessories for metal working machines,84,Industrial Machinery,7,Machinery,0.26108019738124877
paises_interes,2022,8467,554311281,0.3206772035479872,DOM,8467,3.7e-05,336188,0.08504,0.876,1.096,1.181,-0.103,"Tools for hand working, pneumatic, hydraulic motors",84,Industrial Machinery,7,Machinery,0.2351690125762966
paises_interes,2022,8468,57991603,0.29750485944517757,DOM,8468,2e-06,2246,0.004651,0.861,1.212,0.874,-0.103,Machinery for soldering,84,Industrial Machinery,7,Machinery,0.0
paises_interes,2022,8470,519711618,0.4127456377380849,DOM,8470,1.1e-05,76104,0.026662,0.851,0.454,0.403,-0.103,"Cash registers, calculators, etc.",84,Industrial Machinery,7,Machinery,0.8965100388941448
paises_interes,2022,8471,54859283617,0.5144170072290333,DOM,8471,4e-05,13074036,0.089588,0.86,0.718,1.444,-0.103,Computers,84,Industrial Machinery,7,Machinery,0.8089098117826813
paises_interes,2022,8472,316459267,0.3131765274640587,DOM,8472,1.7e-05,73383,0.035826,0.87,0.973,0.996,-0.103,Other office machines,84,Industrial Machinery,7,Machinery,0.14767725495005654
paises_interes,2022,8473,22597252867,0.410148453649981,DOM,8473,1.4e-05,3361931,0.032403,0.87,1.039,1.587,-0.103,Parts and accessories for office machines,84,Industrial Machinery,7,Machinery,0.44489193859124415
paises_interes,2022,8474,302324698,0.13347604841121355,DOM,8474,0.000104,1935322,0.217402,0.815,0.578,0.033,-0.103,Machinery for working minerals,84,Industrial Machinery,7,Machinery,0.49020989788779334
paises_interes,2022,8475,24669577,0.028608664971941627,DOM,8475,0.0,0,0.0,0.875,1.316,1.72,-0.103,Machines for assembling electric lamps,84,Industrial Machinery,7,Machinery,
paises_interes,2022,8476,83816037,0.37062198824167153,DOM,8476,1.4e-05,24071,0.030578,0.828,1.013,0.971,-0.103,Automatic goods-vending machines,84,Industrial Machinery,7,Machinery,0.9068173320593245
paises_interes,2022,8477,569697645,0.14892414821408242,DOM,8477,0.000105,2954266,0.229134,0.881,1.42,1.678,-0.103,Machinery for working rubber or plastics,84,Industrial Machinery,7,Machinery,0.5730221990843072
paises_interes,2022,8478,6444295,0.09003279731809548,DOM,8478,0.001786,2125129,3.76312,0.779,0.0,-0.157,-0.103,Machinery for preparing tobacco,84,Industrial Machinery,7,Machinery,0.8520715683612619
paises_interes,2022,8479,3022117772,0.11867009902360386,DOM,8479,1e-05,2117676,0.022368,0.897,1.486,1.944,-0.103,Machines n.e.c.,84,Industrial Machinery,7,Machinery,0.7610838485207368
paises_interes,2022,8480,678760465,0.23032235538617363,DOM,8480,7.4e-05,1285337,0.158977,0.858,1.241,1.571,-0.103,Molding boxes for metal foundry,84,Industrial Machinery,7,Machinery,0.5371680734313258
paises_interes,2022,8481,5202074595,0.3255360933897169,DOM,8481,0.001068,104369897,2.273811,0.83,0.0,1.444,-0.103,Appliances for thermostatically controlled valves,84,Industrial Machinery,7,Machinery,0.925222547647048
paises_interes,2022,8482,802665688,0.22787960885617034,DOM,8482,9e-06,289075,0.018735,0.853,1.238,1.056,-0.103,Ball or roller bearings,84,Industrial Machinery,7,Machinery,0.3233520712617833
paises_interes,2022,8483,1899736794,0.1914215067047076,DOM,8483,1.1e-05,695551,0.024311,0.857,1.436,1.413,-0.103,Transmission shafts,84,Industrial Machinery,7,Machinery,0.42627787178797816
paises_interes,2022,8484,83288885,0.142556974777058,DOM,8484,4.8e-05,208245,0.10435,0.861,1.242,1.348,-0.103,Gaskets and similar joints of metal sheeting,84,Industrial Machinery,7,Machinery,0.7905976133880765
paises_interes,2022,8485,100968539,0.07778394588664915,DOM,8485,3.8e-05,464251,0.083722,0.858,1.597,1.226,-0.103,"Machinery parts, not containing electrical features, n.e.c.",84,Industrial Machinery,7,Machinery,0.9789165774548682
paises_interes,2022,8501,2858867623,0.24184959681950485,DOM,8501,2.6e-05,1654489,0.055796,0.833,1.145,0.935,-0.103,Electric motors and generators,85,Electrical machinery and equipment,8,Electronics,0.1932651108590024
paises_interes,2022,8502,955847445,0.3992669077407031,DOM,8502,4.7e-05,1036566,0.098244,0.832,0.723,0.126,-0.103,Electric generating sets and rotary converters,85,Electrical machinery and equipment,8,Electronics,0.3224512476774272
paises_interes,2022,8503,786844806,0.21397046564209854,DOM,8503,6e-06,141196,0.012686,0.826,1.053,0.68,-0.103,Parts for use with electric generators,85,Electrical machinery and equipment,8,Electronics,0.03827303889628601
paises_interes,2022,8504,8030728121,0.3423898923029439,DOM,8504,0.000203,26165842,0.443465,0.829,1.052,1.075,-0.103,Electrical transformers,85,Electrical machinery and equipment,8,Electronics,0.7652679779997142
paises_interes,2022,8505,787220946,0.5334893508715369,DOM,8505,2.6e-05,311202,0.054326,0.877,1.15,1.241,-0.103,Electromagnets,85,Electrical machinery and equipment,8,Electronics,0.9332619970308674
paises_interes,2022,8506,778388609,0.5737651624196234,DOM,8506,0.000471,3873905,1.004398,0.818,0.0,1.061,-0.103,Primary cells and primary batteries,85,Electrical machinery and equipment,8,Electronics,0.608221419988358
paises_interes,2022,8507,11940395906,0.5176160325090626,DOM,8507,1.8e-05,2124988,0.037561,0.872,1.006,1.233,-0.103,Batteries,85,Electrical machinery and equipment,8,Electronics,0.1575867722547139
paises_interes,2022,8508,3957941135,0.6857466964721909,DOM,8508,5e-06,101560,0.009728,0.864,1.121,1.142,-0.103,Vacuum cleaners,85,Electrical machinery and equipment,8,Electronics,0.693855848759354
paises_interes,2022,8509,6084105744,0.8775246102540525,DOM,8509,1e-06,22976,0.001582,0.84,0.901,0.58,-0.103,Electromechanical domestic appliances,85,Electrical machinery and equipment,8,Electronics,0.45134052924791085
paises_interes,2022,8510,460392628,0.7066218580810306,DOM,8510,3.5e-05,158055,0.072681,0.868,0.902,0.865,-0.103,Electric shavers and hair clippers,85,Electrical machinery and equipment,8,Electronics,0.03910031318212015
paises_interes,2022,8511,626139912,0.1530857867161064,DOM,8511,0.000537,10450454,1.1257,0.826,0.0,0.988,-0.103,Electrical ignition equipment,85,Electrical machinery and equipment,8,Electronics,0.9630826565046839
paises_interes,2022,8512,1432251811,0.18989588866226234,DOM,8512,7e-06,237103,0.015876,0.833,1.085,0.844,-0.103,Electrical lighting equipment used for motor vehicles,85,Electrical machinery and equipment,8,Electronics,0.36776843818931015
paises_interes,2022,8513,922592335,0.9629886656440545,DOM,8513,3.1e-05,116565,0.060454,0.858,0.001,0.417,-0.103,Portable electric lamps,85,Electrical machinery and equipment,8,Electronics,0.6405353236391713
paises_interes,2022,8514,93485191,0.15843789553517804,DOM,8514,1e-06,3257,0.00122,0.855,1.248,0.937,-0.103,Industrial electric furnaces,85,Electrical machinery and equipment,8,Electronics,0.0
paises_interes,2022,8515,278861058,0.15281998099718203,DOM,8515,4.4e-05,503112,0.091564,0.891,1.631,2.147,-0.103,Electric soldering machines,85,Electrical machinery and equipment,8,Electronics,0.8487255322870454
paises_interes,2022,8516,8546665227,0.6567415896142802,DOM,8516,5e-06,322366,0.010677,0.827,0.822,0.669,-0.103,Electric heaters,85,Electrical machinery and equipment,8,Electronics,0.4940316286457008
paises_interes,2022,8517,4151548278,0.5816918659543936,DOM,8517,8e-06,700949,0.018332,0.871,0.607,1.042,-0.103,Telephones,85,Electrical machinery and equipment,8,Electronics,0.07942375265532871
paises_interes,2022,8518,5732032120,0.6426852358831544,DOM,8518,2.4e-05,1096331,0.051161,0.845,0.725,0.628,-0.103,Microphones,85,Electrical machinery and equipment,8,Electronics,0.42695591021324764
paises_interes,2022,8519,598936904,0.7876324429229266,DOM,8519,4e-06,11746,0.0076,0.858,0.888,0.673,-0.103,Sound reproducing apparatus,85,Electrical machinery and equipment,8,Electronics,0.6970883705091094
paises_interes,2022,8521,4412735734,0.4722011244251216,DOM,8521,3e-06,113946,0.005678,0.871,1.02,1.182,-0.103,Video recording apparatus,85,Electrical machinery and equipment,8,Electronics,0.15123830586418127
paises_interes,2022,8522,43977092,0.44692118976905565,DOM,8522,0.0,0,0.0,0.876,0.993,1.379,-0.103,Parts and accessories for video or sound equipment,85,Electrical machinery and equipment,8,Electronics,
paises_interes,2022,8523,2292202663,0.1990899520964631,DOM,8523,1.9e-05,1100155,0.047059,0.886,0.931,2.085,-0.103,Sound storage media,85,Electrical machinery and equipment,8,Electronics,0.020568010871195423
paises_interes,2022,8525,80414005374,0.7380767986207503,DOM,8525,1.8e-05,9184972,0.039634,0.854,0.763,0.916,-0.103,"Transmission apparatus for radio, telephone and TV",85,Electrical machinery and equipment,8,Electronics,0.025068231019103816
paises_interes,2022,8526,802541823,0.21816824046886515,DOM,8526,2e-06,32875,0.003719,0.837,1.017,0.915,-0.103,Radar,85,Electrical machinery and equipment,8,Electronics,0.0966083650190114
paises_interes,2022,8527,852305865,0.27435683921273923,DOM,8527,4e-06,40226,0.007941,0.862,0.721,1.115,-0.103,Reception apparatus for radio broadcasting,85,Electrical machinery and equipment,8,Electronics,0.055585939442151844
paises_interes,2022,8528,6854617170,0.3057675032157996,DOM,8528,3.1e-05,2502265,0.067219,0.821,0.489,0.538,-0.103,Monitors and projectors,85,Electrical machinery and equipment,8,Electronics,0.04757889352246864
paises_interes,2022,8529,1324496691,0.32051020596749696,DOM,8529,1.8e-05,882336,0.043106,0.857,0.79,0.231,-0.103,"Parts of radios, telephones, and T.V.s",85,Electrical machinery and equipment,8,Electronics,0.746425398034309
paises_interes,2022,8530,56086747,0.19015948647410427,DOM,8530,7.9e-05,187006,0.168931,0.84,1.111,1.005,-0.103,Electric signal and traffic controls,85,Electrical machinery and equipment,8,Electronics,0.1741762296396907
paises_interes,2022,8531,1435800610,0.42405977126020683,DOM,8531,0.001879,34729795,4.172958,0.808,0.0,0.836,-0.103,Electric sound or visual signaling apparatus,85,Electrical machinery and equipment,8,Electronics,0.9877957816911963
paises_interes,2022,8532,427105610,0.1614417867774854,DOM,8532,0.001059,33886664,2.474418,0.799,0.0,0.87,-0.103,Electrical capacitors,85,Electrical machinery and equipment,8,Electronics,0.6898878862788028
paises_interes,2022,8533,178332280,0.15252674962366752,DOM,8533,3.1e-05,435017,0.071931,0.851,1.176,1.015,-0.103,Electrical resistors,85,Electrical machinery and equipment,8,Electronics,0.4694046439564431
paises_interes,2022,8534,938484860,0.3089772498405589,DOM,8534,1e-06,73553,0.003823,0.851,0.781,0.713,-0.103,Electronic printed circuits,85,Electrical machinery and equipment,8,Electronics,0.6285943469335037
paises_interes,2022,8535,87683293,0.07716996366885139,DOM,8535,0.000562,4901216,1.179821,0.817,0.0,0.936,-0.103,Electrical apparatus for > 1k volts,85,Electrical machinery and equipment,8,Electronics,0.8920447497110922
paises_interes,2022,8536,3826740781,0.25696584901416963,DOM,8536,0.007186,780470116,15.642668,0.807,0.0,0.806,-0.103,Electrical apparatus for < 1k volts,85,Electrical machinery and equipment,8,Electronics,0.9165626707993006
paises_interes,2022,8537,2720197234,0.16831507741732749,DOM,8537,5.6e-05,4212123,0.118761,0.816,0.906,0.856,-0.103,Electrical boards,85,Electrical machinery and equipment,8,Electronics,0.14504704634693716
paises_interes,2022,8538,1248559819,0.23224404419306072,DOM,8538,0.000226,9036903,0.483073,0.838,1.165,1.094,-0.103,Parts for electrical apparatus,85,Electrical machinery and equipment,8,Electronics,0.2762236133330191
paises_interes,2022,8539,946888066,0.5993535679205166,DOM,8539,4e-05,331945,0.0838,0.854,1.085,0.803,-0.103,Electrical filament,85,Electrical machinery and equipment,8,Electronics,0.2676919369172604
paises_interes,2022,8540,17329766,0.06700014813689209,DOM,8540,1e-06,2176,0.002789,0.873,1.35,1.314,-0.103,"Thermionic, cold cathode or photocathode tubes",85,Electrical machinery and equipment,8,Electronics,0.4912683823529412
paises_interes,2022,8541,9044619775,0.5471309757722493,DOM,8541,5.6e-05,7792582,0.12367,0.849,0.726,0.815,-0.103,Semiconductor devices,85,Electrical machinery and equipment,8,Electronics,0.6655339655071965
paises_interes,2022,8542,10494962626,0.3332042155045056,DOM,8542,4e-06,3836016,0.012518,0.876,1.048,1.713,-0.103,Electronic integrated circuits,85,Electrical machinery and equipment,8,Electronics,0.8722849435455953
paises_interes,2022,8543,10183780795,0.5538305783578347,DOM,8543,7e-05,4631368,0.148603,0.869,1.004,1.379,-0.103,Electrical machines with individual functions n.e.c.,85,Electrical machinery and equipment,8,Electronics,0.10490572116057285
paises_interes,2022,8544,6840199791,0.2354367859671839,DOM,8544,0.000134,19781046,0.282,0.751,0.138,-0.36,-0.103,Insulated electrical wire,85,Electrical machinery and equipment,8,Electronics,0.14710405101934448
paises_interes,2022,8545,106800803,0.219425174261674,DOM,8545,0.004335,34501208,9.158622,0.832,0.0,0.8,-0.103,Carbon articles for eletrical purposes,85,Electrical machinery and equipment,8,Electronics,0.9996571714242586
paises_interes,2022,8546,131992111,0.33745675421776805,DOM,8546,1e-06,3163,0.002859,0.845,1.061,0.828,-0.103,Electrical insulators of any material,85,Electrical machinery and equipment,8,Electronics,1.0
paises_interes,2022,8547,223543647,0.3559061465615878,DOM,8547,1e-05,66058,0.021655,0.857,1.149,1.173,-0.103,Insulating fittings for electrical machines,85,Electrical machinery and equipment,8,Electronics,0.40055708619697844
paises_interes,2022,8548,107573976,0.21460756928211736,DOM,8548,0.000189,1205777,0.419553,0.833,0.502,-0.831,-0.103,Waste and scrap of batteries,85,Electrical machinery and equipment,8,Electronics,0.025136488753724776
paises_interes,2022,8601,0,0.0,DOM,8601,0.0,0,0.0,0.874,1.13,1.359,-0.103,Electric trains,86,Trains,6,Vehicles,
paises_interes,2022,8602,0,0.0,DOM,8602,0.0,0,0.0,0.865,0.86,0.155,-0.103,Other rail locomotives,86,Trains,6,Vehicles,
paises_interes,2022,8604,9588,0.0002480725477143794,DOM,8604,0.0,0,0.0,0.88,1.169,1.61,-0.103,Railway service vehicles,86,Trains,6,Vehicles,
paises_interes,2022,8606,7673,2.454669793983592e-05,DOM,8606,0.0,0,0.0,0.846,0.629,0.56,-0.103,"Railway cars, not self-propelled",86,Trains,6,Vehicles,
paises_interes,2022,8607,235256072,0.25178804659625476,DOM,8607,4e-06,42634,0.008123,0.84,1.065,0.982,-0.103,Parts of railway locomotives,86,Trains,6,Vehicles,0.18074776000375287
paises_interes,2022,8608,10039832,0.19704176483920063,DOM,8608,1.3e-05,11835,0.027199,0.825,1.056,0.809,-0.103,Railway track fixtures,86,Trains,6,Vehicles,0.0
paises_interes,2022,8609,2455484658,0.8836973464936123,DOM,8609,1.6e-05,269662,0.030846,0.84,0.001,-0.684,-0.103,Containers for multimodal transportation,86,Trains,6,Vehicles,0.6554056559693245
paises_interes,2022,8701,138412339,0.01964531096470554,DOM,8701,1e-06,59633,0.002115,0.843,1.172,1.066,-0.103,Tractors,87,Vehicles,6,Vehicles,0.0
paises_interes,2022,8702,18792438,0.026666659136453122,DOM,8702,1.3e-05,170007,0.026869,0.817,0.463,0.09,-0.103,Buses,87,Vehicles,6,Vehicles,0.046221626168334244
paises_interes,2022,8703,2677763677,0.01737979723464652,DOM,8703,3e-06,1896853,0.005439,0.841,1.004,0.955,-0.103,Cars,87,Vehicles,6,Vehicles,0.474905540914346
paises_interes,2022,8704,14138505,0.00041625650760741096,DOM,8704,5e-06,754880,0.010874,0.846,0.848,0.657,-0.103,Motor vehicles for transporting goods,87,Vehicles,6,Vehicles,0.20906899109792285
paises_interes,2022,8705,3508471,0.0035167273685456843,DOM,8705,7e-06,90005,0.014735,0.817,0.549,0.041,-0.103,Special purpose motor vehicles,87,Vehicles,6,Vehicles,0.0
paises_interes,2022,8706,334325,0.003245739986291439,DOM,8706,0.0,0,0.0,0.856,0.662,0.414,-0.103,Vehicle chassis fitted with engines,87,Vehicles,6,Vehicles,
paises_interes,2022,8707,4968144,0.007487624008030479,DOM,8707,2e-06,17445,0.004515,0.852,0.987,0.878,-0.103,Vehicle Bodies,87,Vehicles,6,Vehicles,0.0
paises_interes,2022,8708,12067304370,0.14246513862848056,DOM,8708,3.3e-05,13042681,0.070164,0.832,1.059,1.034,-0.103,Parts of motor vehicles,87,Vehicles,6,Vehicles,0.567630765484489
paises_interes,2022,8709,42219476,0.17853480745881506,DOM,8709,0.000112,174415,0.236647,0.84,0.861,0.403,-0.103,Work trucks,87,Vehicles,6,Vehicles,0.0
paises_interes,2022,8710,1295663,0.0038033324213920293,DOM,8710,0.0,0,0.0,0.849,0.715,-0.033,-0.103,Tanks and other armored fighting vehicles,87,Vehicles,6,Vehicles,
paises_interes,2022,8711,1990231560,0.4004289864399872,DOM,8711,3e-06,100664,0.005529,0.845,0.958,0.281,-0.103,Motorcycles,87,Vehicles,6,Vehicles,0.026762298339028847
paises_interes,2022,8712,1184049631,0.6007977196769102,DOM,8712,3e-06,33899,0.007404,0.819,0.777,0.245,-0.103,Bicycles,87,Vehicles,6,Vehicles,0.8708516475412255
paises_interes,2022,8713,368923557,0.7862718149642597,DOM,8713,7e-06,13463,0.015196,0.861,0.853,0.887,-0.103,Wheelchairs,87,Vehicles,6,Vehicles,0.0
paises_interes,2022,8714,735068446,0.3141687897797886,DOM,8714,1.6e-05,501600,0.038891,0.85,0.873,0.908,-0.103,Parts of motorcycles or wheelchairs,87,Vehicles,6,Vehicles,0.028347288676236045
paises_interes,2022,8715,494728521,0.956765553261406,DOM,8715,1.1e-05,25642,0.023357,0.855,0.699,0.532,-0.103,Baby carriages,87,Vehicles,6,Vehicles,0.04465330317447937
paises_interes,2022,8716,1651394564,0.25108150040497934,DOM,8716,5e-06,190661,0.011527,0.826,0.876,1.039,-0.103,Trailers and semi-trailers,87,Vehicles,6,Vehicles,0.07949711792133682
paises_interes,2022,8801,2230967,0.1621474748373341,DOM,8801,6.3e-05,5071,0.124609,0.845,0.002,0.128,-0.103,"Gliders, hang gliders",88,Aircraft,6,Vehicles,1.0
paises_interes,2022,8802,328420851,0.0263973713741563,DOM,8802,1.1e-05,1080577,0.023033,0.859,0.853,0.217,-0.103,Other aircraft and spacecraft,88,Aircraft,6,Vehicles,0.013518703433443429
paises_interes,2022,8803,976218973,0.06999116624617703,DOM,8803,1e-06,89308,0.00304,0.829,0.774,0.347,-0.103,Parts of other aircraft,88,Aircraft,6,Vehicles,0.0
paises_interes,2022,8804,5637817,0.09784525875739153,DOM,8804,0.0,0,0.0,0.846,0.821,0.566,-0.103,Parachutes,88,Aircraft,6,Vehicles,
paises_interes,2022,8805,687035,0.001038531676999097,DOM,8805,0.0,0,0.0,0.865,0.378,0.317,-0.103,Aircraft launching gear,88,Aircraft,6,Vehicles,
paises_interes,2022,8901,135393977,0.017337209288479795,DOM,8901,0.0,0,0.0,0.849,0.7,-0.369,-0.103,Cargo ships and similar vessels,89,Ships,6,Vehicles,
paises_interes,2022,8902,68384,0.022481462425968875,DOM,8902,0.0,0,0.0,0.808,0.157,-0.745,-0.103,Fishing vessels,89,Ships,6,Vehicles,
paises_interes,2022,8903,254669784,0.08226012242132544,DOM,8903,0.000114,1805613,0.252895,0.817,0.674,0.138,-0.103,Pleasure or sport boats,89,Ships,6,Vehicles,0.12519238618685177
paises_interes,2022,8905,2928040,0.0031250519400711128,DOM,8905,0.0,6276,0.000583,0.845,0.303,-1.053,-0.103,"Special function vessels, n.e.c.",89,Ships,6,Vehicles,0.0
paises_interes,2022,8906,1015450,0.007411623064287803,DOM,8906,0.0,0,0.0,0.832,0.435,-0.029,-0.103,Other vessels,89,Ships,6,Vehicles,
paises_interes,2022,8907,33174127,0.30360380936301634,DOM,8907,6e-05,67496,0.126767,0.8,0.362,-0.323,-0.103,Other floating structures,89,Ships,6,Vehicles,0.9798062107384141
paises_interes,2022,9001,454674476,0.12426191684238148,DOM,9001,1e-06,33745,0.002368,0.843,1.074,1.019,-0.103,Optical fibers,90,"Apparatuses (optical, medical, etc.)",7,Machinery,0.14852570751222402
paises_interes,2022,9002,301275282,0.19490131974441696,DOM,9002,3e-06,46579,0.007188,0.882,1.17,2.121,-0.103,Lenses and other optical elements,90,"Apparatuses (optical, medical, etc.)",7,Machinery,0.9704158526374547
paises_interes,2022,9003,347427432,0.35035555341289254,DOM,9003,1.3e-05,75678,0.02847,0.849,0.859,0.508,-0.103,"Frames for spectacles, goggles",90,"Apparatuses (optical, medical, etc.)",7,Machinery,0.0
paises_interes,2022,9004,1053433167,0.35046785636411043,DOM,9004,2e-06,23066,0.004571,0.861,0.609,0.782,-0.103,Glasses,90,"Apparatuses (optical, medical, etc.)",7,Machinery,0.6653515997572185
paises_interes,2022,9005,256327007,0.5320783746876478,DOM,9005,8e-06,14369,0.01732,0.83,0.731,0.638,-0.103,Binoculars and telescopes,90,"Apparatuses (optical, medical, etc.)",7,Machinery,1.0
paises_interes,2022,9006,149081800,0.4426777640655301,DOM,9006,6e-06,19327,0.012737,0.854,0.599,0.496,-0.103,Photographic cameras,90,"Apparatuses (optical, medical, etc.)",7,Machinery,0.8628861178661975
paises_interes,2022,9007,49021823,0.35093360760593034,DOM,9007,7.5e-05,51626,0.162118,0.82,0.719,0.314,-0.103,Cinematographic cameras and projectors,90,"Apparatuses (optical, medical, etc.)",7,Machinery,0.8875953976678418
paises_interes,2022,9008,27868628,0.45901145443959385,DOM,9008,2.1e-05,6149,0.045175,0.83,0.572,0.153,-0.103,Still image projectors,90,"Apparatuses (optical, medical, etc.)",7,Machinery,1.0
paises_interes,2022,9009,125518065,0.41383436576081867,DOM,9009,3.6e-05,58173,0.076156,0.827,0.579,0.544,-0.103,Electrostatic photo-copyers,90,"Apparatuses (optical, medical, etc.)",7,Machinery,0.2996235366922799
paises_interes,2022,9010,66428359,0.17576425531545817,DOM,9010,0.0,0,0.0,0.895,1.026,2.216,-0.103,"Apparatus and equipment for photographic laboratories, n.e.c.",90,"Apparatuses (optical, medical, etc.)",7,Machinery,
paises_interes,2022,9011,636713142,0.08720624074040047,DOM,9011,0.002064,6312832,4.369274,0.839,0.0,1.269,-0.103,Optical microscopes,90,"Apparatuses (optical, medical, etc.)",7,Machinery,0.09421629675120555
paises_interes,2022,9012,20839396,0.009760580315429498,DOM,9012,2.7e-05,84663,0.055834,0.893,1.387,2.255,-0.103,"Microscopes, other than optical",90,"Apparatuses (optical, medical, etc.)",7,Machinery,0.6250032489603997
paises_interes,2022,9013,525680981,0.17419395453546535,DOM,9013,8e-06,167120,0.022305,0.855,1.145,1.167,-0.103,Liquid crystal devices,90,"Apparatuses (optical, medical, etc.)",7,Machinery,0.6831769647483709
paises_interes,2022,9014,47828491,0.031656025515034714,DOM,9014,6.1e-05,388749,0.135907,0.855,1.098,1.022,-0.103,Navigational instruments,90,"Apparatuses (optical, medical, etc.)",7,Machinery,0.9473696395360502
paises_interes,2022,9015,288072512,0.20468571545927514,DOM,9015,1.4e-05,131300,0.02938,0.845,0.886,0.342,-0.103,Surveying instruments,90,"Apparatuses (optical, medical, etc.)",7,Machinery,0.3619345011424219
paises_interes,2022,9016,19343246,0.38857165883998923,DOM,9016,2.4e-05,9849,0.04985,0.876,1.225,1.404,-0.103,Balances of a sensitivity < 50 milligram,90,"Apparatuses (optical, medical, etc.)",7,Machinery,0.1368666869732968
paises_interes,2022,9017,201215156,0.5505028333275315,DOM,9017,0.000135,335777,0.286747,0.874,1.343,1.885,-0.103,Drafting tables and machines,90,"Apparatuses (optical, medical, etc.)",7,Machinery,0.7347823108789464
paises_interes,2022,9018,3363979921,0.09538264276713689,DOM,9018,0.009299,1354221545,19.559786,0.806,0.0,0.955,-0.103,Medical instruments,90,"Apparatuses (optical, medical, etc.)",7,Machinery,0.7217074426326602
paises_interes,2022,9019,2038296170,0.3916409334027435,DOM,9019,0.002051,35696521,4.305788,0.812,0.0,0.466,-0.103,Therapy applicances,90,"Apparatuses (optical, medical, etc.)",7,Machinery,0.6006969698811825
paises_interes,2022,9020,12531065,0.05872483811200573,DOM,9020,0.001922,3497559,4.154375,0.803,0.0,0.548,-0.103,Other breathing appliances and gas masks,90,"Apparatuses (optical, medical, etc.)",7,Machinery,0.6661594557804458
paises_interes,2022,9021,1305648948,0.09681300056413882,DOM,9021,0.000607,38626685,1.273813,0.816,0.0,1.029,-0.103,Orthopedic appliances,90,"Apparatuses (optical, medical, etc.)",7,Machinery,0.7451601244581987
paises_interes,2022,9022,440143210,0.10311383968302208,DOM,9022,3.4e-05,803135,0.070683,0.893,1.393,1.598,-0.103,X-ray machines,90,"Apparatuses (optical, medical, etc.)",7,Machinery,0.28597152371764467
paises_interes,2022,9023,174536560,0.24528952888871938,DOM,9023,0.000189,614906,0.400072,0.863,0.999,0.864,-0.103,Instruments designed for demonstrational purposes,90,"Apparatuses (optical, medical, etc.)",7,Machinery,0.9285451760106422
paises_interes,2022,9024,52326023,0.13860875067974243,DOM,9024,2.3e-05,53194,0.049982,0.876,1.297,1.412,-0.103,Machines for testing the mechanical properties of materials,90,"Apparatuses (optical, medical, etc.)",7,Machinery,0.8886005190656818
paises_interes,2022,9025,424328023,0.3317263933101908,DOM,9025,1.6e-05,118436,0.034472,0.843,1.101,0.913,-0.103,"Thermometers, hydrometers etc.",90,"Apparatuses (optical, medical, etc.)",7,Machinery,0.2889324191968658
paises_interes,2022,9026,663555940,0.17352542015429578,DOM,9026,1.5e-05,346512,0.031225,0.861,1.376,1.377,-0.103,Instruments for measuring properties of liquids or gases,90,"Apparatuses (optical, medical, etc.)",7,Machinery,0.6614518400517154
paises_interes,2022,9027,709165173,0.09703344928464987,DOM,9027,0.000364,18025855,0.770533,0.871,1.514,1.602,-0.103,Instruments for physical or chemical analysis,90,"Apparatuses (optical, medical, etc.)",7,Machinery,0.010405997385422217
paises_interes,2022,9028,250634822,0.171266879807044,DOM,9028,6e-06,50673,0.012937,0.822,0.713,0.455,-0.103,"Gas, liquid or electricity meters",90,"Apparatuses (optical, medical, etc.)",7,Machinery,0.06356442286819411
paises_interes,2022,9029,157494977,0.09418457573623991,DOM,9029,9e-06,78984,0.019555,0.858,1.025,1.173,-0.103,Meters,90,"Apparatuses (optical, medical, etc.)",7,Machinery,0.8815962726628178
paises_interes,2022,9030,1611031237,0.3348483640057962,DOM,9030,0.000155,5237341,0.347276,0.878,1.206,1.439,-0.103,Instruments for measuring electricity,90,"Apparatuses (optical, medical, etc.)",7,Machinery,0.07344356611494268
paises_interes,2022,9031,1052753973,0.1585130139083261,DOM,9031,1.1e-05,555447,0.023007,0.879,1.502,1.548,-0.103,Measuring instruments,90,"Apparatuses (optical, medical, etc.)",7,Machinery,0.2667437217232247
paises_interes,2022,9032,1013065523,0.1503492456537462,DOM,9032,1.1e-05,368801,0.022603,0.849,1.068,1.286,-0.103,Automatic regulating instruments,90,"Apparatuses (optical, medical, etc.)",7,Machinery,0.42013172415476097
paises_interes,2022,9033,93434203,0.12015081617003902,DOM,9033,0.000727,2746041,1.572301,0.813,0.0,0.984,-0.103,Other parts for machines and appliances,90,"Apparatuses (optical, medical, etc.)",7,Machinery,0.7217113655622768
paises_interes,2022,9101,54390423,0.03093911390091933,DOM,9101,3.1e-05,491950,0.069696,0.861,0.602,0.601,-0.103,Watches with precious metal,91,Clocks,7,Machinery,0.915032607207987
paises_interes,2022,9102,156530264,0.049752911511680174,DOM,9102,4.9e-05,1229166,0.108518,0.85,0.546,0.955,-0.103,Watches,91,Clocks,7,Machinery,0.6820722343442627
paises_interes,2022,9103,883921,0.022655772742905304,DOM,9103,6.8e-05,3826,0.135376,0.852,0.003,0.731,-0.103,Clocks with watch movements,91,Clocks,7,Machinery,0.8436644465329138
paises_interes,2022,9104,388954,0.09525136600245675,DOM,9104,0.0,0,0.0,0.856,0.003,-0.149,-0.103,Instrument panel clocks for vehicles,91,Clocks,7,Machinery,
paises_interes,2022,9105,232123075,0.868984989973131,DOM,9105,6.5e-05,88647,0.129225,0.886,0.002,0.673,-0.103,Other clocks,91,Clocks,7,Machinery,0.014439292925874536
paises_interes,2022,9106,39571285,0.6412805338962719,DOM,9106,7e-06,2758,0.016427,0.849,0.682,0.517,-0.103,Apparatus for measuring intervals of time,91,Clocks,7,Machinery,0.3658448150833938
paises_interes,2022,9107,26399088,0.23208094116503575,DOM,9107,2.5e-05,10744,0.055136,0.858,0.921,0.898,-0.103,Time switches,91,Clocks,7,Machinery,0.5485852568875651
paises_interes,2022,9108,308625,0.009348884748099924,DOM,9108,2.1e-05,19582,0.047946,0.885,0.995,1.544,-0.103,"Watch movements, complete",91,Clocks,7,Machinery,1.0
paises_interes,2022,9109,8903816,0.05758048154134287,DOM,9109,0.0,0,0.0,0.855,0.003,-0.066,-0.103,"Clock movements, complete",91,Clocks,7,Machinery,0.17754533742366732
paises_interes,2022,9110,221296,0.05805019688369998,DOM,9110,5.7e-05,15824,0.123474,0.885,1.017,1.635,-0.103,"Clock movements, complete, unassembled",91,Clocks,7,Machinery,1.0
paises_interes,2022,9111,3380854,0.16939624690691943,DOM,9111,1e-06,1421,0.003436,0.866,0.725,0.869,-0.103,Watch cases and parts,91,Clocks,7,Machinery,1.0
paises_interes,2022,9113,49607049,0.39233557197779145,DOM,9113,1e-05,19813,0.022872,0.837,0.793,0.232,-0.103,Watch straps,91,Clocks,7,Machinery,0.5140564275980417
paises_interes,2022,9114,3797204,0.06430483426306716,DOM,9114,0.0,0,0.0,0.869,1.003,1.051,-0.103,Other clock or watch parts,91,Clocks,7,Machinery,
paises_interes,2022,9201,57843222,0.4193018934064927,DOM,9201,5e-06,4612,0.010121,0.874,0.967,0.749,-0.103,Pianos,92,Musical instruments,7,Machinery,0.6795316565481353
paises_interes,2022,9202,200072364,0.7146506349828222,DOM,9202,1.2e-05,13946,0.02562,0.865,0.597,-0.147,-0.103,"Musical instruments, string",92,Musical instruments,7,Machinery,0.5894880252402123
paises_interes,2022,9205,115697443,0.45889802124947876,DOM,9205,9e-06,7482,0.020442,0.885,1.39,1.74,-0.103,"Musical instruments, wind",92,Musical instruments,7,Machinery,0.0
paises_interes,2022,9206,76324613,0.4769394438556069,DOM,9206,0.000292,153772,0.662777,0.846,0.599,-0.71,-0.103,"Musical instruments, percussion",92,Musical instruments,7,Machinery,0.19523060114975418
paises_interes,2022,9207,452254609,0.7184106172881074,DOM,9207,1.1e-05,31503,0.024011,0.88,0.999,1.258,-0.103,"Musical instruments, electric",92,Musical instruments,7,Machinery,0.0
paises_interes,2022,9208,24057778,0.755883459277369,DOM,9208,0.0,0,0.0,0.874,0.809,0.367,-0.103,"Other musical instruments, n.e.c.",92,Musical instruments,7,Machinery,
paises_interes,2022,9209,78433537,0.26721903457315976,DOM,9209,0.0,0,0.0,0.858,1.39,1.094,-0.103,Parts of musical instruments,92,Musical instruments,7,Machinery,
paises_interes,2022,9301,82211,0.002099586403620796,DOM,9301,0.0,0,0.0,0.841,0.786,0.748,-0.103,"Military weapons, other than pistols and swords",93,Arms and ammunition,7,Machinery,
paises_interes,2022,9302,0,0.0,DOM,9302,0.0,0,0.0,0.855,1.002,0.86,-0.103,Revolvers and pistols,93,Arms and ammunition,7,Machinery,
paises_interes,2022,9303,6816446,0.007542952783870916,DOM,9303,0.0,0,0.0,0.842,0.857,0.853,-0.103,Other firearms,93,Arms and ammunition,7,Machinery,
paises_interes,2022,9304,93662445,0.3187055490352947,DOM,9304,0.0,0,0.0,0.848,0.748,0.463,-0.103,"Other arms (air guns, truncheons, etc.)",93,Arms and ammunition,7,Machinery,
paises_interes,2022,9305,38010154,0.05378996074806376,DOM,9305,8e-06,18129,0.016657,0.836,0.808,0.825,-0.103,Parts of military weapons,93,Arms and ammunition,7,Machinery,1.0
paises_interes,2022,9306,6743412,0.005276695143025325,DOM,9306,0.0,2202,0.000572,0.827,0.585,0.479,-0.103,Munitions of war,93,Arms and ammunition,7,Machinery,0.0
paises_interes,2022,9307,16121002,0.4993283336287199,DOM,9307,0.000254,26305,0.502427,0.867,0.004,0.477,-0.103,Swords,93,Arms and ammunition,7,Machinery,0.0
paises_interes,2022,9401,13546622461,0.6926141361623847,DOM,9401,0.000348,27930872,0.730691,0.796,0.495,0.217,-0.103,Seats,94,Furniture,0,Textiles,0.8314006809382822
paises_interes,2022,9402,359091777,0.38711187729611396,DOM,9402,0.001946,9221678,4.171259,0.811,0.0,0.746,-0.103,"Medical, dental or veterinary furniture",94,Furniture,0,Textiles,0.8537310671658672
paises_interes,2022,9403,18696313014,0.6358305292744896,DOM,9403,4.1e-05,4336145,0.08648,0.801,0.606,0.46,-0.103,Other furniture and parts,94,Furniture,0,Textiles,0.6794233126429121
paises_interes,2022,9404,3652438884,0.6821528907198863,DOM,9404,0.000478,9758173,1.005331,0.746,0.0,-0.722,-0.103,Mattresses and bedding,94,Furniture,0,Textiles,0.6648074388515145
paises_interes,2022,9405,12420664052,0.8279804348841555,DOM,9405,7e-06,446303,0.014604,0.854,0.594,0.7,-0.103,Lamps,94,Furniture,0,Textiles,0.5787099795430458
paises_interes,2022,9406,276630035,0.30064063105437505,DOM,9406,7e-06,83635,0.015006,0.79,0.481,0.155,-0.103,Prefabricated buildings,94,Furniture,0,Textiles,0.38314102947330664
paises_interes,2022,9503,14054451491,0.8805872115134381,DOM,9503,4e-06,278465,0.008468,0.846,0.002,0.026,-0.103,Toys,95,Toys,7,Machinery,0.3434147918050742
paises_interes,2022,9504,9626769700,0.8135338678995616,DOM,9504,1.4e-05,523722,0.030138,0.859,0.84,0.82,-0.103,Games,95,Toys,7,Machinery,0.2960788357181864
paises_interes,2022,9505,8009945238,0.9613079726346945,DOM,9505,2.7e-05,405196,0.052596,0.849,0.001,-0.493,-0.103,Christmas and other festivity articles,95,Toys,7,Machinery,0.38562078598999006
paises_interes,2022,9506,6772485705,0.6596026774389717,DOM,9506,0.000168,5963239,0.37565,0.829,0.67,0.401,-0.103,Sports equipment,95,Toys,7,Machinery,0.9182407413152484
paises_interes,2022,9507,789168982,0.7586751518018243,DOM,9507,0.002133,9108493,4.522487,0.76,0.0,-0.686,-0.103,Fishing and hunting equipment,95,Toys,7,Machinery,0.9442204105552916
paises_interes,2022,9508,13221881,0.04209583076363492,DOM,9508,0.000153,195895,0.323376,0.834,0.653,0.439,-0.103,Fairground amusements,95,Toys,7,Machinery,1.0
paises_interes,2022,9601,4061749,0.14007889736541593,DOM,9601,4.8e-05,6561,0.094548,0.8,-0.0,-1.264,-0.103,Worked animal carving material,96,Miscellaneous manufactured articles,7,Machinery,0.7791495198902606
paises_interes,2022,9602,119057214,0.3723376337095074,DOM,9602,7.2e-05,79865,0.15107,0.825,0.395,-0.197,-0.103,Worked vegetable or mineral carving material,96,Miscellaneous manufactured articles,7,Machinery,0.02598134351718525
paises_interes,2022,9603,1471158310,0.6984835914539864,DOM,9603,0.009308,115618940,19.52417,0.786,0.0,-0.054,-0.103,Brooms and mops,96,Miscellaneous manufactured articles,7,Machinery,0.6871697837741809
paises_interes,2022,9604,248292,0.1506732269989878,DOM,9604,0.000951,37180,1.884236,0.834,0.0,0.322,-0.103,Hand sieves and riddles,96,Miscellaneous manufactured articles,7,Machinery,0.9584185045723507
paises_interes,2022,9605,75524628,0.8896399006185175,DOM,9605,0.0,0,0.0,0.83,0.377,-0.827,-0.103,Travel sets,96,Miscellaneous manufactured articles,7,Machinery,
paises_interes,2022,9606,12568362,0.3035572635661227,DOM,9606,0.000112,211921,0.279899,0.825,0.562,-0.19,-0.103,Buttons,96,Miscellaneous manufactured articles,7,Machinery,0.05377003694773052
paises_interes,2022,9607,33964968,0.49999556164275394,DOM,9607,4.7e-05,162816,0.113016,0.833,0.626,0.073,-0.103,Slide fasteners,96,Miscellaneous manufactured articles,7,Machinery,0.30757419418238996
paises_interes,2022,9608,524466844,0.4089531050503602,DOM,9608,0.000144,986717,0.304046,0.858,0.905,0.384,-0.103,Pens,96,Miscellaneous manufactured articles,7,Machinery,0.019684468799057886
paises_interes,2022,9609,173587136,0.5103733349780176,DOM,9609,0.000219,392938,0.458539,0.823,0.476,-0.198,-0.103,"Pencils, crayons, pastels, etc.",96,Miscellaneous manufactured articles,7,Machinery,0.099845268210252
paises_interes,2022,9610,191083326,0.9414579947728312,DOM,9610,5.5e-05,44014,0.114563,0.849,0.719,0.503,-0.103,"Slates and boards, with writing or drawing surfaces",96,Miscellaneous manufactured articles,7,Machinery,0.03716999136638342
paises_interes,2022,9611,17795262,0.4645923690802157,DOM,9611,0.00011,32076,0.262408,0.846,0.841,0.544,-0.103,Hand-operated stamps,96,Miscellaneous manufactured articles,7,Machinery,0.0
paises_interes,2022,9612,49269307,0.25553309145881,DOM,9612,2.3e-05,33949,0.048469,0.845,1.067,1.072,-0.103,Typewriter ribbons and ink pads,96,Miscellaneous manufactured articles,7,Machinery,0.0809154908833839
paises_interes,2022,9613,173958514,0.5008026571164661,DOM,9613,6.4e-05,140966,0.134476,0.845,0.502,0.003,-0.103,Cigarette lighters,96,Miscellaneous manufactured articles,7,Machinery,0.05353773250287303
paises_interes,2022,9614,83427303,0.8565590695268567,DOM,9614,3.2e-05,12579,0.066022,0.818,0.253,-0.651,-0.103,Smoking pipes,96,Miscellaneous manufactured articles,7,Machinery,0.0
paises_interes,2022,9615,544563042,0.9251934366985213,DOM,9615,1.2e-05,33889,0.024608,0.85,0.002,-0.23,-0.103,"Combs, hair-slides etc.",96,Miscellaneous manufactured articles,7,Machinery,0.0
paises_interes,2022,9616,189102451,0.6439074046321479,DOM,9616,1.6e-05,26324,0.032604,0.868,0.849,0.837,-0.103,Scent sprays,96,Miscellaneous manufactured articles,7,Machinery,0.2443397659930102
paises_interes,2022,9617,1568203792,0.9537733619695683,DOM,9617,8e-06,38123,0.015433,0.871,0.002,0.548,-0.103,Vacuum vessels,96,Miscellaneous manufactured articles,7,Machinery,0.46948036618314404
paises_interes,2022,9618,80443286,0.7096428612354746,DOM,9618,6e-06,3753,0.013442,0.821,0.501,0.03,-0.103,Mannequins,96,Miscellaneous manufactured articles,7,Machinery,0.26032507327471355
paises_interes,2022,9701,145556347,0.042054593940856526,DOM,9701,3.9e-05,759234,0.087787,0.854,0.66,0.118,-0.103,Paintings and drawings,97,Art,0,Textiles,0.38755640553505244
paises_interes,2022,9702,214248,0.0012341773103476316,DOM,9702,3.3e-05,22129,0.06991,0.883,0.817,0.749,-0.103,Original engravings,97,Art,0,Textiles,1.0
paises_interes,2022,9703,4873344,0.005952275439892701,DOM,9703,2.6e-05,110965,0.057495,0.855,0.614,0.416,-0.103,Sculptures,97,Art,0,Textiles,0.973469111882125
paises_interes,2022,9704,187742,0.0062560203224192035,DOM,9704,0.0,0,0.0,0.86,0.694,0.101,-0.103,Postage or revenue stamps,97,Art,0,Textiles,
paises_interes,2022,9705,1554197,0.0023010556888412863,DOM,9705,0.000116,240743,0.247724,0.817,0.319,-0.367,-0.103,Collectors pieces,97,Art,0,Textiles,0.2279900142475586
paises_interes,2022,9706,26687739,0.04225927066670431,DOM,9706,3e-05,74257,0.064342,0.844,0.389,-0.418,-0.103,Antiques >100 years,97,Art,0,Textiles,0.0
paises_interes,2022,9999,12045245306,0.1145864219689784,DOM,9999,0.000338,239296719,0.669228,0.821,0.002,0.338,-0.103,Commodities not specified according to kind,99,Other,9,Other,0.8741702346533218
paises_interes,2023,1001,0,0.0,DOM,1001,5e-06,293876,0.009022,0.836,0.402,-0.161,-0.197,Wheat and meslin,10,Cereals,1,Agriculture,0.11759721787420545
paises_interes,2023,1003,18478,0.00012025550604978651,DOM,1003,0.0,0,0.0,0.848,0.601,0.187,-0.197,Barley,10,Cereals,1,Agriculture,
paises_interes,2023,1004,10999,2.6145761390791152e-05,DOM,1004,0.0,0,0.0,0.869,0.486,0.1,-0.197,Oats,10,Cereals,1,Agriculture,
paises_interes,2023,1005,211307,0.0005625046252693305,DOM,1005,5.7e-05,2902856,0.099677,0.822,0.091,-1.076,-0.197,Corn,10,Cereals,1,Agriculture,0.8364493450587973
paises_interes,2023,1006,64831868,0.05396146133701199,DOM,1006,1.5e-05,470742,0.026716,0.812,-0.207,-1.666,-0.197,Rice,10,Cereals,1,Agriculture,0.009191871555969088
paises_interes,2023,1007,26975,0.14433546826759983,DOM,1007,3e-06,7049,0.004915,0.835,-0.139,-1.951,-0.197,Grain sorghum,10,Cereals,1,Agriculture,0.0
paises_interes,2023,1008,615422,0.005898516931608019,DOM,1008,0.000583,645633,1.027754,0.768,-0.0,-1.522,-0.197,Other cereals,10,Cereals,1,Agriculture,0.0
paises_interes,2023,1101,884969,0.003376648127188879,DOM,1101,0.008433,54836031,15.067144,0.744,-0.0,-1.18,-0.197,Wheat or meslin flour,11,"Flours, starches and malts",1,Agriculture,0.00023203721655201486
paises_interes,2023,1102,953301,0.0035935651946812563,DOM,1102,0.00904,12440686,15.946274,0.742,-0.0,-1.575,-0.197,Cereal flours,11,"Flours, starches and malts",1,Agriculture,0.016096138106853595
paises_interes,2023,1103,73899,0.00037076812318916015,DOM,1103,0.008145,12012709,14.647991,0.763,-0.0,-0.97,-0.197,Cereal meals,11,"Flours, starches and malts",1,Agriculture,0.004289290617128909
paises_interes,2023,1104,1830210,0.0037471223099368174,DOM,1104,0.003003,7530127,5.295804,0.771,0.0,-0.845,-0.197,Worked cereal grains,11,"Flours, starches and malts",1,Agriculture,0.8637547547338843
paises_interes,2023,1105,243754,0.0026708401872816098,DOM,1105,0.0,0,0.0,0.865,0.615,-0.03,-0.197,Potato flour,11,"Flours, starches and malts",1,Agriculture,
paises_interes,2023,1106,8074242,0.07777475243850591,DOM,1106,6.3e-05,55377,0.11163,0.788,-0.046,-1.566,-0.197,Flour of dried legumes,11,"Flours, starches and malts",1,Agriculture,0.0
paises_interes,2023,1107,3647,1.2638379206289201e-05,DOM,1107,0.000192,994238,0.337646,0.833,0.44,-0.1,-0.197,Malt,11,"Flours, starches and malts",1,Agriculture,0.0019552662440984955
paises_interes,2023,1108,9447625,0.026832380917828875,DOM,1108,9.2e-05,554396,0.161784,0.819,0.341,-0.782,-0.197,Starches,11,"Flours, starches and malts",1,Agriculture,0.053651180744449814
paises_interes,2023,1109,2267890,0.0049860849493541005,DOM,1109,0.0,0,0.0,0.877,0.793,0.502,-0.197,Wheat gluten,11,"Flours, starches and malts",1,Agriculture,
paises_interes,2023,1201,822166,0.0020004345322028718,DOM,1201,0.0,0,0.0,0.839,-0.21,-2.003,-0.197,Soya beans,12,Oil seeds and oleaginous fruits,1,Agriculture,
paises_interes,2023,1202,289425,0.02615132938748016,DOM,1202,2e-06,9477,0.004024,0.803,-0.257,-2.046,-0.197,Peanuts,12,Oil seeds and oleaginous fruits,1,Agriculture,1.0
paises_interes,2023,1204,237622,0.002006860208329795,DOM,1204,0.0,0,0.0,0.873,0.101,-0.685,-0.197,Linseed,12,Oil seeds and oleaginous fruits,1,Agriculture,
paises_interes,2023,1206,828741,0.007399534524714633,DOM,1206,0.0,0,0.0,0.843,0.403,-0.283,-0.197,Sunflower seeds,12,Oil seeds and oleaginous fruits,1,Agriculture,
paises_interes,2023,1207,4433291,0.0110243396667493,DOM,1207,2e-06,12099,0.003486,0.752,-0.339,-2.014,-0.197,Other oil seeds,12,Oil seeds and oleaginous fruits,1,Agriculture,0.0
paises_interes,2023,1208,165174,0.0034366966016352554,DOM,1208,1e-06,3409,0.002554,0.827,0.015,-2.194,-0.197,Flours of oil seeds,12,Oil seeds and oleaginous fruits,1,Agriculture,0.0
paises_interes,2023,1209,29741798,0.05013951149997427,DOM,1209,0.000135,1117532,0.237823,0.796,0.118,-0.824,-0.197,Seeds used for sowing,12,Oil seeds and oleaginous fruits,1,Agriculture,0.6142213377335056
paises_interes,2023,1210,0,0.0,DOM,1210,0.0,0,0.0,0.884,0.792,0.716,-0.197,Hop cones,12,Oil seeds and oleaginous fruits,1,Agriculture,
paises_interes,2023,1211,50897580,0.11748509032930181,DOM,1211,0.000348,1388741,0.630913,0.762,-0.204,-1.709,-0.197,"Plants used in perfumery, pharmacy or insecticide",12,Oil seeds and oleaginous fruits,1,Agriculture,0.22100449255836763
paises_interes,2023,1212,72275364,0.7097122515504103,DOM,1212,0.000262,379213,0.465058,0.771,-0.169,-1.672,-0.197,Seaweeds & edible vegetable products,12,Oil seeds and oleaginous fruits,1,Agriculture,0.9049030492098108
paises_interes,2023,1214,696077,0.004568534308798284,DOM,1214,0.0,0,0.0,0.861,0.433,-0.871,-0.197,Forage products,12,Oil seeds and oleaginous fruits,1,Agriculture,
paises_interes,2023,1301,2001660,0.019256155361192694,DOM,1301,6.1e-05,59288,0.127694,0.761,-0.399,-2.393,-0.197,Lac,13,Lac and other vegetable extracts,1,Agriculture,0.0
paises_interes,2023,1302,358570575,0.2770075186172189,DOM,1302,0.000768,6179925,1.353007,0.78,-0.0,-1.274,-0.197,Vegetable saps and extracts,13,Lac and other vegetable extracts,1,Agriculture,0.25593482121546784
paises_interes,2023,1401,9019962,0.654344291300797,DOM,1401,0.00011,21045,0.195849,0.795,0.046,-1.116,-0.197,Vegetable materials used for plaiting,14,Other vegetable materials,1,Agriculture,0.0
paises_interes,2023,1404,7176555,0.06897094192345216,DOM,1404,4.3e-05,65702,0.076894,0.764,-0.402,-2.013,-0.197,Vegetable products n.e.c.,14,Other vegetable materials,1,Agriculture,0.8303095796170589
paises_interes,2023,1501,0,0.0,DOM,1501,0.000579,474764,1.019606,0.813,0.0,0.169,-0.197,"Pig and poultry fat, rendered",15,"Animal or vegetable fats, oils or waxes",1,Agriculture,0.0
paises_interes,2023,1503,0,0.0,DOM,1503,0.0,0,0.0,0.874,0.002,-0.18,-0.197,"Lard oil, tallow oil etc.",15,"Animal or vegetable fats, oils or waxes",1,Agriculture,
paises_interes,2023,1504,140448181,0.5240913530113123,DOM,1504,0.0,0,0.0,0.816,-0.047,-1.421,-0.197,Fish oils,15,"Animal or vegetable fats, oils or waxes",1,Agriculture,
paises_interes,2023,1506,1875731,0.021125981447354156,DOM,1506,0.0,0,0.0,0.873,0.71,0.353,-0.197,Other animal fats and oils,15,"Animal or vegetable fats, oils or waxes",1,Agriculture,
paises_interes,2023,1507,95112,0.0004096804538118153,DOM,1507,0.002735,33116405,4.870317,0.774,-0.0,-1.309,-0.197,Soybean oil,15,"Animal or vegetable fats, oils or waxes",1,Agriculture,0.03606478420589433
paises_interes,2023,1509,81041,4.317390878944425e-05,DOM,1509,1e-06,9338,0.001568,0.834,0.182,-0.895,-0.197,Olive oil,15,"Animal or vegetable fats, oils or waxes",1,Agriculture,0.0
paises_interes,2023,1511,1567482572,0.9277383446454995,DOM,1511,5.5e-05,2292563,0.097188,0.77,-0.17,-1.893,-0.197,Palm oil,15,"Animal or vegetable fats, oils or waxes",1,Agriculture,0.09063567718749714
paises_interes,2023,1512,152880,0.0006243535089567713,DOM,1512,0.0,4353,0.000461,0.81,0.092,-0.569,-0.197,Sunflower seed oil,15,"Animal or vegetable fats, oils or waxes",1,Agriculture,0.0
paises_interes,2023,1513,388944380,0.5205051765024565,DOM,1513,0.000116,644988,0.204796,0.8,0.111,-1.228,-0.197,Coconut & palm kernel oil,15,"Animal or vegetable fats, oils or waxes",1,Agriculture,0.6545842713352806
paises_interes,2023,1514,241803,5.0653194512475196e-05,DOM,1514,0.0,0,0.0,0.855,0.627,0.215,-0.197,"Rapeseed, colza or mustard oil,",15,"Animal or vegetable fats, oils or waxes",1,Agriculture,
paises_interes,2023,1515,26932636,0.03213751150812731,DOM,1515,0.001327,6482627,2.358741,0.785,0.0,-0.975,-0.197,Other vegetable fats and oils,15,"Animal or vegetable fats, oils or waxes",1,Agriculture,0.01983115795494635
paises_interes,2023,1516,101206967,0.40433514842281315,DOM,1516,0.000245,1373339,0.430907,0.786,-0.038,-1.218,-0.197,"Vegetable fats, hydrogenated",15,"Animal or vegetable fats, oils or waxes",1,Agriculture,0.026573191324210554
paises_interes,2023,1517,61409569,0.17071606760826277,DOM,1517,0.000751,6139420,1.325798,0.759,-0.0,-0.859,-0.197,Margarine,15,"Animal or vegetable fats, oils or waxes",1,Agriculture,0.5280948363200433
paises_interes,2023,1518,748141018,0.5488527344642866,DOM,1518,1.3e-05,100209,0.022618,0.838,0.397,-0.07,-0.197,"Animal or vegetable fats and oils, processed",15,"Animal or vegetable fats, oils or waxes",1,Agriculture,0.0
paises_interes,2023,1519,390728335,0.6291916886484938,DOM,1519,6e-06,71671,0.010749,0.834,0.14,-0.976,-0.197,Stearic acid,15,"Animal or vegetable fats, oils or waxes",1,Agriculture,0.0
paises_interes,2023,1520,73228757,0.5743336694793939,DOM,1520,1.9e-05,47335,0.033049,0.834,0.403,-0.229,-0.197,Glycerol,15,"Animal or vegetable fats, oils or waxes",1,Agriculture,0.0
paises_interes,2023,1521,11813422,0.2589711341131872,DOM,1521,9e-06,2662,0.016048,0.797,-0.157,-1.358,-0.197,Vegetable waxes and beeswax,15,"Animal or vegetable fats, oils or waxes",1,Agriculture,1.0
paises_interes,2023,1601,42001,0.0002860500927440858,DOM,1601,0.000109,728638,0.192003,0.8,0.594,0.177,-0.197,Sausages,16,Preparations of meat or fish,1,Agriculture,0.25341253132556907
paises_interes,2023,1602,15078228,0.011674002920974392,DOM,1602,6e-06,113068,0.010361,0.807,0.425,-0.095,-0.197,Other prepared or preserved meat,16,Preparations of meat or fish,1,Agriculture,0.011488661690310256
paises_interes,2023,1603,485973,0.015577310866996031,DOM,1603,0.0,0,0.0,0.861,0.457,-0.082,-0.197,Extracts and juices of meat or fish,16,Preparations of meat or fish,1,Agriculture,
paises_interes,2023,1604,701160390,0.3260222322692629,DOM,1604,3.1e-05,579071,0.056033,0.772,0.004,-1.145,-0.197,Prepared or preserved fish,16,Preparations of meat or fish,1,Agriculture,0.0643893408580295
paises_interes,2023,1605,1452897591,0.4379267933954338,DOM,1605,1.9e-05,339425,0.033465,0.781,-0.257,-1.556,-0.197,Prepared aquatic invertibrates,16,Preparations of meat or fish,1,Agriculture,0.02217573838108566
paises_interes,2023,1701,12311703,0.007081302603493353,DOM,1701,0.003413,124166651,6.056683,0.734,-0.0,-1.525,-0.197,Sugarcane & sucrose,17,Sugar and candy,1,Agriculture,0.9966609713907802
paises_interes,2023,1702,105142165,0.13552057534277906,DOM,1702,2.3e-05,234437,0.040547,0.845,0.558,0.019,-0.197,Other sugars,17,Sugar and candy,1,Agriculture,0.19569010011218366
paises_interes,2023,1703,3002,1.3877600946487518e-05,DOM,1703,0.018225,22677290,33.1418,0.744,-0.0,-1.586,-0.197,Molasses,17,Sugar and candy,1,Agriculture,0.33795881253888804
paises_interes,2023,1704,245133769,0.07820930705075593,DOM,1704,0.000449,7111621,0.794773,0.779,0.124,-0.581,-0.197,Confectionery sugar,17,Sugar and candy,1,Agriculture,0.08131549754971476
paises_interes,2023,1801,375377,0.0005673240879140884,DOM,1801,0.023389,186615160,41.425602,0.716,-0.0,-2.482,-0.197,Cocoa beans,18,Cocoa,1,Agriculture,0.19681580531828174
paises_interes,2023,1802,10450,0.00010874328023761436,DOM,1802,0.000144,80253,0.249583,0.827,0.0,-2.38,-0.197,Cocoa residues,18,Cocoa,1,Agriculture,0.0
paises_interes,2023,1803,22376327,0.05029950290718606,DOM,1803,0.001164,4545546,2.043236,0.821,0.0,-0.668,-0.197,Cocoa paste,18,Cocoa,1,Agriculture,0.0013749723355566087
paises_interes,2023,1804,286608793,0.6174804400919973,DOM,1804,0.000904,4687019,1.5871,0.806,0.0,-1.175,-0.197,Cocoa butter,18,Cocoa,1,Agriculture,0.005823744260477715
paises_interes,2023,1805,45747711,0.15548785439914942,DOM,1805,0.00048,1440595,0.84383,0.849,0.519,-0.358,-0.197,Cocoa powder,18,Cocoa,1,Agriculture,0.14179835415227734
paises_interes,2023,1806,61811640,0.01581381760249339,DOM,1806,0.000227,7698132,0.399952,0.811,0.6,0.292,-0.197,Chocolates,18,Cocoa,1,Agriculture,0.39098407249966616
paises_interes,2023,1901,44144267,0.03025594898961197,DOM,1901,7.5e-05,1800808,0.132574,0.797,0.315,-0.296,-0.197,Malt extract,19,"Preparations of cereals, flour, starch or milk",1,Agriculture,0.5058507070159617
paises_interes,2023,1902,211976531,0.13337185090020778,DOM,1902,0.001661,23990822,2.953148,0.755,0.0,-0.934,-0.197,Pasta,19,"Preparations of cereals, flour, starch or milk",1,Agriculture,0.05580971756615926
paises_interes,2023,1903,4704524,0.08335968598728612,DOM,1903,0.000851,180710,1.471291,0.821,0.0,-0.957,-0.197,Tapioca,19,"Preparations of cereals, flour, starch or milk",1,Agriculture,0.6391179237452271
paises_interes,2023,1904,27620561,0.02604585717757823,DOM,1904,0.000571,4534976,1.007849,0.765,0.0,-0.521,-0.197,Cereal foods,19,"Preparations of cereals, flour, starch or milk",1,Agriculture,0.015199859933106592
paises_interes,2023,1905,170643938,0.0174990057009644,DOM,1905,0.001423,71458789,2.522411,0.766,0.0,-0.271,-0.197,Bakery products,19,"Preparations of cereals, flour, starch or milk",1,Agriculture,0.29017814729549923
paises_interes,2023,2001,13578134,0.02779318081162914,DOM,2001,2.3e-05,57738,0.040411,0.778,0.069,-0.835,-0.197,Pickled fruits and vegetables,20,"Preparations of vegetables, fruit, or nuts",1,Agriculture,0.9702448993730299
paises_interes,2023,2002,694265,0.0025145875433353134,DOM,2002,4.1e-05,302817,0.072791,0.804,0.071,-0.861,-0.197,"Tomatoes, prepared or preserved",20,"Preparations of vegetables, fruit, or nuts",1,Agriculture,0.18902505473602868
paises_interes,2023,2003,19148890,0.1470573418029756,DOM,2003,0.0,0,0.0,0.875,0.002,0.25,-0.197,"Mushrooms, prepared or preserved",20,"Preparations of vegetables, fruit, or nuts",1,Agriculture,
paises_interes,2023,2004,25057313,0.011382045697623572,DOM,2004,1.5e-05,203787,0.027132,0.864,0.435,-0.172,-0.197,"Other vegetables, frozen",20,"Preparations of vegetables, fruit, or nuts",1,Agriculture,0.2756063929495012
paises_interes,2023,2005,228439639,0.12658707479754694,DOM,2005,0.002301,29773111,4.059392,0.75,0.0,-0.892,-0.197,"Other vegetables, prepared or preserved",20,"Preparations of vegetables, fruit, or nuts",1,Agriculture,0.7517406897787738
paises_interes,2023,2006,6482991,0.049114507682817415,DOM,2006,1.6e-05,13331,0.028176,0.816,0.33,-0.583,-0.197,"Vegetables, fruits and nuts, preserved by sugar",20,"Preparations of vegetables, fruit, or nuts",1,Agriculture,0.19143350086265096
paises_interes,2023,2007,11958227,0.021448768969049656,DOM,2007,0.001209,4930099,2.147174,0.767,0.0,-0.666,-0.197,"Jams, jellies and marmalades",20,"Preparations of vegetables, fruit, or nuts",1,Agriculture,0.6891662824620763
paises_interes,2023,2008,718390567,0.19829348418274678,DOM,2008,0.002868,55738379,5.098294,0.743,-0.0,-1.155,-0.197,"Fruits and nuts, otherwise prepared",20,"Preparations of vegetables, fruit, or nuts",1,Agriculture,0.6670381103117476
paises_interes,2023,2009,198956375,0.06430872591092317,DOM,2009,0.0022,35251907,3.876436,0.748,-0.0,-0.77,-0.197,Fruit juices,20,"Preparations of vegetables, fruit, or nuts",1,Agriculture,0.5736715747037459
paises_interes,2023,2101,65612894,0.0519170711970317,DOM,2101,1e-06,13004,0.002286,0.804,0.293,-0.34,-0.197,Coffee extracts,21,Miscellaneous edible preparations,1,Agriculture,0.0
paises_interes,2023,2102,32089533,0.06788629732274253,DOM,2102,2.8e-05,86620,0.049641,0.797,0.13,-0.566,-0.197,Yeasts,21,Miscellaneous edible preparations,1,Agriculture,0.0
paises_interes,2023,2103,194932877,0.08258349658849404,DOM,2103,0.002986,54084431,5.296062,0.762,0.0,-0.347,-0.197,Sauces and seasonings,21,Miscellaneous edible preparations,1,Agriculture,0.3062603173175659
paises_interes,2023,2104,43131734,0.11038301627818133,DOM,2104,0.001845,7250049,3.261234,0.77,0.0,-0.588,-0.197,Soups and broths,21,Miscellaneous edible preparations,1,Agriculture,0.05661616907692624
paises_interes,2023,2105,2505996,0.008524531608641178,DOM,2105,0.000751,4113124,1.32804,0.78,0.0,-0.138,-0.197,Ice cream,21,Miscellaneous edible preparations,1,Agriculture,0.031950167318077455
paises_interes,2023,2106,487003270,0.0751631087542581,DOM,2106,0.000607,33385556,1.092458,0.779,0.0,0.113,-0.197,Food preparations n.e.c.,21,Miscellaneous edible preparations,1,Agriculture,0.5862966008413938
paises_interes,2023,2201,96804,0.00010099979794302024,DOM,2201,0.000214,1023853,0.407987,0.787,0.16,-0.573,-0.197,Waters,22,Beverages,1,Agriculture,0.2749789276390263
paises_interes,2023,2202,64025511,0.027100427429947966,DOM,2202,0.001105,28669679,1.975473,0.751,0.0,-0.719,-0.197,"Waters, flavored or sweetened",22,Beverages,1,Agriculture,0.2988392719709209
paises_interes,2023,2203,13450938,0.002080157838780404,DOM,2203,0.00057,9244123,1.007076,0.76,0.0,-0.715,-0.197,Beer,22,Beverages,1,Agriculture,0.025513615515501038
paises_interes,2023,2204,151606,2.4638402046754958e-05,DOM,2204,0.000208,7513839,0.368945,0.827,0.174,-0.376,-0.197,Wine,22,Beverages,1,Agriculture,0.14958092660755706
paises_interes,2023,2205,11461,0.00013909716244458656,DOM,2205,6e-06,4472,0.010768,0.844,0.344,-0.305,-0.197,"Wine, flavored",22,Beverages,1,Agriculture,0.0
paises_interes,2023,2206,2064267,0.005571585993487437,DOM,2206,0.001409,2320329,2.489668,0.796,0.0,-0.077,-0.197,Other fermented beverages,22,Beverages,1,Agriculture,0.04977397601805606
paises_interes,2023,2207,13621,3.4765788376401566e-05,DOM,2207,0.000382,4893982,0.671175,0.802,0.09,-0.907,-0.197,Ethyl alcohol > 80%,22,Beverages,1,Agriculture,0.2542240653929663
paises_interes,2023,2208,63406325,0.007198163464951109,DOM,2208,0.003362,123995430,6.02804,0.769,0.0,-0.472,-0.197,Spirits < 80% alcohol,22,Beverages,1,Agriculture,0.22795256244524495
paises_interes,2023,2209,3696989,0.026299593626319694,DOM,2209,0.001493,1202210,2.653179,0.814,0.0,-0.033,-0.197,Vinegars,22,Beverages,1,Agriculture,0.12002478768268439
paises_interes,2023,2301,551252,0.0023160332516214558,DOM,2301,0.0,0,0.0,0.783,-0.226,-1.458,-0.197,"Flours of fish, for animal feed",23,Food residues and animal feed,1,Agriculture,
paises_interes,2023,2302,148154,0.0025002002300020857,DOM,2302,0.00072,2311012,1.282963,0.74,-0.0,-2.07,-0.197,Cereal residues,23,Food residues and animal feed,1,Agriculture,0.0
paises_interes,2023,2303,1927997,0.0234809397681049,DOM,2303,0.0,0,0.0,0.858,0.468,-0.039,-0.197,Starch residues,23,Food residues and animal feed,1,Agriculture,
paises_interes,2023,2304,15319,4.19958246023537e-05,DOM,2304,0.0,0,0.0,0.838,-0.027,-1.647,-0.197,Solid soybean residues,23,Food residues and animal feed,1,Agriculture,
paises_interes,2023,2306,3245056,0.002174734667279735,DOM,2306,3e-06,30862,0.004693,0.797,-0.008,-0.882,-0.197,Solid vegetable oil and fat residues,23,Food residues and animal feed,1,Agriculture,0.0
paises_interes,2023,2308,8984331,0.15065112542255255,DOM,2308,0.0,0,0.0,0.815,0.016,-0.902,-0.197,Vegetable materials for animal feeding,23,Food residues and animal feed,1,Agriculture,
paises_interes,2023,2309,517811079,0.20317118973572798,DOM,2309,6.4e-05,2669917,0.112351,0.789,0.403,-0.311,-0.197,Animal feed,23,Food residues and animal feed,1,Agriculture,0.21284706603238976
paises_interes,2023,2401,10146314,0.018434903641209765,DOM,2401,0.013774,142215677,24.196018,0.742,-0.0,-1.553,-0.197,Unmanufactured tobacco,24,Tobacco,1,Agriculture,0.4854828697964149
paises_interes,2023,2402,9089918,0.005805002591749487,DOM,2402,0.039474,995274523,71.221382,0.745,-0.0,-0.887,-0.197,Cigars and cigarettes,24,Tobacco,1,Agriculture,0.8654593703490188
paises_interes,2023,2403,17049320,0.1375566362622372,DOM,2403,0.003047,33058167,5.377635,0.784,0.0,-0.496,-0.197,Other manufactured tobacco,24,Tobacco,1,Agriculture,0.6511806900848435
paises_interes,2023,2501,3256894,0.007521689226568069,DOM,2501,0.000995,3563586,1.766243,0.755,-0.0,-1.154,-0.197,Salt,25,"Salt, sulphur, lime, cement, etc.",3,Minerals,0.1707013665448231
paises_interes,2023,2502,8554,0.0037262102342276414,DOM,2502,0.0,0,0.0,0.87,0.002,-0.159,-0.197,Unroasted iron pyrites,25,"Salt, sulphur, lime, cement, etc.",3,Minerals,
paises_interes,2023,2503,646726,0.004115186378187516,DOM,2503,0.0,0,0.0,0.823,-0.286,-1.421,-0.197,"Sulphur, crude",25,"Salt, sulphur, lime, cement, etc.",3,Minerals,
paises_interes,2023,2504,48128340,0.6046489066627208,DOM,2504,0.0,0,0.0,0.858,0.255,-1.3,-0.197,Natural graphite,25,"Salt, sulphur, lime, cement, etc.",3,Minerals,
paises_interes,2023,2505,972807,0.015485788540372894,DOM,2505,0.000402,953659,0.71958,0.804,0.08,-0.838,-0.197,Natural sands,25,"Salt, sulphur, lime, cement, etc.",3,Minerals,0.14554049193684535
paises_interes,2023,2506,3278457,0.06669816925822851,DOM,2506,0.0,0,0.0,0.821,-0.016,-1.375,-0.197,Quartz,25,"Salt, sulphur, lime, cement, etc.",3,Minerals,
paises_interes,2023,2507,110189,0.005250271402280694,DOM,2507,3.5e-05,53083,0.062432,0.858,0.496,0.001,-0.197,Kaolin,25,"Salt, sulphur, lime, cement, etc.",3,Minerals,0.0
paises_interes,2023,2508,23982611,0.5527560289194992,DOM,2508,0.0,0,0.0,0.815,0.197,-0.495,-0.197,Clays,25,"Salt, sulphur, lime, cement, etc.",3,Minerals,
paises_interes,2023,2510,13546,3.622051392203209e-05,DOM,2510,0.0,0,0.0,0.819,-0.112,-1.417,-0.197,Natural calcium phosphates,25,"Salt, sulphur, lime, cement, etc.",3,Minerals,
paises_interes,2023,2511,46353940,0.2099976364475838,DOM,2511,0.0,0,0.0,0.821,-0.076,-1.473,-0.197,Natural barium sulfate,25,"Salt, sulphur, lime, cement, etc.",3,Minerals,
paises_interes,2023,2512,3464,0.000457690817696885,DOM,2512,0.0,0,0.0,0.833,0.426,-0.257,-0.197,Siliceous fossil meals and earths,25,"Salt, sulphur, lime, cement, etc.",3,Minerals,
paises_interes,2023,2513,3361323,0.07110074680339148,DOM,2513,3.4e-05,11909,0.061639,0.856,0.135,-0.914,-0.197,Natural abrasives,25,"Salt, sulphur, lime, cement, etc.",3,Minerals,0.5135611722226887
paises_interes,2023,2515,172549,0.011225096794658449,DOM,2515,6.5e-05,114181,0.11412,0.792,-0.136,-1.401,-0.197,Marble,25,"Salt, sulphur, lime, cement, etc.",3,Minerals,0.5776705406328548
paises_interes,2023,2516,867312,0.019571800740297126,DOM,2516,0.0,0,0.0,0.795,-0.22,-1.629,-0.197,Granite,25,"Salt, sulphur, lime, cement, etc.",3,Minerals,
paises_interes,2023,2517,12607973,0.04807288844647095,DOM,2517,0.000585,1678407,1.071704,0.772,0.0,-0.593,-0.197,Gravel,25,"Salt, sulphur, lime, cement, etc.",3,Minerals,0.5072661160254932
paises_interes,2023,2518,251237,0.00665869172531588,DOM,2518,0.0,0,0.0,0.828,0.234,-0.559,-0.197,Dolomite,25,"Salt, sulphur, lime, cement, etc.",3,Minerals,
paises_interes,2023,2519,66647723,0.39189096213117924,DOM,2519,0.0,0,0.0,0.849,0.527,-0.541,-0.197,Natural magnesia,25,"Salt, sulphur, lime, cement, etc.",3,Minerals,
paises_interes,2023,2520,592087,0.005181078105307877,DOM,2520,0.000698,979135,1.235317,0.764,-0.0,-1.345,-0.197,Gypsum,25,"Salt, sulphur, lime, cement, etc.",3,Minerals,0.2586384921384692
paises_interes,2023,2521,32793,0.0017891268032232761,DOM,2521,0.003568,3203095,6.284502,0.792,0.0,-0.742,-0.197,Limstone,25,"Salt, sulphur, lime, cement, etc.",3,Minerals,0.8725435867496906
paises_interes,2023,2522,365263,0.0063662406500421065,DOM,2522,0.003905,4940769,6.85849,0.78,0.0,-0.519,-0.197,Quicklime,25,"Salt, sulphur, lime, cement, etc.",3,Minerals,0.9476642198815609
paises_interes,2023,2523,286168467,0.1448127805387551,DOM,2523,0.006932,94225695,12.30658,0.739,-0.0,-1.343,-0.197,Cements,25,"Salt, sulphur, lime, cement, etc.",3,Minerals,0.0018891131553871797
paises_interes,2023,2524,0,0.0,DOM,2524,0.0,0,0.0,0.894,-0.163,-1.153,-0.197,Asbestos,25,"Salt, sulphur, lime, cement, etc.",3,Minerals,
paises_interes,2023,2525,2263106,0.17412481756413176,DOM,2525,0.0,0,0.0,0.844,0.208,-1.015,-0.197,Mica,25,"Salt, sulphur, lime, cement, etc.",3,Minerals,
paises_interes,2023,2526,8169317,0.07057379077335628,DOM,2526,5e-06,4771,0.008889,0.867,0.702,-0.158,-0.197,Natural steatite,25,"Salt, sulphur, lime, cement, etc.",3,Minerals,0.0
paises_interes,2023,2528,0,0.0,DOM,2528,0.0,0,0.0,0.853,0.09,-1.01,-0.197,Natural borates,25,"Salt, sulphur, lime, cement, etc.",3,Minerals,
paises_interes,2023,2529,25441887,0.11613576655506226,DOM,2529,0.0,0,0.0,0.828,-0.011,-1.175,-0.197,Feldspar,25,"Salt, sulphur, lime, cement, etc.",3,Minerals,
paises_interes,2023,2530,16085242,0.1357674204451602,DOM,2530,2.6e-05,377422,0.044876,0.827,-0.001,-2.254,-0.197,Mineral substances n.e.c.,25,"Salt, sulphur, lime, cement, etc.",3,Minerals,0.9059832230235652
paises_interes,2023,2603,0,0.0,DOM,2603,0.000893,79672568,1.634905,0.755,-0.0,-2.0,-0.197,Copper ore,26,"Ores, slag and ash",3,Minerals,0.0
paises_interes,2023,2607,0,0.0,DOM,2607,0.0,0,0.0,0.804,-0.07,-1.346,-0.197,Lead ore,26,"Ores, slag and ash",3,Minerals,
paises_interes,2023,2615,989115,0.011895542628216967,DOM,2615,1.3e-05,23761,0.025028,0.801,-0.442,-2.329,-0.197,Zirconium ore,26,"Ores, slag and ash",3,Minerals,0.0
paises_interes,2023,2617,12675,0.0092943686025596,DOM,2617,4.1e-05,28418,0.072987,0.792,-0.374,-2.455,-0.197,Other ores,26,"Ores, slag and ash",3,Minerals,0.0
paises_interes,2023,2619,0,0.0,DOM,2619,0.0,0,0.0,0.829,0.163,-0.922,-0.197,Iron or steel slag,26,"Ores, slag and ash",3,Minerals,
paises_interes,2023,2620,15586156,0.01451345520528251,DOM,2620,0.000146,1269501,0.266845,0.803,0.298,-0.359,-0.197,"Slag, ash and residues containing metals",26,"Ores, slag and ash",3,Minerals,0.9300315635828565
paises_interes,2023,2621,4947005,0.18387519841273528,DOM,2621,0.0,0,0.0,0.85,0.789,0.119,-0.197,Other slag and ash,26,"Ores, slag and ash",3,Minerals,
paises_interes,2023,2701,97965,0.00015767250487401418,DOM,2701,0.0,2701,2.6e-05,0.851,-0.125,-1.816,-0.197,Coal,27,"Mineral fuels, oils and waxes",3,Minerals,0.0
paises_interes,2023,2702,8132,0.0009891192022434955,DOM,2702,2e-06,16079,0.003193,0.837,-0.0,-1.475,-0.197,Lignite,27,"Mineral fuels, oils and waxes",3,Minerals,0.0
paises_interes,2023,2703,17498,3.696859389283392e-05,DOM,2703,4.5e-05,70810,0.079604,0.866,0.76,0.761,-0.197,Peat,27,"Mineral fuels, oils and waxes",3,Minerals,0.3961869792402203
paises_interes,2023,2704,94568,0.0007957860164994157,DOM,2704,0.0,0,0.0,0.873,0.411,-0.804,-0.197,Coke,27,"Mineral fuels, oils and waxes",3,Minerals,
paises_interes,2023,2707,2663429,0.0018448020264856882,DOM,2707,5e-06,153704,0.009325,0.845,0.848,0.562,-0.197,Oils etc. from high temperature coal tar,27,"Mineral fuels, oils and waxes",3,Minerals,0.5242153750065061
paises_interes,2023,2708,1243994,0.010943672216363918,DOM,2708,0.0,0,0.0,0.866,0.578,0.527,-0.197,Pitch and pitch coke,27,"Mineral fuels, oils and waxes",3,Minerals,
paises_interes,2023,2709,50463,3.335584702961714e-07,DOM,2709,0.0,2057,3e-06,0.828,-0.228,-2.269,-0.197,"Petroleum oils, crude",27,"Mineral fuels, oils and waxes",3,Minerals,0.0
paises_interes,2023,2710,1139533977,0.018562661506756836,DOM,2710,4.3e-05,33147202,0.077495,0.797,0.084,-0.698,-0.197,"Petroleum oils, refined",27,"Mineral fuels, oils and waxes",3,Minerals,0.13551370037205554
paises_interes,2023,2711,4372201,0.0003214549015933056,DOM,2711,2.2e-05,9833393,0.039748,0.808,-0.2,-1.702,-0.197,Petroleum gases,27,"Mineral fuels, oils and waxes",3,Minerals,0.0014391777080403477
paises_interes,2023,2712,83260977,0.2838144047509769,DOM,2712,0.000144,501044,0.256098,0.847,0.452,-0.363,-0.197,Petroleum jelly,27,"Mineral fuels, oils and waxes",3,Minerals,0.007302751854128579
paises_interes,2023,2713,159390,5.915050845317267e-05,DOM,2713,0.0,0,0.0,0.815,0.026,-0.864,-0.197,Petroleum coke,27,"Mineral fuels, oils and waxes",3,Minerals,
paises_interes,2023,2714,26736,0.006829186804159735,DOM,2714,8e-06,4478,0.017198,0.807,0.035,-0.7,-0.197,"Bitumen and asphalt, natural",27,"Mineral fuels, oils and waxes",3,Minerals,0.0
paises_interes,2023,2715,275215,0.0015165903405558261,DOM,2715,3.5e-05,56095,0.062546,0.809,0.138,-0.728,-0.197,Bituminous mixtures,27,"Mineral fuels, oils and waxes",3,Minerals,0.07273375523665211
paises_interes,2023,2801,394766,0.0012586723874916522,DOM,2801,0.000157,396891,0.276362,0.851,0.261,-1.133,-0.197,Iodine,28,Inorganic chemicals,5,Chemicals,0.7415209717529498
paises_interes,2023,2802,270656,0.019615276602606493,DOM,2802,6e-06,2143,0.01042,0.886,0.119,-0.449,-0.197,"Sulfur, sublimed or precipitated",28,Inorganic chemicals,5,Chemicals,1.0
paises_interes,2023,2803,11109823,0.029043349704292554,DOM,2803,0.0,0,0.0,0.863,0.559,0.062,-0.197,Carbon,28,Inorganic chemicals,5,Chemicals,
paises_interes,2023,2804,31720371,0.04451255181254107,DOM,2804,0.000104,1259310,0.186798,0.836,0.405,-0.407,-0.197,Silicon & rare gases,28,Inorganic chemicals,5,Chemicals,0.7584502624453073
paises_interes,2023,2805,50711432,0.5944164479845966,DOM,2805,1e-06,1661,0.002411,0.865,0.319,-1.192,-0.197,Rare-earth metals,28,Inorganic chemicals,5,Chemicals,0.0
paises_interes,2023,2806,2561543,0.03795165601712035,DOM,2806,5.6e-05,26703,0.100436,0.834,0.662,0.663,-0.197,Hydrochloric acid,28,Inorganic chemicals,5,Chemicals,0.0
paises_interes,2023,2807,32522,9.441892169358513e-05,DOM,2807,0.001217,1657138,2.237543,0.814,0.0,-0.159,-0.197,"Sulfiric acid, oleum",28,Inorganic chemicals,5,Chemicals,0.9933560150090095
paises_interes,2023,2808,0,0.0,DOM,2808,0.0,0,0.0,0.847,0.53,-0.157,-0.197,Sulfonitric acids,28,Inorganic chemicals,5,Chemicals,
paises_interes,2023,2809,25145208,0.1285447881099452,DOM,2809,1e-05,53192,0.018371,0.829,0.195,-0.636,-0.197,Phosphoric acid etc.,28,Inorganic chemicals,5,Chemicals,0.3677996691231764
paises_interes,2023,2810,147988,0.012138364294960579,DOM,2810,7e-06,4245,0.012655,0.863,0.027,-1.031,-0.197,Oxides of boron; boric acids,28,Inorganic chemicals,5,Chemicals,0.0
paises_interes,2023,2811,64461726,0.17844586966507642,DOM,2811,0.000139,762672,0.253717,0.826,0.644,0.09,-0.197,Other inorganic acids,28,Inorganic chemicals,5,Chemicals,0.07407378270082027
paises_interes,2023,2813,46522,0.008148575137860362,DOM,2813,0.0,0,0.0,0.899,1.037,0.957,-0.197,Sulfides of nonmetals,28,Inorganic chemicals,5,Chemicals,
paises_interes,2023,2814,27698,2.3223753285716076e-05,DOM,2814,1.1e-05,71355,0.018832,0.855,0.08,-1.1,-0.197,Ammonia,28,Inorganic chemicals,5,Chemicals,0.0
paises_interes,2023,2815,2905128,0.010001791188512743,DOM,2815,0.000148,1149341,0.269601,0.861,0.925,0.524,-0.197,Sodium hydroxide,28,Inorganic chemicals,5,Chemicals,0.5832115969064011
paises_interes,2023,2816,2539416,0.1264395893532502,DOM,2816,0.0,0,0.0,0.886,0.715,1.008,-0.197,Hydroxides or peroxides of magnesium,28,Inorganic chemicals,5,Chemicals,
paises_interes,2023,2817,2383376,0.007993222575120222,DOM,2817,3e-06,3800,0.005023,0.829,0.435,0.066,-0.197,Zinc oxide or peroxide,28,Inorganic chemicals,5,Chemicals,1.0
paises_interes,2023,2818,93499654,0.12728750480648246,DOM,2818,0.0,0,0.0,0.85,0.069,-0.493,-0.197,Aluminum oxide,28,Inorganic chemicals,5,Chemicals,
paises_interes,2023,2820,754433,0.03201747167591995,DOM,2820,0.0,0,0.0,0.857,0.438,-0.207,-0.197,Manganese oxides,28,Inorganic chemicals,5,Chemicals,
paises_interes,2023,2821,51224928,0.32753432961029594,DOM,2821,8e-05,69475,0.142058,0.865,0.907,0.484,-0.197,Iron oxides and hydroxides,28,Inorganic chemicals,5,Chemicals,0.0
paises_interes,2023,2823,5649922,0.12766228399384563,DOM,2823,0.000109,59035,0.192515,0.884,1.116,0.729,-0.197,Titanium oxides,28,Inorganic chemicals,5,Chemicals,0.0
paises_interes,2023,2824,0,0.0,DOM,2824,0.0,0,0.0,0.847,0.002,-0.634,-0.197,Lead oxides,28,Inorganic chemicals,5,Chemicals,
paises_interes,2023,2825,172678877,0.2549605881639426,DOM,2825,0.0,0,0.0,0.887,0.051,-1.876,-0.197,"Metal base oxides, n.e.c.",28,Inorganic chemicals,5,Chemicals,
paises_interes,2023,2826,57081867,0.32863558904309975,DOM,2826,0.0,0,0.0,0.869,1.008,0.812,-0.197,Flourides,28,Inorganic chemicals,5,Chemicals,
paises_interes,2023,2827,56052543,0.14739285168476074,DOM,2827,1e-06,4312,0.002123,0.854,0.645,-0.066,-0.197,"Chlorides, bromides, iodides etc.",28,Inorganic chemicals,5,Chemicals,0.0
paises_interes,2023,2828,3199760,0.03712397467203207,DOM,2828,0.002993,2252134,5.276296,0.779,0.0,-0.542,-0.197,Hyopchlorites,28,Inorganic chemicals,5,Chemicals,0.6081729595130663
paises_interes,2023,2829,1196294,0.006773321201725584,DOM,2829,5.9e-05,43590,0.103679,0.88,0.281,-0.54,-0.197,Sodium chlorate,28,Inorganic chemicals,5,Chemicals,0.21658637302133518
paises_interes,2023,2831,704248,0.07404419112865537,DOM,2831,0.000583,146586,1.040161,0.827,0.0,-0.043,-0.197,Dithionites and sulfoxylates,28,Inorganic chemicals,5,Chemicals,0.0
paises_interes,2023,2832,8349589,0.2170102797241656,DOM,2832,7e-06,4065,0.012642,0.842,0.463,-0.519,-0.197,Sulfites,28,Inorganic chemicals,5,Chemicals,1.0
paises_interes,2023,2833,37795734,0.11961239765846166,DOM,2833,1.6e-05,87736,0.030898,0.836,0.195,-0.315,-0.197,Sulfates,28,Inorganic chemicals,5,Chemicals,0.02162168323151272
paises_interes,2023,2834,3545333,0.028287024270803676,DOM,2834,2.7e-05,36764,0.046612,0.85,0.302,0.134,-0.197,"Nitrites, nitrates",28,Inorganic chemicals,5,Chemicals,0.09313458818409313
paises_interes,2023,2835,57634528,0.14319163539342114,DOM,2835,0.000724,3008177,1.274309,0.816,0.0,-0.142,-0.197,Phosphates,28,Inorganic chemicals,5,Chemicals,0.05758603965125722
paises_interes,2023,2836,27081653,0.06209851777477968,DOM,2836,0.000274,4281071,0.48425,0.824,-0.12,-0.868,-0.197,Carbonates,28,Inorganic chemicals,5,Chemicals,0.3906134703208613
paises_interes,2023,2837,2492496,0.15289111895929594,DOM,2837,1e-06,1238,0.001549,0.872,0.547,-0.111,-0.197,Cyanides,28,Inorganic chemicals,5,Chemicals,0.0
paises_interes,2023,2839,3256208,0.05252770784613004,DOM,2839,0.002965,2426541,5.34507,0.797,0.0,-0.215,-0.197,Silicates,28,Inorganic chemicals,5,Chemicals,0.7642232296919772
paises_interes,2023,2840,5042146,0.052188250963899535,DOM,2840,0.0,0,0.0,0.866,0.313,-0.109,-0.197,Borates,28,Inorganic chemicals,5,Chemicals,
paises_interes,2023,2841,56827231,0.013406303024830526,DOM,2841,0.0,0,0.0,0.948,0.002,3.472,-0.197,Salts of oxometallic acids,28,Inorganic chemicals,5,Chemicals,
paises_interes,2023,2842,17413678,0.08020289099784338,DOM,2842,7e-06,37385,0.011732,0.886,0.002,0.922,-0.197,Other salts of acids,28,Inorganic chemicals,5,Chemicals,0.0
paises_interes,2023,2843,2638533,0.013734750966780855,DOM,2843,2e-06,16726,0.002824,0.907,1.231,2.009,-0.197,Compounds of precious metals,28,Inorganic chemicals,5,Chemicals,0.0
paises_interes,2023,2844,282342492,0.055680017898224604,DOM,2844,0.0,0,0.0,0.886,0.497,-0.432,-0.197,Uranium,28,Inorganic chemicals,5,Chemicals,
paises_interes,2023,2845,3101803,0.010364154358830388,DOM,2845,0.0,0,0.0,0.88,0.278,-0.162,-0.197,Non-radioactive isotopes,28,Inorganic chemicals,5,Chemicals,
paises_interes,2023,2847,164232,0.005021048524512098,DOM,2847,0.0,0,0.0,0.855,0.7,0.476,-0.197,Hydrogen peroxide,28,Inorganic chemicals,5,Chemicals,
paises_interes,2023,2849,89677622,0.3115679188823504,DOM,2849,1.3e-05,25120,0.023006,0.882,0.51,-0.011,-0.197,Carbides,28,Inorganic chemicals,5,Chemicals,0.0
paises_interes,2023,2850,8672451,0.19773330798259062,DOM,2850,0.000201,131869,0.364608,0.904,1.269,1.903,-0.197,"Hydrides, nitrides, azides, silicides and borides",28,Inorganic chemicals,5,Chemicals,0.3688660716316951
paises_interes,2023,2851,5528116,0.0691639664447198,DOM,2851,0.0,1095,0.000527,0.891,0.001,1.059,-0.197,"Inorganic compounds, liquid or compressed air",28,Inorganic chemicals,5,Chemicals,0.0
paises_interes,2023,2901,9188074,0.0065505738657164565,DOM,2901,1e-06,27395,0.002241,0.882,0.84,0.601,-0.197,Acyclic hydrocarbons,29,Organic chemicals,5,Chemicals,1.0
paises_interes,2023,2902,11164711,0.0031492783054099765,DOM,2902,2.3e-05,887961,0.045771,0.884,0.858,0.676,-0.197,Cyclic hydrocarbons,29,Organic chemicals,5,Chemicals,0.396616518067798
paises_interes,2023,2903,317195770,0.4310202619647269,DOM,2903,4e-06,37514,0.006543,0.892,1.091,1.107,-0.197,Halogenated derivatives of hydrocarbons,29,Organic chemicals,5,Chemicals,0.0
paises_interes,2023,2904,7613364,0.07024968448899212,DOM,2904,1e-06,2756,0.002494,0.833,0.174,-0.718,-0.197,"Sulfonated, nitrated derivatives of hydrocarbons",29,Organic chemicals,5,Chemicals,0.0
paises_interes,2023,2905,167275831,0.10779465423436825,DOM,2905,2.6e-05,679037,0.047686,0.856,0.244,-0.434,-0.197,Acyclic alcohols,29,Organic chemicals,5,Chemicals,0.22422047694013728
paises_interes,2023,2906,39409038,0.15999860760055948,DOM,2906,1.6e-05,32430,0.028091,0.881,1.01,0.551,-0.197,Cyclic alcohols,29,Organic chemicals,5,Chemicals,0.7550416281221092
paises_interes,2023,2907,27128269,0.14307051015248398,DOM,2907,3.7e-05,172154,0.073088,0.872,1.045,1.218,-0.197,"Phenols, phenol-alcohols",29,Organic chemicals,5,Chemicals,0.39903807056472695
paises_interes,2023,2909,120911639,0.2604120236556618,DOM,2909,9e-06,150438,0.016981,0.878,0.58,-0.16,-0.197,Ethers,29,Organic chemicals,5,Chemicals,0.7080391922253686
paises_interes,2023,2910,33371162,0.26827436925099785,DOM,2910,1.5e-05,44657,0.027213,0.903,1.19,1.251,-0.197,Epoxides,29,Organic chemicals,5,Chemicals,0.264684148061894
paises_interes,2023,2912,104072366,0.38135926485132643,DOM,2912,8.5e-05,187408,0.151755,0.887,1.443,1.698,-0.197,Aldehydes,29,Organic chemicals,5,Chemicals,0.7327328609237599
paises_interes,2023,2914,182936176,0.2649497383214701,DOM,2914,1.7e-05,98463,0.031442,0.88,1.387,1.586,-0.197,Ketones and quinones,29,Organic chemicals,5,Chemicals,0.7037262728131379
paises_interes,2023,2915,271635891,0.29505835496156974,DOM,2915,3.3e-05,449020,0.059966,0.89,1.092,0.995,-0.197,Saturated acyclic monocarboxylic acids,29,Organic chemicals,5,Chemicals,0.16834216738675337
paises_interes,2023,2916,191643621,0.23758563596882162,DOM,2916,1.9e-05,166003,0.035397,0.88,1.32,0.874,-0.197,Unsaturated acyclic monocarboxylic acids,29,Organic chemicals,5,Chemicals,0.0
paises_interes,2023,2917,107107193,0.07591331865515942,DOM,2917,8e-06,122230,0.015276,0.87,0.789,0.919,-0.197,Polycarboxylic acids,29,Organic chemicals,5,Chemicals,0.0
paises_interes,2023,2918,230545913,0.1804406261791902,DOM,2918,4.5e-05,428387,0.08013,0.867,0.938,0.786,-0.197,Carboxylic acids with additional oxygen function,29,Organic chemicals,5,Chemicals,0.02086197760436241
paises_interes,2023,2919,81584232,0.7125753887358715,DOM,2919,0.0,0,0.0,0.896,1.261,2.042,-0.197,Phosporic esters,29,Organic chemicals,5,Chemicals,
paises_interes,2023,2920,37583677,0.21751963854481585,DOM,2920,3e-06,4921,0.005841,0.888,1.451,1.568,-0.197,Esters of other inorganic acids of nonmetals,29,Organic chemicals,5,Chemicals,0.0
paises_interes,2023,2921,157217139,0.23152611492820596,DOM,2921,1e-06,10414,0.001874,0.883,1.476,1.344,-0.197,Amine-function compounds,29,Organic chemicals,5,Chemicals,0.0
paises_interes,2023,2922,406304015,0.2306440111159165,DOM,2922,2.5e-05,375164,0.044309,0.867,0.9,0.697,-0.197,Oxygen-function amino-compounds,29,Organic chemicals,5,Chemicals,0.0
paises_interes,2023,2923,61902898,0.27113298942402647,DOM,2923,1.7e-05,47189,0.029698,0.865,0.875,0.502,-0.197,Quaternary ammonium salts and hydroxides,29,Organic chemicals,5,Chemicals,0.08266757083218547
paises_interes,2023,2924,281186133,0.2261844270712867,DOM,2924,1.3e-05,102890,0.022646,0.893,0.93,1.121,-0.197,Carboxyamide-function compounds,29,Organic chemicals,5,Chemicals,0.0
paises_interes,2023,2925,96779755,0.4070365663516243,DOM,2925,0.0,0,0.0,0.889,1.28,1.017,-0.197,Carboxyimide-function compounds,29,Organic chemicals,5,Chemicals,
paises_interes,2023,2926,111289029,0.44409660807631585,DOM,2926,0.0,697,0.000314,0.901,1.529,1.565,-0.197,Nitrile-function compounds,29,Organic chemicals,5,Chemicals,0.0
paises_interes,2023,2928,17553892,0.09997793682838622,DOM,2928,0.0,0,0.0,0.879,0.686,0.856,-0.197,Organix derivatives of hydrazine,29,Organic chemicals,5,Chemicals,
paises_interes,2023,2929,60367282,0.23528867519507574,DOM,2929,4e-06,22308,0.006534,0.904,1.223,1.162,-0.197,Isocyanates,29,Organic chemicals,5,Chemicals,0.0
paises_interes,2023,2930,241308028,0.39509559544662515,DOM,2930,0.0,2434,0.000605,0.882,1.067,1.086,-0.197,Organo-sulfur compounds,29,Organic chemicals,5,Chemicals,0.0
paises_interes,2023,2931,376332077,0.5252658265469065,DOM,2931,0.0,0,0.0,0.902,1.449,1.798,-0.197,Other organo-inorganic compounds,29,Organic chemicals,5,Chemicals,
paises_interes,2023,2932,389047047,0.33209438410681064,DOM,2932,0.001379,13024321,2.447954,0.857,0.0,1.152,-0.197,Heterocyclic compounds with oxygen hetero-atom(s) only,29,Organic chemicals,5,Chemicals,0.008752778743705718
paises_interes,2023,2933,1036098081,0.06924103871681714,DOM,2933,5e-06,535446,0.009251,0.883,0.976,1.114,-0.197,Heterocyclic compounds with nitrogen hetero-atom(s) only,29,Organic chemicals,5,Chemicals,0.7137825289571684
paises_interes,2023,2934,554917570,0.07696413532827279,DOM,2934,7e-06,172531,0.011775,0.891,1.163,1.385,-0.197,Nucleic acids and their salts,29,Organic chemicals,5,Chemicals,0.0
paises_interes,2023,2935,221496273,0.13437714356952965,DOM,2935,0.0,0,0.0,0.879,0.727,1.017,-0.197,Sulfonamides,29,Organic chemicals,5,Chemicals,
paises_interes,2023,2936,653674245,0.6072381802669108,DOM,2936,1e-05,82836,0.017868,0.893,1.226,0.799,-0.197,Vitamins,29,Organic chemicals,5,Chemicals,0.10332464146023468
paises_interes,2023,2937,140275431,0.012309496365790165,DOM,2937,0.0,0,0.0,0.9,0.678,1.236,-0.197,Hormones,29,Organic chemicals,5,Chemicals,
paises_interes,2023,2938,130453687,0.6558095672928895,DOM,2938,0.0,0,0.0,0.861,0.58,-0.163,-0.197,Glycosides,29,Organic chemicals,5,Chemicals,
paises_interes,2023,2939,65627902,0.18619602493590323,DOM,2939,2.7e-05,53393,0.047627,0.862,0.856,0.441,-0.197,Vegetable alkaloids,29,Organic chemicals,5,Chemicals,0.4650047759069541
paises_interes,2023,2940,43188011,0.14955230378914497,DOM,2940,0.0,0,0.0,0.881,1.369,1.334,-0.197,"Other sugars, chemically pure",29,Organic chemicals,5,Chemicals,
paises_interes,2023,2941,157446915,0.3582383594193724,DOM,2941,2e-06,16629,0.003044,0.872,1.113,0.935,-0.197,Antibiotics,29,Organic chemicals,5,Chemicals,0.0
paises_interes,2023,2942,1352564,0.008970748889639647,DOM,2942,3e-06,6461,0.004961,0.829,0.152,-0.052,-0.197,Other organic compounds,29,Organic chemicals,5,Chemicals,0.0
paises_interes,2023,3001,147332336,0.3505966316186326,DOM,3001,0.0,1595,0.000548,0.882,0.832,0.735,-0.197,Heparin for therapeutic use,30,Pharmaceutical products,5,Chemicals,0.0
paises_interes,2023,3002,141283273,0.002122672193773962,DOM,3002,3e-06,925868,0.005492,0.882,1.44,1.875,-0.197,Serums and vaccines,30,Pharmaceutical products,5,Chemicals,0.6843567333572388
paises_interes,2023,3003,48522731,0.026907887864499085,DOM,3003,2.4e-05,336727,0.041843,0.855,0.814,0.494,-0.197,"Medicaments, not packaged",30,Pharmaceutical products,5,Chemicals,0.003970575570120602
paises_interes,2023,3004,945400989,0.013142676753541709,DOM,3004,0.000121,49143837,0.214441,0.828,0.841,0.755,-0.197,"Medicaments, packaged",30,Pharmaceutical products,5,Chemicals,0.010821295862592088
paises_interes,2023,3005,497240356,0.33314943239659195,DOM,3005,0.005373,49533576,9.524283,0.835,0.0,0.873,-0.197,"Wadding, gauze and bandages",30,Pharmaceutical products,5,Chemicals,0.3607370685290317
paises_interes,2023,3006,277972175,0.09134586416085208,DOM,3006,0.019627,315042816,34.589897,0.83,0.0,0.853,-0.197,Pharmaceutical goods,30,Pharmaceutical products,5,Chemicals,0.7537595080409641
paises_interes,2023,3101,299297,0.006762495937773388,DOM,3101,0.001657,1849878,2.924303,0.786,0.0,-0.862,-0.197,Animal or vegetable fertilizers,31,Fertilisers,5,Chemicals,0.19198563364719187
paises_interes,2023,3102,23618973,0.008285887365050402,DOM,3102,6.8e-05,2105804,0.121151,0.786,-0.19,-1.575,-0.197,Nitrogenous fertilizers,31,Fertilisers,5,Chemicals,0.5596503758184522
paises_interes,2023,3103,29342,0.00010753838272182542,DOM,3103,0.000374,990636,0.657688,0.823,0.078,-0.802,-0.197,Phosphatic fertilizers,31,Fertilisers,5,Chemicals,0.0
paises_interes,2023,3104,262455,6.459445929906442e-05,DOM,3104,5.5e-05,1204900,0.096397,0.837,-0.094,-1.313,-0.197,Potassic fertilizers,31,Fertilisers,5,Chemicals,0.26638061249896255
paises_interes,2023,3105,16359153,0.011034838546152472,DOM,3105,0.00093,27185761,1.633603,0.752,-0.0,-1.352,-0.197,Mixed fertilizers,31,Fertilisers,5,Chemicals,0.21425208586215408
paises_interes,2023,3201,543246,0.024104388366553042,DOM,3201,0.0,0,0.0,0.856,0.217,-0.914,-0.197,Vegetable tanning extracts,32,"Dyes, paints, inks, etc.",5,Chemicals,
paises_interes,2023,3202,27767,0.004433606632893954,DOM,3202,0.000242,124633,0.431723,0.865,0.579,-0.361,-0.197,Synthetic tanning substances,32,"Dyes, paints, inks, etc.",5,Chemicals,0.9823481742395673
paises_interes,2023,3203,10075284,0.05230666025319427,DOM,3203,6.2e-05,98793,0.109369,0.851,0.985,0.096,-0.197,Coloring matter of animal or vegetable origin,32,"Dyes, paints, inks, etc.",5,Chemicals,0.4987600336056198
paises_interes,2023,3204,107529168,0.16482496198557905,DOM,3204,6.2e-05,682238,0.112158,0.848,0.787,0.414,-0.197,Synthetic organic coloring matter,32,"Dyes, paints, inks, etc.",5,Chemicals,0.3425080397163453
paises_interes,2023,3205,40950,0.0019060375169623375,DOM,3205,3.8e-05,11453,0.067128,0.852,0.606,-0.01,-0.197,Color lakes,32,"Dyes, paints, inks, etc.",5,Chemicals,0.0
paises_interes,2023,3206,58910334,0.06318327508914476,DOM,3206,5.6e-05,725785,0.100895,0.87,0.823,0.641,-0.197,Other coloring matter,32,"Dyes, paints, inks, etc.",5,Chemicals,0.009356765433289473
paises_interes,2023,3207,7729760,0.0352919308813513,DOM,3207,6.1e-05,298003,0.113829,0.862,0.574,0.183,-0.197,Prepared pigments,32,"Dyes, paints, inks, etc.",5,Chemicals,0.7318449814263615
paises_interes,2023,3208,11196815,0.013669087028265475,DOM,3208,0.000457,7138724,0.810305,0.811,0.756,0.351,-0.197,"Paints and varnishes, nonaqueous",32,"Dyes, paints, inks, etc.",5,Chemicals,0.024321013111026565
paises_interes,2023,3209,1095136,0.0027246053521093696,DOM,3209,0.000406,2774139,0.721133,0.795,0.455,-0.158,-0.197,"Paints and varnishes, aqueous",32,"Dyes, paints, inks, etc.",5,Chemicals,0.4572521420159552
paises_interes,2023,3210,79358,0.003273945101784881,DOM,3210,3.6e-05,28010,0.066933,0.814,0.655,0.242,-0.197,Other paints and varnishes,32,"Dyes, paints, inks, etc.",5,Chemicals,0.2842199214566226
paises_interes,2023,3211,136659,0.007478160858025919,DOM,3211,0.000443,100264,0.782631,0.834,0.438,-0.19,-0.197,Prepared driers,32,"Dyes, paints, inks, etc.",5,Chemicals,0.02857456315327535
paises_interes,2023,3212,10499133,0.05290228092457403,DOM,3212,2.6e-05,52200,0.049104,0.846,1.093,1.01,-0.197,"Pigments, nonaqueous",32,"Dyes, paints, inks, etc.",5,Chemicals,0.09362068965517241
paises_interes,2023,3213,86890991,0.5830445219099513,DOM,3213,0.000689,606923,1.220707,0.815,0.0,-0.115,-0.197,Artists' colors,32,"Dyes, paints, inks, etc.",5,Chemicals,0.25500598922762857
paises_interes,2023,3214,7963042,0.013314949002158271,DOM,3214,0.000579,5825457,1.023088,0.797,0.0,0.437,-0.197,Glaziers' putty,32,"Dyes, paints, inks, etc.",5,Chemicals,0.03601279693593138
paises_interes,2023,3215,41454505,0.0663291350470947,DOM,3215,2.1e-05,211590,0.037218,0.826,0.855,0.672,-0.197,Ink,32,"Dyes, paints, inks, etc.",5,Chemicals,0.12781322368731982
paises_interes,2023,3301,67013653,0.06008626114535463,DOM,3301,0.000589,3181019,1.046056,0.76,-0.0,-1.198,-0.197,Essential oils,33,Essential oils,5,Chemicals,0.6193597083198812
paises_interes,2023,3302,21678913,0.004843805017501403,DOM,3302,0.000824,23601713,1.453873,0.793,0.0,0.021,-0.197,Mixtures of odoriferous subtances,33,Essential oils,5,Chemicals,0.013443642840670083
paises_interes,2023,3303,58236776,0.017352465795857187,DOM,3303,6.2e-05,1618215,0.110356,0.83,0.681,0.196,-0.197,Perfumes,33,Essential oils,5,Chemicals,0.06154559190218852
paises_interes,2023,3304,791795416,0.1289980946507807,DOM,3304,0.000338,22260909,0.611579,0.828,0.709,0.453,-0.197,Make-up preparations,33,Essential oils,5,Chemicals,0.863818813508469
paises_interes,2023,3305,102687272,0.061219608568593674,DOM,3305,0.001336,21848368,2.367667,0.791,0.0,0.333,-0.197,Hair products,33,Essential oils,5,Chemicals,0.6733784875831458
paises_interes,2023,3306,34364700,0.07448915438198322,DOM,3306,3.3e-05,202842,0.058619,0.821,0.566,0.277,-0.197,Dental hygiene products,33,Essential oils,5,Chemicals,0.12384023032705259
paises_interes,2023,3307,221329551,0.15052376756443037,DOM,3307,0.000435,6204352,0.770994,0.817,0.545,0.247,-0.197,Toiletries,33,Essential oils,5,Chemicals,0.3869830402917178
paises_interes,2023,3401,224927119,0.325969195436767,DOM,3401,0.002497,19897151,4.404287,0.74,-0.0,-1.039,-0.197,Soap,34,"Soaps, waxes, and paints",5,Chemicals,0.29243965631059443
paises_interes,2023,3402,218774427,0.08936142375005138,DOM,3402,0.000486,20161791,0.863091,0.795,0.434,-0.08,-0.197,Cleaning products,34,"Soaps, waxes, and paints",5,Chemicals,0.6998157554554553
paises_interes,2023,3403,4781245,0.012398683910709021,DOM,3403,4e-06,39874,0.006999,0.888,1.371,1.616,-0.197,Lubricants,34,"Soaps, waxes, and paints",5,Chemicals,0.026006921803681596
paises_interes,2023,3404,31156630,0.1383855626926534,DOM,3404,2.3e-05,77042,0.041025,0.872,1.055,0.703,-0.197,Artificial and prepared waxes,34,"Soaps, waxes, and paints",5,Chemicals,0.19385529970665352
paises_interes,2023,3405,9246598,0.07727139604437823,DOM,3405,0.000194,484565,0.361591,0.828,0.694,0.31,-0.197,Polishes and creams,34,"Soaps, waxes, and paints",5,Chemicals,0.608937913386233
paises_interes,2023,3406,567935781,0.5841031270621146,DOM,3406,0.010276,43422986,18.069834,0.812,0.0,0.059,-0.197,Candles,34,"Soaps, waxes, and paints",5,Chemicals,0.9194653495270915
paises_interes,2023,3407,78726986,0.4227130000832411,DOM,3407,9e-06,10208,0.01558,0.872,1.143,1.103,-0.197,Modeling pastes,34,"Soaps, waxes, and paints",5,Chemicals,0.0
paises_interes,2023,3502,2738084,0.03209194978094459,DOM,3502,0.0,0,0.0,0.872,0.897,0.425,-0.197,Albumins,35,Albuminoidals; modified starches; glues; enzymes,5,Chemicals,
paises_interes,2023,3503,23451774,0.07239797109861935,DOM,3503,3.6e-05,91655,0.063356,0.833,0.403,-0.472,-0.197,Gelatin,35,Albuminoidals; modified starches; glues; enzymes,5,Chemicals,0.0
paises_interes,2023,3504,70185634,0.10817148097897479,DOM,3504,2e-05,84502,0.034513,0.871,0.851,0.85,-0.197,Peptones,35,Albuminoidals; modified starches; glues; enzymes,5,Chemicals,0.0
paises_interes,2023,3505,33922714,0.13778786886658215,DOM,3505,4e-06,20474,0.007415,0.855,0.95,0.926,-0.197,Dextrins and other modified starches,35,Albuminoidals; modified starches; glues; enzymes,5,Chemicals,0.9477874377258962
paises_interes,2023,3506,111005156,0.17758361747365436,DOM,3506,0.000276,3676109,0.507071,0.848,1.077,0.834,-0.197,Glues and adhesives,35,Albuminoidals; modified starches; glues; enzymes,5,Chemicals,0.2299346945370771
paises_interes,2023,3507,55243081,0.06203993939534598,DOM,3507,4e-06,26891,0.006777,0.873,0.921,1.039,-0.197,Enzymes,35,Albuminoidals; modified starches; glues; enzymes,5,Chemicals,0.0
paises_interes,2023,3602,889501,0.007445292001471111,DOM,3602,0.00128,1638005,2.261934,0.768,0.0,-0.707,-0.197,"Prepared explosives, except gunpowder",36,Explosives,5,Chemicals,0.4066281848956505
paises_interes,2023,3603,6065454,0.017149748777954853,DOM,3603,5e-06,9429,0.008432,0.816,0.126,-0.755,-0.197,Detonators,36,Explosives,5,Chemicals,0.0
paises_interes,2023,3604,319917708,0.8831953545579224,DOM,3604,0.0,0,0.0,0.846,0.659,-0.021,-0.197,Fireworks,36,Explosives,5,Chemicals,
paises_interes,2023,3605,1375147,0.10665447342093991,DOM,3605,0.000275,52149,0.48254,0.803,-0.177,-1.326,-0.197,Matches,36,Explosives,5,Chemicals,1.0
paises_interes,2023,3606,10013830,0.3330385356804601,DOM,3606,6.7e-05,24591,0.118725,0.822,0.572,0.207,-0.197,Ferrocerium and other pyrophoric alloys,36,Explosives,5,Chemicals,0.883412630637225
paises_interes,2023,3701,25041860,0.08359649306177609,DOM,3701,1e-06,4763,0.002114,0.888,1.229,1.379,-0.197,Photographic plates,37,Photographic or cinematographic goods,5,Chemicals,0.0
paises_interes,2023,3702,3192084,0.01967130023700335,DOM,3702,9.7e-05,139814,0.175903,0.907,0.835,1.145,-0.197,Photographic film in rolls,37,Photographic or cinematographic goods,5,Chemicals,0.12292760381649906
paises_interes,2023,3703,453166,0.020852175283873373,DOM,3703,0.000126,47873,0.221437,0.888,0.701,0.345,-0.197,Photographic paper,37,Photographic or cinematographic goods,5,Chemicals,0.0
paises_interes,2023,3704,16202,0.0029412357365406513,DOM,3704,0.0,0,0.0,0.868,0.005,0.842,-0.197,"Photographic film, not developed",37,Photographic or cinematographic goods,5,Chemicals,
paises_interes,2023,3706,19828,0.01357287342001773,DOM,3706,0.000272,1930,0.46993,0.872,0.002,-0.155,-0.197,Motion-picture film,37,Photographic or cinematographic goods,5,Chemicals,1.0
paises_interes,2023,3707,6565106,0.013832996997466368,DOM,3707,2.5e-05,147016,0.046885,0.907,0.832,2.441,-0.197,Chemical preparations for photographic uses,37,Photographic or cinematographic goods,5,Chemicals,0.03579202263699189
paises_interes,2023,3801,305565315,0.5711553440970903,DOM,3801,0.0,0,0.0,0.898,0.996,0.986,-0.197,Artificial graphite,38,Miscellaneous chemical products,5,Chemicals,
paises_interes,2023,3802,32660859,0.12934951298199115,DOM,3802,6.7e-05,202461,0.118186,0.834,0.418,-0.047,-0.197,Activated carbon,38,Miscellaneous chemical products,5,Chemicals,0.7880431292940369
paises_interes,2023,3803,0,0.0,DOM,3803,8e-06,4024,0.014592,0.892,0.488,0.493,-0.197,Tall oil,38,Miscellaneous chemical products,5,Chemicals,0.0
paises_interes,2023,3804,178433,0.0062874714116550766,DOM,3804,0.0,0,0.0,0.885,0.841,0.621,-0.197,Residual lyes,38,Miscellaneous chemical products,5,Chemicals,
paises_interes,2023,3805,47289,0.0018095153438398666,DOM,3805,4.7e-05,17626,0.082369,0.851,0.23,-0.592,-0.197,Turpentines,38,Miscellaneous chemical products,5,Chemicals,0.7552479291955067
paises_interes,2023,3806,12929008,0.18144503188681496,DOM,3806,4e-06,5520,0.007511,0.855,0.493,-0.053,-0.197,Rosin and resin acids,38,Miscellaneous chemical products,5,Chemicals,0.0
paises_interes,2023,3807,110515,0.05855691887232033,DOM,3807,7.5e-05,10569,0.131283,0.875,0.621,0.319,-0.197,Wood tar and oils,38,Miscellaneous chemical products,5,Chemicals,0.0
paises_interes,2023,3808,337413748,0.1470975154108385,DOM,3808,0.000247,9841233,0.437758,0.821,0.493,0.198,-0.197,"Insecticides, rodenticides, fungicides, etc.",38,Miscellaneous chemical products,5,Chemicals,0.3869079209891687
paises_interes,2023,3809,3053704,0.014935317400046997,DOM,3809,0.000179,750844,0.329152,0.818,0.679,0.473,-0.197,Finishing agents,38,Miscellaneous chemical products,5,Chemicals,0.19392843253725142
paises_interes,2023,3810,3821726,0.036134035644536586,DOM,3810,9e-06,16780,0.016406,0.894,1.434,1.913,-0.197,Pickling preparations for metal surfaces,38,Miscellaneous chemical products,5,Chemicals,0.24183551847437426
paises_interes,2023,3811,2960515,0.0052741847898843215,DOM,3811,2.3e-05,290965,0.041075,0.881,0.699,0.607,-0.197,Anti-knock,38,Miscellaneous chemical products,5,Chemicals,0.7510937741652776
paises_interes,2023,3812,119116044,0.30787940826352256,DOM,3812,2.1e-05,100893,0.03892,0.885,1.105,1.204,-0.197,Stabilizers for rubber or plastic,38,Miscellaneous chemical products,5,Chemicals,0.0
paises_interes,2023,3813,5344792,0.44466737378047616,DOM,3813,0.0,0,0.0,0.873,0.873,0.619,-0.197,Preparations for fire extinguishers,38,Miscellaneous chemical products,5,Chemicals,
paises_interes,2023,3814,1770411,0.0206544828763396,DOM,3814,0.000673,1423839,1.215178,0.777,0.0,0.07,-0.197,Organic composite solvents and thinners,38,Miscellaneous chemical products,5,Chemicals,0.05870256398370883
paises_interes,2023,3815,94822512,0.037374494141030425,DOM,3815,1e-06,21629,0.001438,0.875,1.1,1.001,-0.197,Catalytic preparations,38,Miscellaneous chemical products,5,Chemicals,0.19039252854963243
paises_interes,2023,3816,1355081,0.010581110955236674,DOM,3816,0.000234,624270,0.415007,0.856,1.02,0.641,-0.197,Refractory cements,38,Miscellaneous chemical products,5,Chemicals,0.0
paises_interes,2023,3817,16679694,0.107341092915318,DOM,3817,0.0,0,0.0,0.876,0.479,0.245,-0.197,Mixed alkylbenzenes,38,Miscellaneous chemical products,5,Chemicals,
paises_interes,2023,3818,230364105,0.15721623296216583,DOM,3818,0.0,0,0.0,0.906,1.192,1.865,-0.197,Chemical elements for electronics,38,Miscellaneous chemical products,5,Chemicals,
paises_interes,2023,3819,145355,0.003315562211847124,DOM,3819,0.000536,560507,0.944489,0.885,1.086,1.465,-0.197,Hydraulic fluids,38,Miscellaneous chemical products,5,Chemicals,0.013866017730376249
paises_interes,2023,3820,1813699,0.04091710679596362,DOM,3820,1e-06,1046,0.001319,0.846,0.722,0.481,-0.197,Antifreezing preparation,38,Miscellaneous chemical products,5,Chemicals,1.0
paises_interes,2023,3821,4270982,0.014537394468316672,DOM,3821,2e-06,6241,0.00361,0.867,1.258,1.044,-0.197,Prepared culture media for micro-organisms,38,Miscellaneous chemical products,5,Chemicals,0.7852908187790418
paises_interes,2023,3823,3048877260,0.3131788117143317,DOM,3823,0.000148,12169954,0.264134,0.845,0.753,-0.222,-0.197,Industrial monocarboxylic fatty acids,38,Miscellaneous chemical products,5,Chemicals,0.16055960441592465
paises_interes,2023,3901,61806978,0.015521266288874068,DOM,3901,4.3e-05,3103599,0.076449,0.856,0.46,0.13,-0.197,Polymers of ethylene,39,Plastics,5,Chemicals,0.37853698238722205
paises_interes,2023,3902,19982505,0.019410246804706273,DOM,3902,1.7e-05,604957,0.030172,0.857,0.7,0.716,-0.197,Polymers of propylene,39,Plastics,5,Chemicals,0.027864790390060783
paises_interes,2023,3903,36738738,0.034358264760156146,DOM,3903,2.6e-05,430854,0.05381,0.868,0.904,0.431,-0.197,Polymers of styrene,39,Plastics,5,Chemicals,0.14251695469927167
paises_interes,2023,3904,115048016,0.09239228463721666,DOM,3904,0.000185,3869962,0.343882,0.862,1.186,0.984,-0.197,Polymers of vinyl chloride,39,Plastics,5,Chemicals,0.1958218194390539
paises_interes,2023,3905,17868700,0.04769020736797063,DOM,3905,0.001062,6277071,2.020153,0.835,0.0,1.231,-0.197,Polymers of vinyl acetate,39,Plastics,5,Chemicals,0.04978595908824354
paises_interes,2023,3906,80026985,0.07879925835593639,DOM,3906,5.7e-05,956295,0.103564,0.889,1.348,1.542,-0.197,Acrylic polymers,39,Plastics,5,Chemicals,0.004833236605859071
paises_interes,2023,3907,361639332,0.0840530183340076,DOM,3907,0.000465,27022036,0.871409,0.866,1.08,0.434,-0.197,Polyacetals,39,Plastics,5,Chemicals,0.3587904701185359
paises_interes,2023,3908,20547430,0.033775986979084585,DOM,3908,0.0,3687,0.000486,0.883,1.449,1.786,-0.197,Polyamides,39,Plastics,5,Chemicals,1.0
paises_interes,2023,3909,307897390,0.29896360208857103,DOM,3909,4.6e-05,845549,0.082868,0.87,1.208,1.318,-0.197,Amino-resins,39,Plastics,5,Chemicals,0.0021347077460915926
paises_interes,2023,3910,63315841,0.1022926265678542,DOM,3910,1.8e-05,130608,0.031452,0.897,1.411,1.726,-0.197,Silicones in primary forms,39,Plastics,5,Chemicals,0.7584374617175058
paises_interes,2023,3911,81056839,0.15422684943307968,DOM,3911,4.3e-05,286699,0.077646,0.892,1.494,1.564,-0.197,Petroleum resins,39,Plastics,5,Chemicals,0.05062801056159945
paises_interes,2023,3912,30955372,0.07542836326083478,DOM,3912,0.000124,792576,0.223092,0.872,1.02,1.176,-0.197,Cellulose n.e.c.,39,Plastics,5,Chemicals,0.0
paises_interes,2023,3913,148161218,0.3015862997521425,DOM,3913,6.2e-05,220797,0.108971,0.875,0.949,0.617,-0.197,Natural polymers,39,Plastics,5,Chemicals,0.0
paises_interes,2023,3914,52998165,0.1544121189577145,DOM,3914,0.0,0,0.0,0.894,1.393,1.716,-0.197,Ion-exchangers based on polymers,39,Plastics,5,Chemicals,
paises_interes,2023,3915,15780732,0.06257383955436614,DOM,3915,0.003436,9422710,6.170973,0.765,0.0,-0.619,-0.197,Plastic waste,39,Plastics,5,Chemicals,0.15154323968370034
paises_interes,2023,3916,162060102,0.1842133889998882,DOM,3916,1.5e-05,105188,0.026211,0.857,0.852,0.575,-0.197,Monofilament,39,Plastics,5,Chemicals,0.2508461041183405
paises_interes,2023,3917,699601644,0.1916449331728662,DOM,3917,0.000855,26857213,1.51998,0.775,0.0,-0.057,-0.197,Plastic tubes and fittings,39,Plastics,5,Chemicals,0.35616055917641193
paises_interes,2023,3918,3094896483,0.756088300834982,DOM,3918,1e-05,129485,0.018981,0.874,0.799,0.831,-0.197,Plastic floor coverings,39,Plastics,5,Chemicals,0.5110785033015407
paises_interes,2023,3919,421141833,0.25133883884901703,DOM,3919,0.000796,19412330,1.476183,0.857,0.0,1.352,-0.197,Self-adhesive plastic sheets,39,Plastics,5,Chemicals,0.17106653348670664
paises_interes,2023,3920,839964471,0.14116002368816477,DOM,3920,0.000915,55855545,1.648199,0.794,0.0,0.194,-0.197,"Other plates of plastics, noncellular and not reinforced",39,Plastics,5,Chemicals,0.36376273832794936
paises_interes,2023,3921,350727978,0.10799127547763938,DOM,3921,0.000725,21940424,1.303568,0.796,0.0,0.71,-0.197,"Other plastic plates, sheets etc.",39,Plastics,5,Chemicals,0.7007593381057723
paises_interes,2023,3922,289388741,0.5298225123478485,DOM,3922,2.1e-05,104049,0.036784,0.826,0.729,0.451,-0.197,"Baths, sinks etc.",39,Plastics,5,Chemicals,0.17998250824130937
paises_interes,2023,3923,3226275231,0.291797260151671,DOM,3923,0.002049,129953328,3.67831,0.769,0.0,-0.102,-0.197,Packing lids,39,Plastics,5,Chemicals,0.48797482893243027
paises_interes,2023,3924,4679224461,0.7971739463495245,DOM,3924,0.006079,147914207,10.870876,0.78,0.0,-0.424,-0.197,Plastic household articles,39,Plastics,5,Chemicals,0.6699802406404409
paises_interes,2023,3925,849877435,0.3374834825513939,DOM,3925,0.000222,3499221,0.393728,0.808,0.648,0.246,-0.197,Plastic builders' ware,39,Plastics,5,Chemicals,0.716638360366493
paises_interes,2023,3926,8531206171,0.3864098444923513,DOM,3926,0.003186,426374228,5.717638,0.837,0.0,1.072,-0.197,Other articles of plastic,39,Plastics,5,Chemicals,0.6202238447676532
paises_interes,2023,4001,574077740,0.49545741188853376,DOM,4001,0.0,0,0.0,0.789,-0.161,-1.937,-0.197,Natural rubber,40,Rubber,5,Chemicals,
paises_interes,2023,4002,70873320,0.053748447449247644,DOM,4002,0.0,0,0.0,0.874,0.782,0.588,-0.197,Synthetic rubber,40,Rubber,5,Chemicals,
paises_interes,2023,4003,6220733,0.06897916423803421,DOM,4003,0.0,0,0.0,0.842,0.452,0.014,-0.197,Reclaimed rubber,40,Rubber,5,Chemicals,
paises_interes,2023,4004,203631,0.007402085965411494,DOM,4004,2.1e-05,5864,0.037385,0.799,0.161,-0.697,-0.197,Scrap of rubber,40,Rubber,5,Chemicals,0.0
paises_interes,2023,4005,1502757,0.002309318791318548,DOM,4005,0.0,0,0.0,0.857,1.121,1.153,-0.197,Compounded rubber,40,Rubber,5,Chemicals,
paises_interes,2023,4006,962938,0.04153288915728138,DOM,4006,0.0,0,0.0,0.865,1.145,0.802,-0.197,Unvulcanized rubber rods,40,Rubber,5,Chemicals,
paises_interes,2023,4007,12970094,0.7702485259824562,DOM,4007,0.000174,104037,0.307629,0.889,0.41,0.839,-0.197,Vulcanized rubber thread and cord,40,Rubber,5,Chemicals,0.078875784576641
paises_interes,2023,4008,47998661,0.09893980302098153,DOM,4008,7.4e-05,334168,0.131415,0.839,1.031,0.887,-0.197,Vulcanized rubber plates,40,Rubber,5,Chemicals,0.9379443872543152
paises_interes,2023,4009,298886086,0.1413721049346854,DOM,4009,1.6e-05,184858,0.028166,0.844,1.007,0.854,-0.197,Vulcanized rubber tubes,40,Rubber,5,Chemicals,0.18600222873773384
paises_interes,2023,4010,173204377,0.2087704717733635,DOM,4010,3.2e-05,202980,0.056339,0.86,1.124,0.987,-0.197,Conveyor belts of vulcanized rubber,40,Rubber,5,Chemicals,0.35537491378460934
paises_interes,2023,4011,3316036344,0.18942816461996986,DOM,4011,1e-05,902890,0.017419,0.829,0.561,0.355,-0.197,New pneumatic tires of rubber,40,Rubber,5,Chemicals,0.022564266682387472
paises_interes,2023,4012,62430187,0.15726467822757006,DOM,4012,0.000191,542755,0.340195,0.859,0.788,0.291,-0.197,Used pneumatic tires of rubber,40,Rubber,5,Chemicals,0.3576139197206957
paises_interes,2023,4013,25735893,0.3243474377416311,DOM,4013,0.000137,149806,0.242773,0.841,0.421,-0.396,-0.197,Rubber inner tubes,40,Rubber,5,Chemicals,0.0
paises_interes,2023,4014,12677042,0.12375044145190484,DOM,4014,8.7e-05,114882,0.154978,0.835,0.505,-0.041,-0.197,Rubber hygenic or pharmeceutical items,40,Rubber,5,Chemicals,0.0
paises_interes,2023,4015,1616750977,0.7214459103503504,DOM,4015,2e-06,17776,0.004152,0.856,0.446,-0.388,-0.197,Vulcanized rubber articles of apparel,40,Rubber,5,Chemicals,0.4002025202520252
paises_interes,2023,4016,846660016,0.1921584654598634,DOM,4016,2.7e-05,818391,0.04918,0.834,1.016,0.919,-0.197,Other articles of vulcanized rubber,40,Rubber,5,Chemicals,0.3844873660634098
paises_interes,2023,4017,7772541,0.16637357815289378,DOM,4017,0.002301,642353,5.204387,0.804,0.0,0.108,-0.197,Hard rubber,40,Rubber,5,Chemicals,0.7147098246602724
paises_interes,2023,4104,4817239,0.009952070689193227,DOM,4104,0.000833,10001982,1.493706,0.768,-0.0,-1.484,-0.197,Tanned hides of bovines or equines,41,Leather and skins,1,Agriculture,0.07927818706332405
paises_interes,2023,4105,114296,0.015729185417117365,DOM,4105,0.0,0,0.0,0.791,-0.177,-1.934,-0.197,Tanned sheepskins,41,Leather and skins,1,Agriculture,
paises_interes,2023,4106,13413,0.0028269199155275104,DOM,4106,5e-06,1660,0.009294,0.825,-0.015,-1.71,-0.197,Tanned skins of other animals,41,Leather and skins,1,Agriculture,1.0
paises_interes,2023,4107,1331185,0.04680589420553237,DOM,4107,0.0,0,0.0,0.822,0.201,-0.639,-0.197,Bovine leather further prepared,41,Leather and skins,1,Agriculture,
paises_interes,2023,4109,21178,0.0008390940652657332,DOM,4109,2.8e-05,7888,0.05043,0.841,0.31,-0.643,-0.197,Patent leather,41,Leather and skins,1,Agriculture,1.0
paises_interes,2023,4111,170323,0.01446983171385987,DOM,4111,0.0,0,0.0,0.852,0.666,-0.271,-0.197,Composition leather,41,Leather and skins,1,Agriculture,
paises_interes,2023,4201,449737812,0.7225154459553736,DOM,4201,1e-06,2270,0.001738,0.853,0.781,-0.09,-0.197,Saddlery and harnesses,42,Articles of leather,1,Agriculture,1.0
paises_interes,2023,4202,8112716445,0.6084826409553376,DOM,4202,0.000228,18838809,0.40718,0.83,0.386,-0.705,-0.197,Trunks or cases,42,Articles of leather,1,Agriculture,0.9408591063267322
paises_interes,2023,4203,334426283,0.2637744993739914,DOM,4203,0.000295,2018646,0.526785,0.796,0.125,-0.467,-0.197,Leather apparel,42,Articles of leather,1,Agriculture,0.7693201284425303
paises_interes,2023,4205,61718301,0.1549170169878113,DOM,4205,0.002628,6514410,4.642478,0.791,0.0,-0.144,-0.197,Other articles of leather,42,Articles of leather,1,Agriculture,0.9854283043284042
paises_interes,2023,4206,12900,0.0011426965832309188,DOM,4206,0.001022,60376,1.768235,0.839,0.0,-1.244,-0.197,Articles of gut,42,Articles of leather,1,Agriculture,1.0
paises_interes,2023,4302,1381122,0.03995729431485123,DOM,4302,2e-06,1786,0.002737,0.832,0.257,-0.654,-0.197,Other tanned furskins,43,Furskins,1,Agriculture,1.0
paises_interes,2023,4303,18767385,0.1559182977297974,DOM,4303,0.0,0,0.0,0.863,0.575,0.269,-0.197,Furskin apparel,43,Furskins,1,Agriculture,
paises_interes,2023,4304,5700492,0.7773490757026288,DOM,4304,1.5e-05,2054,0.025447,0.851,0.002,-0.809,-0.197,Artificial fur,43,Furskins,1,Agriculture,0.0
paises_interes,2023,4401,1632430,0.009725376477275054,DOM,4401,0.0,0,0.0,0.827,0.343,-0.329,-0.197,Fuel wood,44,Wood,1,Agriculture,
paises_interes,2023,4402,8011828,0.09271350731838533,DOM,4402,0.000614,963458,1.0818,0.745,-0.0,-1.749,-0.197,Wood charcoal,44,Wood,1,Agriculture,0.663461199138935
paises_interes,2023,4403,978285,0.004643872950118524,DOM,4403,1.7e-05,184332,0.030531,0.792,0.133,-1.214,-0.197,Wood in the rough,44,Wood,1,Agriculture,0.0
paises_interes,2023,4404,504799,0.027147506170181104,DOM,4404,0.0,0,0.0,0.802,0.302,-0.345,-0.197,Strips and other pieces of wood,44,Wood,1,Agriculture,
paises_interes,2023,4405,331656,0.23172892573070322,DOM,4405,1.3e-05,1074,0.02247,0.87,0.003,0.032,-0.197,Wood wool or flour,44,Wood,1,Agriculture,0.0
paises_interes,2023,4406,21848,0.007708094381113899,DOM,4406,0.0,0,0.0,0.844,0.533,-0.245,-0.197,Wooden railway ties,44,Wood,1,Agriculture,
paises_interes,2023,4407,58122031,0.007854328361733925,DOM,4407,4e-06,123319,0.006285,0.8,0.11,-1.052,-0.197,Wood sawn lengthwise,44,Wood,1,Agriculture,0.0
paises_interes,2023,4408,15597390,0.03682015025857489,DOM,4408,5e-06,21700,0.009716,0.795,0.138,-0.824,-0.197,Sheets for veneering for plywood,44,Wood,1,Agriculture,0.0
paises_interes,2023,4409,288060678,0.2184271906972007,DOM,4409,2e-06,7322,0.002886,0.798,0.08,-0.948,-0.197,Wood shaped along its edges,44,Wood,1,Agriculture,0.8115269052171538
paises_interes,2023,4410,15092880,0.0069162252172376894,DOM,4410,3.2e-05,307455,0.056406,0.824,0.489,0.158,-0.197,Particle board and similar board,44,Wood,1,Agriculture,0.7378998552633719
paises_interes,2023,4411,179076491,0.14430304427137103,DOM,4411,0.000143,1522016,0.252588,0.817,0.289,0.073,-0.197,Fiberboard of wood,44,Wood,1,Agriculture,0.0019579294830014927
paises_interes,2023,4412,1148978627,0.4470044198070979,DOM,4412,6.3e-05,964803,0.110382,0.797,0.005,-0.829,-0.197,Plywood,44,Wood,1,Agriculture,0.09621135091827036
paises_interes,2023,4413,39952803,0.6363145127678659,DOM,4413,0.0,0,0.0,0.811,0.375,-0.444,-0.197,Densified wood,44,Wood,1,Agriculture,
paises_interes,2023,4414,244877538,0.8698415829491376,DOM,4414,0.0,0,0.0,0.857,0.708,0.314,-0.197,Wooden frames,44,Wood,1,Agriculture,
paises_interes,2023,4415,16977015,0.054977191820372584,DOM,4415,0.000103,505748,0.182797,0.789,0.542,0.216,-0.197,Packing boxes,44,Wood,1,Agriculture,0.5914111375625806
paises_interes,2023,4416,2267275,0.008574698555820359,DOM,4416,7.6e-05,92360,0.134875,0.855,0.697,0.225,-0.197,"Casks, barrels, etc. of wood",44,Wood,1,Agriculture,0.0
paises_interes,2023,4417,4572172,0.11484009796104706,DOM,4417,0.000305,113156,0.540002,0.795,0.328,-0.468,-0.197,Wooden tools,44,Wood,1,Agriculture,0.8600781222383258
paises_interes,2023,4418,515484499,0.16661886603136053,DOM,4418,8.5e-05,1233739,0.150039,0.817,0.427,-0.157,-0.197,Wood carpentry for construction,44,Wood,1,Agriculture,0.6602125733238554
paises_interes,2023,4419,259665921,0.7362626429122856,DOM,4419,0.000531,1021432,0.936626,0.837,0.44,-0.344,-0.197,Wooden kitchenware,44,Wood,1,Agriculture,0.9718542203494701
paises_interes,2023,4420,545256830,0.8425568601704124,DOM,4420,4.7e-05,91893,0.084043,0.802,0.246,-0.75,-0.197,"Wood marquetry, ornaments, etc.",44,Wood,1,Agriculture,0.8135331309240095
paises_interes,2023,4421,1163596255,0.6077529222537417,DOM,4421,3.8e-05,288928,0.067694,0.815,0.381,-0.439,-0.197,Other articles of wood,44,Wood,1,Agriculture,0.37557799867094915
paises_interes,2023,4502,8249,0.008960032325198448,DOM,4502,0.0,0,0.0,0.861,0.001,-0.541,-0.197,"Natural cork, debacked",45,Cork,1,Agriculture,
paises_interes,2023,4503,375455,0.0024511173283742276,DOM,4503,2e-06,1636,0.004321,0.852,0.311,-0.46,-0.197,Articles of natural cork,45,Cork,1,Agriculture,0.0
paises_interes,2023,4504,6581044,0.054569554360767714,DOM,4504,0.0,0,0.0,0.845,0.311,-0.834,-0.197,Agglomerated cork,45,Cork,1,Agriculture,
paises_interes,2023,4601,47877686,0.7971613756047305,DOM,4601,0.0,0,0.0,0.787,-0.015,-1.343,-0.197,Products of plaiting materials,46,Manufactues of plaiting materials,1,Agriculture,
paises_interes,2023,4602,421407553,0.6414984566027755,DOM,4602,7.3e-05,165166,0.127928,0.795,-0.03,-1.453,-0.197,Basketwork,46,Manufactues of plaiting materials,1,Agriculture,0.9735659881573689
paises_interes,2023,4703,0,0.0,DOM,4703,0.0,0,0.0,0.893,0.279,-0.106,-0.197,"Chemical woodpulp, soda or sulfate",47,Pulp of wood,1,Agriculture,
paises_interes,2023,4704,0,0.0,DOM,4704,0.0,0,0.0,0.909,0.93,1.289,-0.197,"Chemical woodpulp, sulfite",47,Pulp of wood,1,Agriculture,
paises_interes,2023,4706,837925,0.03958809202664621,DOM,4706,0.0,0,0.0,0.854,0.279,-0.236,-0.197,Pulps of recovered paper fibers,47,Pulp of wood,1,Agriculture,
paises_interes,2023,4707,224059,0.001995289578133737,DOM,4707,0.00221,14254076,3.941614,0.767,0.0,-0.169,-0.197,Paper waste,47,Pulp of wood,1,Agriculture,0.0492985304694601
paises_interes,2023,4801,8151238,0.005942263515807159,DOM,4801,0.000111,746312,0.194422,0.893,1.072,1.146,-0.197,Newsprint,48,Paper and paperboard,1,Agriculture,0.3234505139941472
paises_interes,2023,4802,17953228,0.019795648978227637,DOM,4802,0.000288,3557228,0.50922,0.867,0.699,0.652,-0.197,Paper used for graphic purposes,48,Paper and paperboard,1,Agriculture,0.6054739814259867
paises_interes,2023,4803,168494077,0.33004626839372847,DOM,4803,0.000246,1201136,0.4335,0.804,0.111,-0.84,-0.197,Tissue,48,Paper and paperboard,1,Agriculture,0.6835445777996829
paises_interes,2023,4804,3576850,0.004256035428529455,DOM,4804,0.000133,1736475,0.235515,0.832,0.32,-0.146,-0.197,Uncoated kraft paper and paperboard,48,Paper and paperboard,1,Agriculture,0.246570206884637
paises_interes,2023,4805,45300634,0.045696900337693955,DOM,4805,7.4e-05,1167001,0.133728,0.829,0.542,0.09,-0.197,Other uncoated paper and paperboard,48,Paper and paperboard,1,Agriculture,0.026887723318146258
paises_interes,2023,4806,6570457,0.025539844141522362,DOM,4806,5e-06,11323,0.010075,0.879,0.962,1.257,-0.197,Transparent paper,48,Paper and paperboard,1,Agriculture,0.0
paises_interes,2023,4807,1096113,0.014368828791660982,DOM,4807,0.0,0,0.0,0.859,0.995,0.8,-0.197,Uncoated composite paper,48,Paper and paperboard,1,Agriculture,
paises_interes,2023,4808,12427321,0.16031994788155957,DOM,4808,0.000794,1557093,1.40286,0.783,0.0,-0.094,-0.197,Corrugated paper and paperboard,48,Paper and paperboard,1,Agriculture,0.6236429037957271
paises_interes,2023,4809,7475904,0.10247578844761457,DOM,4809,0.000269,250868,0.47615,0.846,0.596,-0.632,-0.197,Carbon paper,48,Paper and paperboard,1,Agriculture,0.007641468820256071
paises_interes,2023,4810,57565206,0.025581893572309666,DOM,4810,2.5e-05,578732,0.044494,0.88,1.043,0.647,-0.197,"Paper and paperboard, coated with kaolin",48,Paper and paperboard,1,Agriculture,0.4722462210487756
paises_interes,2023,4811,134157868,0.08326483012333086,DOM,4811,0.000133,2632035,0.238343,0.844,0.718,0.308,-0.197,"Cellulose wadding, coated",48,Paper and paperboard,1,Agriculture,0.4042753990733406
paises_interes,2023,4812,1172314,0.0513855253485894,DOM,4812,1.6e-05,4105,0.028879,0.858,0.945,0.845,-0.197,Filter blocks of paper pulp,48,Paper and paperboard,1,Agriculture,1.0
paises_interes,2023,4813,31029503,0.12177681044094284,DOM,4813,0.007534,17025006,13.321037,0.812,0.0,0.143,-0.197,Cigarette paper,48,Paper and paperboard,1,Agriculture,0.8504337090982523
paises_interes,2023,4814,34774388,0.2337977571922616,DOM,4814,1.4e-05,22425,0.025555,0.859,0.907,0.508,-0.197,Wallpaper,48,Paper and paperboard,1,Agriculture,0.874247491638796
paises_interes,2023,4816,7102159,0.3516487461195474,DOM,4816,6.2e-05,29721,0.11118,0.851,0.449,0.177,-0.197,Other carbon paper,48,Paper and paperboard,1,Agriculture,0.0
paises_interes,2023,4817,72188169,0.32916411188285133,DOM,4817,0.000485,522604,0.864554,0.817,0.653,0.009,-0.197,Letterstock,48,Paper and paperboard,1,Agriculture,0.15551163022097036
paises_interes,2023,4818,962882895,0.29164987394814823,DOM,4818,0.000404,12398010,0.71277,0.784,0.299,-0.215,-0.197,Toilet paper,48,Paper and paperboard,1,Agriculture,0.4079697467577458
paises_interes,2023,4819,1463173499,0.3884435712466064,DOM,4819,0.001682,48454206,2.97537,0.756,0.0,-0.446,-0.197,Cardboard packing containers,48,Paper and paperboard,1,Agriculture,0.2697047599954481
paises_interes,2023,4820,635361887,0.6500341882837177,DOM,4820,0.000426,2149957,0.755046,0.773,-0.042,-0.781,-0.197,Notebooks,48,Paper and paperboard,1,Agriculture,0.24560956335405779
paises_interes,2023,4821,150985310,0.27188949396409806,DOM,4821,0.002337,11959697,4.340366,0.774,0.0,0.127,-0.197,Paper labels,48,Paper and paperboard,1,Agriculture,0.1874482271582633
paises_interes,2023,4822,9028965,0.2832860518744611,DOM,4822,9.6e-05,48972,0.172531,0.802,0.519,0.282,-0.197,"Bobbins, spools, cops of paper",48,Paper and paperboard,1,Agriculture,0.25445152331944787
paises_interes,2023,4823,1015096190,0.5160251568327249,DOM,4823,0.000561,7384114,1.002137,0.801,0.0,-0.062,-0.197,Other paper cut to size,48,Paper and paperboard,1,Agriculture,0.4593790128375591
paises_interes,2023,4901,514654879,0.25987651929100153,DOM,4901,0.000165,2213493,0.295857,0.812,0.645,0.3,-0.197,"Books, brochures etc.",49,Products of the printing industry,1,Agriculture,0.6316012745466103
paises_interes,2023,4902,930110,0.006464422604585515,DOM,4902,6e-06,12978,0.011206,0.851,1.111,0.947,-0.197,"Newspapers, journals and periodicals",49,Products of the printing industry,1,Agriculture,0.7249190938511327
paises_interes,2023,4903,232238843,0.8933552372634697,DOM,4903,2e-06,2616,0.004502,0.858,0.697,0.625,-0.197,Children's books,49,Products of the printing industry,1,Agriculture,0.0
paises_interes,2023,4904,257351,0.0265353559172892,DOM,4904,0.0,0,0.0,0.909,0.003,1.264,-0.197,"Music, printed or in manuscript",49,Products of the printing industry,1,Agriculture,
paises_interes,2023,4905,1858061,0.14781803322391604,DOM,4905,0.0,0,0.0,0.851,0.003,0.228,-0.197,Maps,49,Products of the printing industry,1,Agriculture,
paises_interes,2023,4906,19711,0.00216952568715772,DOM,4906,0.0,0,0.0,0.869,0.004,0.675,-0.197,"Architectural, engineering, etc. drawings",49,Products of the printing industry,1,Agriculture,
paises_interes,2023,4907,3211735,0.0024899907023115246,DOM,4907,3e-06,10352,0.00511,0.792,-0.028,-0.826,-0.197,Unused stamps,49,Products of the printing industry,1,Agriculture,0.0
paises_interes,2023,4908,31114189,0.2634073719939083,DOM,4908,0.000221,240228,0.448589,0.849,1.112,0.641,-0.197,Transfers (decalcomanias),49,Products of the printing industry,1,Agriculture,0.04194764973275388
paises_interes,2023,4909,221676541,0.8457810098162453,DOM,4909,3.7e-05,29571,0.06446,0.872,0.658,-0.133,-0.197,Printed or illustrated postcards,49,Products of the printing industry,1,Agriculture,1.0
paises_interes,2023,4910,58904759,0.5849847074113104,DOM,4910,9.5e-05,43310,0.168505,0.831,0.797,0.064,-0.197,Calendars,49,Products of the printing industry,1,Agriculture,0.9364580928192103
paises_interes,2023,4911,341615971,0.25757100490826107,DOM,4911,0.000384,3802390,0.679505,0.821,0.824,0.411,-0.197,Other printed matter,49,Products of the printing industry,1,Agriculture,0.762646125200203
paises_interes,2023,5004,10760490,0.8691417987120487,DOM,5004,0.0,0,0.0,0.876,0.607,0.442,-0.197,Silk yarn,50,Silk,0,Textiles,
paises_interes,2023,5006,116251,0.07806392389890524,DOM,5006,0.0,0,0.0,0.865,0.003,-0.067,-0.197,"Silk yarn, for retail sale",50,Silk,0,Textiles,
paises_interes,2023,5007,5858371,0.13894622673293194,DOM,5007,4e-06,3540,0.007105,0.865,0.604,0.045,-0.197,Woven silk fabrics,50,Silk,0,Textiles,0.0
paises_interes,2023,5101,147700,0.016803887033736222,DOM,5101,0.0,0,0.0,0.853,-0.127,-1.698,-0.197,Wool,51,Wool,0,Textiles,
paises_interes,2023,5102,23108,0.0024149015771894843,DOM,5102,0.0,0,0.0,0.843,-0.001,-2.38,-0.197,Animal hair,51,Wool,0,Textiles,
paises_interes,2023,5105,1510997,0.21637177183343723,DOM,5105,1e-06,2025,0.002114,0.861,0.275,-1.017,-0.197,"Wool, combed",51,Wool,0,Textiles,1.0
paises_interes,2023,5106,531221,0.038553161125376864,DOM,5106,0.0,0,0.0,0.857,0.751,0.361,-0.197,"Yarn of carded wool, not for retail sale",51,Wool,0,Textiles,
paises_interes,2023,5111,845827,0.013324817359102353,DOM,5111,1e-06,1110,0.002111,0.86,0.92,0.62,-0.197,Woven fabrics of carded wool,51,Wool,0,Textiles,1.0
paises_interes,2023,5112,1005375,0.018242645557848897,DOM,5112,1.9e-05,36653,0.033209,0.854,0.749,-0.17,-0.197,Woven fabrics of combed wool,51,Wool,0,Textiles,0.028183231931901892
paises_interes,2023,5201,17362,0.004844351288850793,DOM,5201,0.0,0,0.0,0.783,-0.428,-2.562,-0.197,Raw cotton,52,Cotton,0,Textiles,
paises_interes,2023,5202,240952,0.009257972462073463,DOM,5202,2.6e-05,12165,0.045335,0.772,-0.281,-1.8,-0.197,Cotton waste,52,Cotton,0,Textiles,0.0
paises_interes,2023,5203,19326,0.005165858927625852,DOM,5203,0.0,0,0.0,0.79,-0.077,-1.189,-0.197,"Cotton, carded or combed",52,Cotton,0,Textiles,
paises_interes,2023,5204,2144160,0.18772116766810712,DOM,5204,0.009495,1302797,16.421055,0.8,0.0,-0.816,-0.197,Cotton sewing thread,52,Cotton,0,Textiles,0.24045035412270677
paises_interes,2023,5205,4792292,0.06176585819758153,DOM,5205,0.000156,1788040,0.276367,0.781,-0.172,-1.806,-0.197,Cotton yarn of > 85%,52,Cotton,0,Textiles,0.0
paises_interes,2023,5206,6322155,0.44358840327526083,DOM,5206,1.7e-05,24629,0.03094,0.806,0.092,-1.305,-0.197,Cotton yarn of < 85%,52,Cotton,0,Textiles,0.0
paises_interes,2023,5207,4191158,0.05670790302878468,DOM,5207,0.000195,66617,0.348826,0.812,0.223,-0.594,-0.197,Cotton yarn for retail sale,52,Cotton,0,Textiles,0.0
paises_interes,2023,5208,66291723,0.17604005072880866,DOM,5208,0.0021,19858444,3.706047,0.796,0.0,-1.368,-0.197,Woven fabrics of cotton of > 85% weighing < 200 g/m2,52,Cotton,0,Textiles,0.09772875457916039
paises_interes,2023,5209,13185749,0.10457402037335159,DOM,5209,0.004668,24829788,8.361827,0.782,0.0,-1.416,-0.197,Woven fabrics of cotton of < 85% weighing > 200 g/m2,52,Cotton,0,Textiles,0.005147567107701443
paises_interes,2023,5210,8185892,0.1580150911614909,DOM,5210,0.000323,529304,0.575417,0.831,0.27,-0.694,-0.197,Woven fabrics of cotton of < 85% weighing < 200 g/m2,52,Cotton,0,Textiles,0.15081314329761347
paises_interes,2023,5211,3012491,0.06787155846518574,DOM,5211,0.000165,549822,0.296938,0.839,0.29,-0.657,-0.197,Woven fabrics of cotton of < 85% weighing > 200 g/m2,52,Cotton,0,Textiles,0.09166239255613635
paises_interes,2023,5212,2657007,0.07547344906731594,DOM,5212,0.171618,104609510,304.214508,0.791,0.0,-0.949,-0.197,Other woven cotton fabrics,52,Cotton,0,Textiles,0.04806274305271098
paises_interes,2023,5303,244129,0.08759989723215772,DOM,5303,0.000571,105581,0.987537,0.837,-0.001,-2.26,-0.197,Textile bast fibers,53,Other vegetable textile fibres,0,Textiles,0.0
paises_interes,2023,5305,656636,0.013323479179623848,DOM,5305,0.000587,360294,1.03036,0.762,-0.0,-1.684,-0.197,Vegetable textile fibers,53,Other vegetable textile fibres,0,Textiles,0.8383542329319944
paises_interes,2023,5309,12383441,0.11674698207825589,DOM,5309,2e-06,3793,0.003322,0.862,0.843,0.66,-0.197,Woven fabrics of flax,53,Other vegetable textile fibres,0,Textiles,0.0
paises_interes,2023,5310,680308,0.02577818862743199,DOM,5310,0.0,0,0.0,0.822,-0.152,-2.31,-0.197,Woven fabrics of jute or of other textile bast fibers,53,Other vegetable textile fibres,0,Textiles,
paises_interes,2023,5311,629662,0.10285620008592286,DOM,5311,0.0,0,0.0,0.847,0.669,-0.147,-0.197,Woven fabrics of vegetable textile fibers,53,Other vegetable textile fibres,0,Textiles,
paises_interes,2023,5401,8531229,0.14356747228389993,DOM,5401,0.003428,3991802,6.169937,0.781,0.0,-0.479,-0.197,Synthetic sowing thread,54,Man-made filaments,0,Textiles,0.09655689335292682
paises_interes,2023,5402,261144431,0.2809045654646297,DOM,5402,0.001655,28471332,3.024793,0.805,0.0,0.002,-0.197,Synthetic filament yarn,54,Man-made filaments,0,Textiles,0.7520687476089984
paises_interes,2023,5403,508969,0.015595475663861547,DOM,5403,0.0,0,0.0,0.887,1.177,0.915,-0.197,Artificial filament yarn,54,Man-made filaments,0,Textiles,
paises_interes,2023,5404,36002768,0.19432505751970788,DOM,5404,2.2e-05,31358,0.039238,0.843,0.995,0.576,-0.197,"Synthetic monofilament >67 dtex, thickness < 1mm",54,Man-made filaments,0,Textiles,0.3111805599846929
paises_interes,2023,5406,19592965,0.7584097976517395,DOM,5406,0.0,0,0.0,0.866,0.431,-0.344,-0.197,Synthetic filament yarn for retail sale,54,Man-made filaments,0,Textiles,
paises_interes,2023,5407,240473790,0.3098535709503951,DOM,5407,2.5e-05,760275,0.046654,0.851,0.279,-0.131,-0.197,Woven fabrics of synthetic filament yarn,54,Man-made filaments,0,Textiles,0.07782841734898556
paises_interes,2023,5408,3081551,0.12203377493661398,DOM,5408,2e-06,2280,0.003315,0.857,0.885,0.471,-0.197,Woven fabrics of artificial filament yarn,54,Man-made filaments,0,Textiles,0.0
paises_interes,2023,5501,1896929,0.020668789707939072,DOM,5501,0.0,0,0.0,0.856,0.524,0.022,-0.197,Synthetic filament tow,55,Man-made staple fibres,0,Textiles,
paises_interes,2023,5502,601285,0.08599257181838854,DOM,5502,6.8e-05,184035,0.118973,0.888,0.91,0.611,-0.197,Artificial filament tow,55,Man-made staple fibres,0,Textiles,1.0
paises_interes,2023,5503,113809257,0.16847179379474408,DOM,5503,2.7e-05,173179,0.050072,0.852,0.59,0.491,-0.197,Synthetic staple fibers,55,Man-made staple fibres,0,Textiles,0.1665155705945871
paises_interes,2023,5504,57981299,0.2733782883593611,DOM,5504,0.0,0,0.0,0.866,0.643,0.498,-0.197,"Artificial staple fibers, not processed for spinning",55,Man-made staple fibres,0,Textiles,
paises_interes,2023,5505,48789,0.011274260144731284,DOM,5505,2e-05,3869,0.035308,0.795,0.349,-0.467,-0.197,Waste of man-made fibers,55,Man-made staple fibres,0,Textiles,0.0
paises_interes,2023,5506,850103,0.03240066055798917,DOM,5506,0.0,0,0.0,0.846,0.759,0.247,-0.197,"Synthetic staple fibers, processed",55,Man-made staple fibres,0,Textiles,
paises_interes,2023,5508,6809706,0.5385256192679342,DOM,5508,0.000188,114131,0.340559,0.794,0.102,-0.706,-0.197,Synthetic staple fibers sewing thread,55,Man-made staple fibres,0,Textiles,0.9082808351806257
paises_interes,2023,5509,29110245,0.2546741989404663,DOM,5509,0.0,0,0.0,0.806,0.252,-0.379,-0.197,"Yarn of synthetic staple fibers, not for retail sale",55,Man-made staple fibres,0,Textiles,
paises_interes,2023,5510,8476072,0.39681531727821084,DOM,5510,0.0,0,0.0,0.835,0.522,-0.095,-0.197,"Yarn of artificial staple fibers, not for retail sale",55,Man-made staple fibres,0,Textiles,
paises_interes,2023,5511,7860791,0.05506665852285186,DOM,5511,0.0,0,0.0,0.827,0.101,-0.912,-0.197,"Yarn of synthetic staple fibers, for retail sale",55,Man-made staple fibres,0,Textiles,
paises_interes,2023,5512,20265396,0.20262142305188632,DOM,5512,0.000561,1650992,1.008287,0.816,0.0,-0.488,-0.197,Woven fabrics of > 85% synthetic staple fibers,55,Man-made staple fibres,0,Textiles,0.29606624380978225
paises_interes,2023,5513,11840090,0.40272790297433386,DOM,5513,0.000814,1434121,1.447857,0.779,0.0,-1.152,-0.197,Woven fabrics of < 85% synthetic staple fibers weighing < 170 g/m2,55,Man-made staple fibres,0,Textiles,0.1595590609160594
paises_interes,2023,5514,7844057,0.3350034411915,DOM,5514,0.000205,382137,0.363113,0.83,0.371,-0.738,-0.197,Woven fabrics of < 85% synthetic staple fibers weighing > 170 g/m2,55,Man-made staple fibres,0,Textiles,0.013154967982686838
paises_interes,2023,5515,9319221,0.13938136392864436,DOM,5515,0.000436,1770794,0.776365,0.845,0.54,-0.002,-0.197,Other woven fabrics of synthetic staple fibers,55,Man-made staple fibres,0,Textiles,0.7354587828962601
paises_interes,2023,5516,13371819,0.30459818736568295,DOM,5516,0.0,0,0.0,0.865,0.002,-0.301,-0.197,Woven fabrics of artificial staple fibers,55,Man-made staple fibres,0,Textiles,
paises_interes,2023,5601,42004182,0.2092169259664729,DOM,5601,0.000907,2827175,1.601869,0.789,0.0,-0.151,-0.197,Wadding of textile materials,56,"Wadding, felt and nonwovens",0,Textiles,0.9024018675886707
paises_interes,2023,5602,31579235,0.22524701933306052,DOM,5602,0.000403,544845,0.713943,0.859,1.15,0.831,-0.197,Felt,56,"Wadding, felt and nonwovens",0,Textiles,0.5427194890289899
paises_interes,2023,5603,253654886,0.16380981798096844,DOM,5603,0.0001,1601165,0.184013,0.857,1.097,1.112,-0.197,Nonwoven textiles,56,"Wadding, felt and nonwovens",0,Textiles,0.22157366667395303
paises_interes,2023,5604,39761638,0.44588518586304793,DOM,5604,8.2e-05,68476,0.147193,0.862,0.886,0.475,-0.197,Rubber textiles,56,"Wadding, felt and nonwovens",0,Textiles,0.0
paises_interes,2023,5605,773534,0.11250171435768562,DOM,5605,0.0,0,0.0,0.874,0.859,0.483,-0.197,Metallised yarn,56,"Wadding, felt and nonwovens",0,Textiles,
paises_interes,2023,5606,21982808,0.39023514948614924,DOM,5606,0.0,0,0.0,0.854,0.894,0.627,-0.197,Gimp yarn,56,"Wadding, felt and nonwovens",0,Textiles,
paises_interes,2023,5607,148039435,0.4274171495653426,DOM,5607,0.000498,1427620,0.896361,0.782,0.08,-0.781,-0.197,Twine and ropes of baste fibers,56,"Wadding, felt and nonwovens",0,Textiles,0.9514618736078229
paises_interes,2023,5608,78690027,0.5117405760101563,DOM,5608,0.000169,344423,0.30327,0.8,0.143,-0.803,-0.197,Nets,56,"Wadding, felt and nonwovens",0,Textiles,0.041419998083751665
paises_interes,2023,5609,106649837,0.6974568356776432,DOM,5609,4.1e-05,34066,0.07327,0.805,0.328,-0.371,-0.197,"Articles of yarn, rope etc not elsewhere clasified",56,"Wadding, felt and nonwovens",0,Textiles,0.3783537838313861
paises_interes,2023,5701,15931643,0.04582761260388265,DOM,5701,0.0,0,0.0,0.838,0.244,-0.73,-0.197,"Carpets, knotted",57,Carpets,0,Textiles,
paises_interes,2023,5702,173079741,0.128643147637041,DOM,5702,1e-06,6244,0.002133,0.827,0.089,-0.94,-0.197,Woven carpets and rugs,57,Carpets,0,Textiles,0.0
paises_interes,2023,5703,288750874,0.273932457706242,DOM,5703,5e-06,29443,0.007949,0.843,0.482,-0.198,-0.197,"Carpets, tufted",57,Carpets,0,Textiles,0.0
paises_interes,2023,5704,7256215,0.19725366123590002,DOM,5704,0.0,0,0.0,0.848,0.737,0.193,-0.197,Carpets of felt,57,Carpets,0,Textiles,
paises_interes,2023,5705,335453742,0.6919096214694721,DOM,5705,6e-06,15693,0.011031,0.825,-0.007,-0.983,-0.197,Other carpets,57,Carpets,0,Textiles,0.0
paises_interes,2023,5801,99059642,0.5145509840784177,DOM,5801,4.4e-05,90387,0.076746,0.864,0.799,0.664,-0.197,Woven pile fabrics,58,Special woven fabrics,0,Textiles,0.04248398552889243
paises_interes,2023,5802,1600896,0.4711840880715281,DOM,5802,0.0,0,0.0,0.813,0.205,-1.121,-0.197,Terry cloth,58,Special woven fabrics,0,Textiles,
paises_interes,2023,5803,5080494,0.6501845551135242,DOM,5803,0.0,0,0.0,0.888,0.003,0.416,-0.197,Gauze,58,Special woven fabrics,0,Textiles,
paises_interes,2023,5804,17206462,0.5646788149755785,DOM,5804,6e-06,8546,0.010681,0.861,0.002,-0.251,-0.197,Lace and net fabrics,58,Special woven fabrics,0,Textiles,1.0
paises_interes,2023,5805,74949,0.011559868966867077,DOM,5805,0.0,0,0.0,0.859,0.002,-0.136,-0.197,Hand-woven tapestries,58,Special woven fabrics,0,Textiles,
paises_interes,2023,5806,110132473,0.2924762375231464,DOM,5806,0.00077,3182770,1.499228,0.792,0.0,0.046,-0.197,Narrow woven fabrics,58,Special woven fabrics,0,Textiles,0.45830078830704074
paises_interes,2023,5807,13224324,0.32386835896636507,DOM,5807,0.000929,964523,1.998495,0.785,0.0,-0.283,-0.197,Labels and badges of textiles,58,Special woven fabrics,0,Textiles,0.48194185104968984
paises_interes,2023,5808,14258129,0.27273058188450267,DOM,5808,0.0002,89593,0.376355,0.808,0.37,-0.442,-0.197,Braids in piece,58,Special woven fabrics,0,Textiles,0.09000703179935933
paises_interes,2023,5810,58418985,0.45248803887269745,DOM,5810,0.002407,4498312,4.351798,0.815,0.0,-0.566,-0.197,Embroidery in the piece,58,Special woven fabrics,0,Textiles,0.9998739527182641
paises_interes,2023,5811,4516818,0.16933190529462633,DOM,5811,0.000441,118429,0.782291,0.838,0.457,0.06,-0.197,Quilted textile products,58,Special woven fabrics,0,Textiles,0.0
paises_interes,2023,5901,76317485,0.7911234700814029,DOM,5901,0.004492,2568734,7.954062,0.808,0.0,-0.062,-0.197,Stiffened textiles,59,"Impregnated, coated or laminated textile fabrics",0,Textiles,0.4261387126888187
paises_interes,2023,5902,168842635,0.6193261395858709,DOM,5902,1e-06,2990,0.002149,0.864,0.737,0.743,-0.197,Tire cord fabric,59,"Impregnated, coated or laminated textile fabrics",0,Textiles,1.0
paises_interes,2023,5903,223158663,0.19654298320656266,DOM,5903,4e-06,48318,0.006628,0.883,0.987,1.243,-0.197,Textile fabrics impregnated with plastics,59,"Impregnated, coated or laminated textile fabrics",0,Textiles,0.41382093629703215
paises_interes,2023,5904,2684379,0.08812831351705668,DOM,5904,4.6e-05,12061,0.081627,0.873,0.574,0.035,-0.197,Linoleum,59,"Impregnated, coated or laminated textile fabrics",0,Textiles,0.0
paises_interes,2023,5905,12755936,0.3308509102219516,DOM,5905,0.0,0,0.0,0.88,0.004,0.863,-0.197,Textile wall coverings,59,"Impregnated, coated or laminated textile fabrics",0,Textiles,
paises_interes,2023,5906,32239258,0.22816776171665767,DOM,5906,1.1e-05,17685,0.019853,0.872,1.23,1.22,-0.197,Rubberized textile fabrics,59,"Impregnated, coated or laminated textile fabrics",0,Textiles,0.17087927622278767
paises_interes,2023,5907,31412535,0.3913494775158592,DOM,5907,0.000499,382707,0.88967,0.881,0.815,0.802,-0.197,"Other textile fabrics impregnated, coated or covered",59,"Impregnated, coated or laminated textile fabrics",0,Textiles,1.0
paises_interes,2023,5908,1176392,0.2226784937185271,DOM,5908,4.6e-05,2202,0.078807,0.849,0.003,-0.128,-0.197,Textile wicks,59,"Impregnated, coated or laminated textile fabrics",0,Textiles,0.0
paises_interes,2023,5909,13026341,0.19680416591453165,DOM,5909,8e-05,31202,0.140475,0.871,1.088,0.945,-0.197,Textile hosepiping and similar tubing,59,"Impregnated, coated or laminated textile fabrics",0,Textiles,0.512723543362605
paises_interes,2023,5910,9031260,0.11411572525272538,DOM,5910,0.0,0,0.0,0.876,1.324,1.447,-0.197,"Transmission belts or belting, of textile material",59,"Impregnated, coated or laminated textile fabrics",0,Textiles,
paises_interes,2023,5911,73012383,0.1080051545933712,DOM,5911,4.8e-05,252268,0.084324,0.861,1.255,1.246,-0.197,Textile articles for technical use,59,"Impregnated, coated or laminated textile fabrics",0,Textiles,0.005406948166235908
paises_interes,2023,6001,69244978,0.6370977231944625,DOM,6001,4e-06,22142,0.006105,0.853,0.001,-0.306,-0.197,"Pile fabrics, knit",60,Knitted fabrics,0,Textiles,0.0
paises_interes,2023,6002,231477415,0.25893165512127847,DOM,6002,8.1e-05,2419886,0.151681,0.791,0.068,-0.675,-0.197,Other knitted fabrics,60,Knitted fabrics,0,Textiles,0.08188774181924273
paises_interes,2023,6101,322746418,0.5310447089898229,DOM,6101,0.002791,7925795,4.933619,0.744,-0.0,-1.244,-0.197,"Men's overcoats, knit",61,"Apparel, knit",0,Textiles,0.9973825969508422
paises_interes,2023,6102,449742321,0.6970649376247197,DOM,6102,0.002282,9060911,4.040806,0.745,-0.0,-1.299,-0.197,"Women's overcoats, knit",61,"Apparel, knit",0,Textiles,0.98766150555943
paises_interes,2023,6103,1501098159,0.5692445538903439,DOM,6103,0.00034,4736730,0.602299,0.758,-0.215,-1.547,-0.197,"Men's suits, knit",61,"Apparel, knit",0,Textiles,0.9616467478619216
paises_interes,2023,6104,5686663545,0.7832154392710929,DOM,6104,0.000342,12255299,0.606714,0.764,-0.097,-1.464,-0.197,"Women's suits, knit",61,"Apparel, knit",0,Textiles,0.9555322966824391
paises_interes,2023,6105,770711878,0.3392964305677211,DOM,6105,0.000353,3165961,0.629363,0.743,-0.328,-1.493,-0.197,"Men's shirts, knit",61,"Apparel, knit",0,Textiles,0.5663651573724376
paises_interes,2023,6106,530163288,0.44640869150513196,DOM,6106,0.000806,3065444,1.432305,0.727,-0.0,-1.478,-0.197,"Women's shirts, knit",61,"Apparel, knit",0,Textiles,0.8150969321246775
paises_interes,2023,6107,998906334,0.6169664720019571,DOM,6107,1.1e-05,85404,0.019478,0.766,-0.104,-1.343,-0.197,"Men's undergarments, knit",61,"Apparel, knit",0,Textiles,0.06053580628541989
paises_interes,2023,6108,1990490899,0.6642833555982242,DOM,6108,0.000265,3544121,0.465923,0.779,-0.098,-1.483,-0.197,"Women's undergarments, knit",61,"Apparel, knit",0,Textiles,0.7848484857035073
paises_interes,2023,6109,2470729801,0.3015489720273766,DOM,6109,0.010836,502055266,19.35055,0.735,-0.0,-1.43,-0.197,"T-shirts, knit",61,"Apparel, knit",0,Textiles,0.7033481230331323
paises_interes,2023,6110,7448347459,0.6199795399964763,DOM,6110,0.001332,76906006,2.363178,0.744,-0.0,-1.251,-0.197,"Sweaters, pullovers, sweatshirts etc., knit",61,"Apparel, knit",0,Textiles,0.9909803403390888
paises_interes,2023,6111,820062945,0.5598407751268417,DOM,6111,4e-06,27257,0.007024,0.776,-0.157,-1.321,-0.197,"Babies' garments, knit",61,"Apparel, knit",0,Textiles,0.5544997615291485
paises_interes,2023,6112,715567238,0.7477921338181828,DOM,6112,0.001523,8219993,2.69627,0.764,0.0,-0.958,-0.197,"Activewear, knit",61,"Apparel, knit",0,Textiles,0.9779546040975947
paises_interes,2023,6113,125128011,0.6723572847663098,DOM,6113,1e-06,934,0.001185,0.785,0.124,-1.048,-0.197,Garments knit with impregnated fibers,61,"Apparel, knit",0,Textiles,0.0
paises_interes,2023,6114,1407724855,0.4234440706086179,DOM,6114,0.001669,17264565,2.940974,0.75,-0.0,-1.36,-0.197,"Other garments, knit",61,"Apparel, knit",0,Textiles,0.28587612835886683
paises_interes,2023,6115,1532461890,0.6102643612724022,DOM,6115,0.000377,5414054,0.664687,0.775,0.061,-0.865,-0.197,"Socks, stockings, etc., knit",61,"Apparel, knit",0,Textiles,0.8491945222563351
paises_interes,2023,6116,666491404,0.6663958281775311,DOM,6116,5e-06,28760,0.009544,0.807,0.14,-1.006,-0.197,"Gloves, knit",61,"Apparel, knit",0,Textiles,0.5705841446453408
paises_interes,2023,6117,281057111,0.7447703373872132,DOM,6117,0.000772,2499269,1.389958,0.77,0.0,-1.186,-0.197,"Other clothing accesories, knit",61,"Apparel, knit",0,Textiles,0.45810514994584417
paises_interes,2023,6201,1176645471,0.6311560844754077,DOM,6201,0.000144,2347242,0.254529,0.787,0.078,-0.942,-0.197,"Men's overcoats, not knit",62,"Apparel, not knit",0,Textiles,0.9234561242513554
paises_interes,2023,6202,1196671367,0.6361400587383162,DOM,6202,1.5e-05,311022,0.027354,0.797,0.252,-0.751,-0.197,"Womens overcoats, not knit",62,"Apparel, not knit",0,Textiles,0.5317662416163487
paises_interes,2023,6203,3078989189,0.35867137537304783,DOM,6203,0.000271,12515688,0.479347,0.759,-0.159,-1.207,-0.197,Men's suits and pants,62,"Apparel, not knit",0,Textiles,0.8879670857886518
paises_interes,2023,6204,7034492616,0.6088855580636028,DOM,6204,0.000124,8540639,0.220321,0.768,-0.009,-1.166,-0.197,Women's suits and pants,62,"Apparel, not knit",0,Textiles,0.8974411633602591
paises_interes,2023,6205,1064472924,0.36728799838417875,DOM,6205,0.001107,13745652,1.963351,0.75,-0.0,-1.243,-0.197,Men's shirts,62,"Apparel, not knit",0,Textiles,0.9087517274553437
paises_interes,2023,6206,880230600,0.5143481569563555,DOM,6206,0.000297,3136649,0.525426,0.776,0.036,-1.15,-0.197,Women's shirts,62,"Apparel, not knit",0,Textiles,0.9138478675809758
paises_interes,2023,6207,115935864,0.486599536451448,DOM,6207,0.000187,246646,0.329441,0.774,-0.098,-1.32,-0.197,Men's undergarments,62,"Apparel, not knit",0,Textiles,0.1898753679362325
paises_interes,2023,6208,351416811,0.7180394808995352,DOM,6208,0.000329,880599,0.580239,0.784,-0.053,-0.957,-0.197,Women's undergarments,62,"Apparel, not knit",0,Textiles,0.906255855389343
paises_interes,2023,6209,147279100,0.4639433283083209,DOM,6209,2.3e-05,44778,0.04108,0.777,-0.092,-1.118,-0.197,Babies' garments,62,"Apparel, not knit",0,Textiles,0.7647282147483139
paises_interes,2023,6210,1190667841,0.6389372030861008,DOM,6210,0.001064,11712149,1.88059,0.765,0.0,-0.805,-0.197,Garments made of textile felts and nonwoven fabric,62,"Apparel, not knit",0,Textiles,0.9816951611527484
paises_interes,2023,6211,1388451092,0.5269400698726879,DOM,6211,0.000279,4004753,0.492346,0.763,-0.019,-1.039,-0.197,Activewear,62,"Apparel, not knit",0,Textiles,0.866302366213347
paises_interes,2023,6212,1402718435,0.643761960433589,DOM,6212,0.004224,47005741,7.503411,0.751,0.0,-1.154,-0.197,Brassieres,62,"Apparel, not knit",0,Textiles,0.8185566524735777
paises_interes,2023,6213,16752251,0.6291038960107441,DOM,6213,0.0,0,0.0,0.835,0.421,-0.572,-0.197,Handkerchiefs,62,"Apparel, not knit",0,Textiles,
paises_interes,2023,6214,154468888,0.45124515844229274,DOM,6214,3.7e-05,138229,0.065893,0.841,0.363,-0.939,-0.197,"Shawls, scarves, etc.",62,"Apparel, not knit",0,Textiles,0.8768348175853113
paises_interes,2023,6215,51698175,0.5610418778719345,DOM,6215,0.000236,99910,0.4172,0.884,0.655,0.109,-0.197,"Ties, bow ties and cravats",62,"Apparel, not knit",0,Textiles,1.0
paises_interes,2023,6216,217083128,0.8059595356522209,DOM,6216,4e-06,4339,0.006812,0.816,0.273,-0.769,-0.197,Gloves,62,"Apparel, not knit",0,Textiles,0.521548743950219
paises_interes,2023,6217,64870894,0.20650907638335983,DOM,6217,0.008143,22492758,14.746244,0.756,0.0,-0.986,-0.197,Other clothing accesories,62,"Apparel, not knit",0,Textiles,0.8078107184543576
paises_interes,2023,6301,1517701202,0.8651037796357048,DOM,6301,0.001511,8176159,2.613552,0.811,0.0,-1.203,-0.197,Blankets,63,Other made up textile articles,0,Textiles,0.9983591317145374
paises_interes,2023,6302,2454141409,0.4621082357259308,DOM,6302,0.000572,12013429,1.006207,0.767,-0.0,-0.993,-0.197,House linen,63,Other made up textile articles,0,Textiles,0.867501360352652
paises_interes,2023,6303,872572992,0.5540480566176565,DOM,6303,0.000118,616649,0.209606,0.844,0.468,-0.167,-0.197,Curtains,63,Other made up textile articles,0,Textiles,0.017194546654579833
paises_interes,2023,6304,643929125,0.367639911885078,DOM,6304,5e-05,266277,0.088314,0.806,0.08,-1.267,-0.197,Other furnishing articles,63,Other made up textile articles,0,Textiles,0.45706914228416273
paises_interes,2023,6305,191133719,0.31115007005282247,DOM,6305,0.000645,3372317,1.139742,0.725,-0.0,-1.797,-0.197,Bags for packing goods,63,Other made up textile articles,0,Textiles,0.22139733601556438
paises_interes,2023,6306,1037936081,0.7957804961834716,DOM,6306,4.5e-05,294102,0.080368,0.797,0.064,-0.64,-0.197,"Tents, tarpaulins, etc.",63,Other made up textile articles,0,Textiles,0.03491645755554196
paises_interes,2023,6307,2760131642,0.6339500801820636,DOM,6307,0.003654,59476186,6.491018,0.77,0.0,-1.084,-0.197,Other made up articles,63,Other made up textile articles,0,Textiles,0.896403326871027
paises_interes,2023,6308,5557748,0.4409363984271868,DOM,6308,0.000536,41924,0.926984,0.832,0.002,-0.205,-0.197,Needlecraft sets of woven fabric and yarn,63,Other made up textile articles,0,Textiles,0.3423337467798874
paises_interes,2023,6309,535319,0.01279381440909027,DOM,6309,0.000103,522810,0.182622,0.826,0.418,-0.291,-0.197,Used clothes and textiles,63,Other made up textile articles,0,Textiles,0.0194143187773761
paises_interes,2023,6310,1813934,0.02346636395421895,DOM,6310,0.032283,20208733,57.686699,0.755,-0.0,-1.117,-0.197,Used or new rags textile scraps,63,Other made up textile articles,0,Textiles,0.18897518216505707
paises_interes,2023,6401,145125534,0.6413660530035507,DOM,6401,0.019898,28403750,35.050339,0.766,0.0,-0.578,-0.197,Waterproof footwear,64,Footwear,0,Textiles,0.9452205782687145
paises_interes,2023,6402,4933790273,0.8785961098668214,DOM,6402,0.000221,9551133,0.39063,0.813,0.145,-0.985,-0.197,Other footwear of rubber or plastics,64,Footwear,0,Textiles,0.5415123001637607
paises_interes,2023,6403,5802942773,0.5879166134299108,DOM,6403,0.002011,106722979,3.559799,0.785,0.0,-0.33,-0.197,Leather footwear,64,Footwear,0,Textiles,0.7550524240894737
paises_interes,2023,6404,5859297172,0.8694389200529268,DOM,6404,0.000639,26364725,1.137102,0.794,0.0,-0.457,-0.197,Textile footwear,64,Footwear,0,Textiles,0.850937834549763
paises_interes,2023,6405,262504226,0.6317028072543543,DOM,6405,0.01529,51889976,27.013216,0.761,0.0,-0.742,-0.197,Other footwear,64,Footwear,0,Textiles,0.756948297682774
paises_interes,2023,6406,159702885,0.5627546522310432,DOM,6406,0.001427,12553568,2.558298,0.772,0.0,-0.961,-0.197,Parts of footwear,64,Footwear,0,Textiles,0.9335746618013301
paises_interes,2023,6501,202991,0.00431595987493197,DOM,6501,0.0,0,0.0,0.86,0.001,-0.855,-0.197,Hat forms,65,Headgear,0,Textiles,
paises_interes,2023,6504,72308694,0.5617511414587716,DOM,6504,0.001092,518077,1.92325,0.785,0.0,-0.914,-0.197,Hats,65,Headgear,0,Textiles,0.5648137246007833
paises_interes,2023,6505,1215515505,0.6191543173647276,DOM,6505,0.000405,3066604,0.720728,0.812,0.308,-1.092,-0.197,"Hats, knit",65,Headgear,0,Textiles,0.9447721323000948
paises_interes,2023,6506,388332520,0.6281677595902718,DOM,6506,0.000113,508844,0.19956,0.842,0.902,0.344,-0.197,Other headgear,65,Headgear,0,Textiles,0.621738686119911
paises_interes,2023,6507,27333835,0.4300576287623976,DOM,6507,0.001144,457158,2.099557,0.809,0.0,0.219,-0.197,Headbands,65,Headgear,0,Textiles,0.9882294523993893
paises_interes,2023,6601,427393030,0.9605466254789363,DOM,6601,9.9e-05,320884,0.171984,0.862,0.002,0.279,-0.197,Umbrellas,66,Umbrellas and walking-sticks,0,Textiles,0.015818800563443487
paises_interes,2023,6602,45280313,0.7939141465984249,DOM,6602,0.0,0,0.0,0.865,0.645,0.22,-0.197,Walking sticks,66,Umbrellas and walking-sticks,0,Textiles,
paises_interes,2023,6603,47909558,0.8768155405577415,DOM,6603,0.0,0,0.0,0.849,0.676,0.563,-0.197,Parts of umbrellas or walking sticks,66,Umbrellas and walking-sticks,0,Textiles,
paises_interes,2023,6701,19512562,0.8859741598312738,DOM,6701,0.0,0,0.0,0.868,0.002,-0.197,-0.197,Feathers or down,67,Feathers and down,0,Textiles,
paises_interes,2023,6702,1511268907,0.98733188066798,DOM,6702,2.1e-05,98392,0.03558,0.881,0.001,0.528,-0.197,Artificial flowers,67,Feathers and down,0,Textiles,0.5050918773884056
paises_interes,2023,6703,2355236,0.07375459217249392,DOM,6703,0.002218,2292496,3.906229,0.781,0.0,-1.714,-0.197,Human animal hair prepared for use in wigs,67,Feathers and down,0,Textiles,0.7433853755906227
paises_interes,2023,6704,2713624836,0.9278299951893467,DOM,6704,0.000248,1564484,0.429649,0.813,-0.001,-2.241,-0.197,Wigs,67,Feathers and down,0,Textiles,0.96096604375628
paises_interes,2023,6801,1463653,0.035983585628072516,DOM,6801,0.005414,2845063,9.540302,0.793,0.0,-0.557,-0.197,"Flagstones, of natural stone",68,"Articles of stone, plaster, cement, etc.",2,Stone,0.7297877059312922
paises_interes,2023,6802,509314568,0.20022638528779452,DOM,6802,0.001071,13346666,1.908919,0.791,0.0,-0.865,-0.197,Worked building stone,68,"Articles of stone, plaster, cement, etc.",2,Stone,0.6836123718088097
paises_interes,2023,6803,26890342,0.4660840545642464,DOM,6803,1.8e-05,12149,0.031013,0.868,0.305,-0.281,-0.197,Worked slate,68,"Articles of stone, plaster, cement, etc.",2,Stone,0.42151617417071363
paises_interes,2023,6804,91416337,0.17081953627371976,DOM,6804,6e-06,30273,0.01087,0.873,1.421,1.249,-0.197,Grindstones,68,"Articles of stone, plaster, cement, etc.",2,Stone,0.116077032339048
paises_interes,2023,6805,58001788,0.1026192003897258,DOM,6805,3.6e-05,163421,0.062886,0.863,1.236,1.304,-0.197,Natural or artificial abrasive powder,68,"Articles of stone, plaster, cement, etc.",2,Stone,0.44750674637898435
paises_interes,2023,6806,22368976,0.05267512023699567,DOM,6806,4e-06,19186,0.00659,0.846,0.941,0.801,-0.197,Mineral wools and insulating materials,68,"Articles of stone, plaster, cement, etc.",2,Stone,0.0
paises_interes,2023,6807,882830,0.0017788893582281902,DOM,6807,1.6e-05,35272,0.0277,0.832,0.384,-0.319,-0.197,Asphalt,68,"Articles of stone, plaster, cement, etc.",2,Stone,0.6867203447493763
paises_interes,2023,6808,17615085,0.281483736039297,DOM,6808,9.2e-05,55935,0.162666,0.84,0.809,0.173,-0.197,Panels of vegetable fibers,68,"Articles of stone, plaster, cement, etc.",2,Stone,0.0
paises_interes,2023,6809,5361541,0.016552828596049736,DOM,6809,7.2e-05,195053,0.126516,0.792,0.2,-0.576,-0.197,Plaster articles,68,"Articles of stone, plaster, cement, etc.",2,Stone,0.0
paises_interes,2023,6810,956635071,0.3496303116805933,DOM,6810,0.000423,4839348,0.74883,0.829,0.654,0.41,-0.197,"Articles of cement, of concrete or of artificial stone",68,"Articles of stone, plaster, cement, etc.",2,Stone,0.08023250239495072
paises_interes,2023,6811,22206950,0.1619939663148082,DOM,6811,8.2e-05,121385,0.144849,0.811,0.437,-0.016,-0.197,Asbestos-cement or cellulose fiber-cement,68,"Articles of stone, plaster, cement, etc.",2,Stone,0.8397330806936607
paises_interes,2023,6812,759045,0.5958102656967859,DOM,6812,0.0,0,0.0,0.842,0.001,-0.789,-0.197,Asbestos fibres,68,"Articles of stone, plaster, cement, etc.",2,Stone,
paises_interes,2023,6813,9956513,0.05035072051627685,DOM,6813,1e-05,14318,0.017474,0.872,0.853,0.465,-0.197,Friction material and articles thereof,68,"Articles of stone, plaster, cement, etc.",2,Stone,0.5266098617125297
paises_interes,2023,6814,21849699,0.5716593051980637,DOM,6814,0.0,0,0.0,0.881,1.024,0.79,-0.197,Mica articles,68,"Articles of stone, plaster, cement, etc.",2,Stone,
paises_interes,2023,6815,59313499,0.05364429719860582,DOM,6815,7.8e-05,701448,0.141402,0.869,1.151,1.149,-0.197,Articles of stone or of other mineral substances,68,"Articles of stone, plaster, cement, etc.",2,Stone,0.1385263055850184
paises_interes,2023,6901,562908,0.10046494494317271,DOM,6901,6.2e-05,11539,0.110263,0.802,0.029,-1.056,-0.197,"Bricks, blocks, and other ceramic goods",69,Ceramic products,2,Stone,0.0
paises_interes,2023,6902,39023672,0.1568280599200429,DOM,6902,4e-06,16836,0.006476,0.87,1.192,1.155,-0.197,"Bricks, tiles and similar refractory ceramic constructional goods",69,Ceramic products,2,Stone,0.8176526490852934
paises_interes,2023,6903,15919676,0.05157477615816222,DOM,6903,1e-06,1206,0.000968,0.865,1.141,1.201,-0.197,Other refractory ceramic goods,69,Ceramic products,2,Stone,0.0
paises_interes,2023,6904,12988345,0.251716761358015,DOM,6904,0.0001,291948,0.175098,0.835,0.404,-0.293,-0.197,Ceramic building bricks,69,Ceramic products,2,Stone,0.5193356351131023
paises_interes,2023,6905,863740,0.055013503065410176,DOM,6905,5.1e-05,37280,0.089233,0.827,0.701,0.366,-0.197,Architectural ceramic ornaments,69,Ceramic products,2,Stone,0.0
paises_interes,2023,6906,1312561,0.6913102261229912,DOM,6906,0.0,0,0.0,0.866,0.003,0.063,-0.197,Ceramic pipes,69,Ceramic products,2,Stone,
paises_interes,2023,6907,102637215,0.05108286259219728,DOM,6907,4.1e-05,809957,0.072829,0.8,-0.045,-0.953,-0.197,Unglazed ceramic flags and pavers,69,Ceramic products,2,Stone,0.007638677114957955
paises_interes,2023,6909,64166507,0.06942264175875186,DOM,6909,1.5e-05,105031,0.026879,0.894,1.344,1.633,-0.197,Ceramic wares for technical ware,69,Ceramic products,2,Stone,0.9839475964239129
paises_interes,2023,6910,751030392,0.5574677648179858,DOM,6910,2.1e-05,199471,0.037435,0.818,0.278,-0.414,-0.197,"Ceramic sinks, washbasins, and similar sanitary fixtures",69,Ceramic products,2,Stone,0.07603611552556512
paises_interes,2023,6911,1019707500,0.8508770181176227,DOM,6911,8e-06,72073,0.014185,0.86,0.001,-0.281,-0.197,Porcelain or china household articles,69,Ceramic products,2,Stone,0.18038655252313626
paises_interes,2023,6912,170060756,0.43103194591003496,DOM,6912,2.3e-05,49904,0.041378,0.842,0.767,0.102,-0.197,Ceramic household articles,69,Ceramic products,2,Stone,0.4243747996152613
paises_interes,2023,6913,483044853,0.8128066828810974,DOM,6913,0.002672,5925382,4.700202,0.798,0.0,0.03,-0.197,Ornamental ceramic articles,69,Ceramic products,2,Stone,0.9798855162418221
paises_interes,2023,6914,213517105,0.5660200763670369,DOM,6914,0.000146,333640,0.257988,0.86,0.819,0.54,-0.197,Other ceramic articles,69,Ceramic products,2,Stone,0.655526915237981
paises_interes,2023,7002,9602764,0.07153884256799095,DOM,7002,3e-06,4535,0.005927,0.899,1.354,1.465,-0.197,Glass balls,70,Glass and glassware,2,Stone,0.0
paises_interes,2023,7003,9646373,0.06191788065459419,DOM,7003,7e-06,14628,0.014285,0.881,0.759,0.994,-0.197,"Glass, cast or rolled",70,Glass and glassware,2,Stone,0.2776866283839213
paises_interes,2023,7004,6636865,0.2646841472626149,DOM,7004,0.000142,110358,0.257983,0.889,0.592,0.175,-0.197,Drawn and blown glass,70,Glass and glassware,2,Stone,0.04979249352108592
paises_interes,2023,7005,21061224,0.1862368431007584,DOM,7005,1.3e-05,80320,0.024123,0.829,0.495,0.053,-0.197,Float glass,70,Glass and glassware,2,Stone,0.17719123505976095
paises_interes,2023,7006,35807874,0.12897660303672462,DOM,7006,1.1e-05,34942,0.022021,0.902,1.024,2.398,-0.197,Worked glass,70,Glass and glassware,2,Stone,0.06261805277316697
paises_interes,2023,7007,548220189,0.40769604317428065,DOM,7007,2e-05,241967,0.035613,0.84,0.806,0.645,-0.197,Safety glass,70,Glass and glassware,2,Stone,0.3804940343104638
paises_interes,2023,7008,29276609,0.07652416079879065,DOM,7008,2e-06,4439,0.003231,0.831,0.676,0.679,-0.197,Multiple-walled insulating glass,70,Glass and glassware,2,Stone,0.715251182698806
paises_interes,2023,7009,1036687871,0.6505738670217055,DOM,7009,9e-06,73561,0.015975,0.869,0.887,0.809,-0.197,Glass mirrors,70,Glass and glassware,2,Stone,0.17520153342124223
paises_interes,2023,7010,478398069,0.2677736269719061,DOM,7010,2e-05,295026,0.035563,0.792,0.281,-0.455,-0.197,Glass containers for conveyance,70,Glass and glassware,2,Stone,0.48453017700134904
paises_interes,2023,7011,518067,0.011664869841053829,DOM,7011,0.0,0,0.0,0.881,0.003,-0.075,-0.197,Glass envelopes,70,Glass and glassware,2,Stone,0.11180717774474411
paises_interes,2023,7013,957683688,0.6382251748643476,DOM,7013,3.5e-05,360658,0.062122,0.859,0.872,0.468,-0.197,Glassware for interior decorative use,70,Glass and glassware,2,Stone,0.6488834297312135
paises_interes,2023,7014,8920623,0.23601210054302274,DOM,7014,0.0,0,0.0,0.909,1.237,1.843,-0.197,Signaling glassware,70,Glass and glassware,2,Stone,
paises_interes,2023,7015,24050,0.00441266995889153,DOM,7015,0.0,0,0.0,0.874,0.003,0.576,-0.197,Clock or watch glasses and similar glasses,70,Glass and glassware,2,Stone,
paises_interes,2023,7016,123300584,0.7298468342282882,DOM,7016,0.000138,152033,0.243253,0.87,0.71,0.333,-0.197,Glass paving blocks or other molded products,70,Glass and glassware,2,Stone,0.3683673939210566
paises_interes,2023,7017,30478669,0.15819569494902738,DOM,7017,1.2e-05,15813,0.022004,0.879,1.239,1.132,-0.197,"Laboratory, hygienic or pharmaceutical glassware",70,Glass and glassware,2,Stone,0.1271106051982546
paises_interes,2023,7018,164976288,0.7018919284875073,DOM,7018,9.8e-05,224201,0.170263,0.896,0.003,0.68,-0.197,Glass beads,70,Glass and glassware,2,Stone,0.3569074178973332
paises_interes,2023,7019,354868508,0.18558691077560033,DOM,7019,1e-05,119814,0.017225,0.828,0.695,0.443,-0.197,Glass fibers,70,Glass and glassware,2,Stone,0.04855674463517601
paises_interes,2023,7020,37831275,0.009650555748165195,DOM,7020,0.000243,833249,0.442946,0.862,0.841,0.721,-0.197,Other articles of glass,70,Glass and glassware,2,Stone,0.833930745191124
paises_interes,2023,7101,5585620,0.09031470720974474,DOM,7101,0.0,0,0.0,0.871,0.357,-0.236,-0.197,Pearls,71,Precious metals and stones,2,Stone,0.0
paises_interes,2023,7102,366335833,0.028511027530835443,DOM,7102,3e-06,278243,0.005591,0.84,0.098,-1.303,-0.197,Diamonds,71,Precious metals and stones,2,Stone,0.8501058255079487
paises_interes,2023,7103,74864545,0.052980613297399365,DOM,7103,0.000104,1215818,0.198122,0.81,-0.115,-1.371,-0.197,Precious stones,71,Precious metals and stones,2,Stone,0.018149097973545383
paises_interes,2023,7104,21161627,0.019487249187628362,DOM,7104,6e-06,25013,0.01108,0.876,0.426,0.049,-0.197,Synthetic precious stones,71,Precious metals and stones,2,Stone,0.18558006558537435
paises_interes,2023,7105,23093556,0.5794357039819996,DOM,7105,0.000274,96439,0.490337,0.877,0.882,0.985,-0.197,Diamond dust,71,Precious metals and stones,2,Stone,0.03786849718474891
paises_interes,2023,7106,2218927,0.00040431044896540886,DOM,7106,2.9e-05,811546,0.056695,0.845,0.324,-0.061,-0.197,Silver,71,Precious metals and stones,2,Stone,0.9623163690043448
paises_interes,2023,7108,53364231,0.002043156481375385,DOM,7108,0.002192,1051470755,3.79161,0.749,-0.0,-2.235,-0.197,Gold,71,Precious metals and stones,2,Stone,0.047449340196432405
paises_interes,2023,7109,11916166,0.08207337884623118,DOM,7109,0.0,0,0.0,0.903,0.003,0.782,-0.197,Gold clad metals,71,Precious metals and stones,2,Stone,0.0
paises_interes,2023,7110,69789,8.250172208646583e-06,DOM,7110,1.5e-05,732058,0.027951,0.887,0.853,0.534,-0.197,Platinum,71,Precious metals and stones,2,Stone,0.8180950143294657
paises_interes,2023,7112,2890470,0.0030825285274019712,DOM,7112,0.002614,56405930,4.915223,0.791,0.0,-0.253,-0.197,Scrap of precious metal,71,Precious metals and stones,2,Stone,0.9948290011351644
paises_interes,2023,7113,1781695011,0.11709718247454368,DOM,7113,0.005074,624742137,9.354821,0.829,0.0,0.315,-0.197,Jewelry of precious metal,71,Precious metals and stones,2,Stone,0.9983855339022858
paises_interes,2023,7114,4366069,0.034220820801867065,DOM,7114,0.000175,193384,0.313835,0.852,0.754,0.436,-0.197,Goldsmith and silversmith wares,71,Precious metals and stones,2,Stone,0.9760833282475967
paises_interes,2023,7115,9951073,0.0028793838306630467,DOM,7115,2e-06,18849,0.00441,0.88,0.637,-0.034,-0.197,Other articles of precious metals,71,Precious metals and stones,2,Stone,0.7059260438219535
paises_interes,2023,7116,144773240,0.5250677328382277,DOM,7116,1.7e-05,49604,0.031369,0.869,0.739,0.168,-0.197,Articles of precious stones,71,Precious metals and stones,2,Stone,0.5964438351745827
paises_interes,2023,7117,707387099,0.5411154998999725,DOM,7117,0.001629,14103324,2.957394,0.812,0.0,0.187,-0.197,Imitation jewelry,71,Precious metals and stones,2,Stone,0.9901852924884942
paises_interes,2023,7203,1382768,0.0023531182460195363,DOM,7203,0.0,0,0.0,0.864,0.081,-1.031,-0.197,Ferrous products from the reduction of iron ore,72,Iron and steel,4,Metals,
paises_interes,2023,7204,3248309,0.0014192509960868182,DOM,7204,0.003089,125022369,5.548757,0.781,0.0,-0.629,-0.197,Ferrous waste and scrap,72,Iron and steel,4,Metals,0.0019922034912008427
paises_interes,2023,7205,14931144,0.06288059268752128,DOM,7205,0.000752,1650130,1.333105,0.837,0.0,0.815,-0.197,Powders of iron or steel,72,Iron and steel,4,Metals,0.0
paises_interes,2023,7206,200524,0.05643149136349745,DOM,7206,0.0,0,0.0,0.84,0.325,-0.702,-0.197,Iron and nonalloy steel,72,Iron and steel,4,Metals,
paises_interes,2023,7207,168941125,0.039340768381660084,DOM,7207,0.0,0,0.0,0.862,0.045,-1.008,-0.197,Semifinished products of iron or nonalloy steel,72,Iron and steel,4,Metals,
paises_interes,2023,7208,44712659,0.01736131770105099,DOM,7208,3.6e-05,2379524,0.065164,0.849,0.659,0.492,-0.197,"Flat-rolled iron, width > 600mm, hot-rolled, not clad",72,Iron and steel,4,Metals,0.0
paises_interes,2023,7209,7775538,0.008795177182986554,DOM,7209,2e-06,29610,0.003776,0.847,0.631,0.084,-0.197,"Flat-rolled iron, width > 600mm, cold-rolled, not clad",72,Iron and steel,4,Metals,0.0
paises_interes,2023,7210,274951067,0.061048638855815636,DOM,7210,9.6e-05,5228067,0.174697,0.809,0.408,-0.059,-0.197,"Flat rolled iron, width > 600mm, clad",72,Iron and steel,4,Metals,0.0033023677776126436
paises_interes,2023,7211,1288629,0.0037257449444331498,DOM,7211,2e-06,11302,0.004137,0.851,0.772,0.401,-0.197,"Flat-rolled iron, width < 600mm, not clad",72,Iron and steel,4,Metals,0.0
paises_interes,2023,7212,29409173,0.12105287731373139,DOM,7212,1.1e-05,61291,0.019085,0.829,0.74,0.175,-0.197,"Flat-rolled iron, width < 600mm, clad",72,Iron and steel,4,Metals,0.0
paises_interes,2023,7213,33325499,0.04507407456499605,DOM,7213,0.000261,3345964,0.463807,0.814,0.276,-0.485,-0.197,Hot rolled bars of iron,72,Iron and steel,4,Metals,0.740811915489826
paises_interes,2023,7214,31570316,0.029073141270416443,DOM,7214,0.004357,85269998,7.758529,0.736,-0.0,-1.32,-0.197,"Other bars of iron, not further worked than forged",72,Iron and steel,4,Metals,0.31900196596697467
paises_interes,2023,7215,4735228,0.028810271562826305,DOM,7215,0.000577,1554752,1.045177,0.804,0.0,0.008,-0.197,Other bars and rods of iron or nonalloy steel,72,Iron and steel,4,Metals,0.0
paises_interes,2023,7216,28515322,0.026024272756305106,DOM,7216,0.00061,10274574,1.146409,0.787,0.0,-0.395,-0.197,Angles of iron or nonalloy steel,72,Iron and steel,4,Metals,0.10805985727486123
paises_interes,2023,7217,118498408,0.182230327068048,DOM,7217,0.000172,1378356,0.308445,0.806,0.27,-0.379,-0.197,Wire of iron or nonalloy steel,72,Iron and steel,4,Metals,0.33952766919431554
paises_interes,2023,7218,2734348,0.0095699446728102,DOM,7218,0.0,0,0.0,0.88,0.754,1.205,-0.197,Stainless steel in ingots,72,Iron and steel,4,Metals,
paises_interes,2023,7219,169637968,0.14245928956175954,DOM,7219,3e-06,111130,0.006414,0.881,0.974,1.013,-0.197,Flat-rolled products of stainless steel of a width > 600 mm,72,Iron and steel,4,Metals,0.0
paises_interes,2023,7220,39313336,0.1299768507761963,DOM,7220,0.0,756,0.00026,0.888,1.438,1.708,-0.197,Flat-rolled products of stainless steel of a width < 600 mm,72,Iron and steel,4,Metals,0.0
paises_interes,2023,7222,18684709,0.022935002239625267,DOM,7222,0.000127,941593,0.236404,0.88,1.428,1.637,-0.197,Other bars and rods of stainless steel,72,Iron and steel,4,Metals,0.013690628541206232
paises_interes,2023,7223,14877514,0.061112519645022505,DOM,7223,0.0,927,0.00071,0.881,1.371,1.328,-0.197,Wire of stainless steel,72,Iron and steel,4,Metals,0.0
paises_interes,2023,7224,237007,0.00017513382687036466,DOM,7224,0.0,0,0.0,0.877,0.985,0.608,-0.197,Other alloy steel in primary form,72,Iron and steel,4,Metals,
paises_interes,2023,7225,90625285,0.0477428357196953,DOM,7225,4e-06,137217,0.007396,0.887,1.488,1.809,-0.197,"Flat-rolled products of other alloy steel, width > 600 mm",72,Iron and steel,4,Metals,0.06799449047858501
paises_interes,2023,7226,5947693,0.022674932840820165,DOM,7226,5e-06,20725,0.008326,0.879,1.384,1.351,-0.197,"Flat-rolled products of other alloy steel, width < 600 mm",72,Iron and steel,4,Metals,0.0
paises_interes,2023,7227,177776,0.0003148020155255001,DOM,7227,0.000234,873660,0.415143,0.861,0.89,0.206,-0.197,Bars of other alloy steel,72,Iron and steel,4,Metals,0.696433395142275
paises_interes,2023,7228,85724891,0.09976643649563278,DOM,7228,1.5e-05,179641,0.026116,0.833,0.684,0.218,-0.197,Other bars and rods of other alloy steel,72,Iron and steel,4,Metals,0.0
paises_interes,2023,7229,60832403,0.25682972470933835,DOM,7229,0.0,0,0.0,0.874,1.089,1.13,-0.197,Wire of other alloy steel,72,Iron and steel,4,Metals,
paises_interes,2023,7301,18132177,0.14309424989277506,DOM,7301,2.5e-05,55025,0.05569,0.821,0.489,-0.154,-0.197,Sheet piling of iron or steel,73,Articles of iron or steel,4,Metals,0.0
paises_interes,2023,7302,57617150,0.27931747585133226,DOM,7302,0.0,0,0.0,0.873,1.164,1.011,-0.197,Railway construction material of iron or steel,73,Articles of iron or steel,4,Metals,
paises_interes,2023,7303,2716367,0.04743148011309238,DOM,7303,4.1e-05,72325,0.071395,0.86,0.503,-0.575,-0.197,Tubes of cast iron,73,Articles of iron or steel,4,Metals,0.0
paises_interes,2023,7304,257226646,0.05549413800116047,DOM,7304,1.1e-05,338565,0.020223,0.862,0.648,0.038,-0.197,"Tubes, seamless, of iron or steel",73,Articles of iron or steel,4,Metals,0.6392952608804808
paises_interes,2023,7305,3289498,0.004181575825119225,DOM,7305,0.0,0,0.0,0.88,0.525,0.228,-0.197,"Other tubes and pipes, diameter > 406.4 mm, of iron or steel",73,Articles of iron or steel,4,Metals,
paises_interes,2023,7306,260957035,0.05472828533140567,DOM,7306,0.000599,15819509,1.08047,0.751,0.0,-0.653,-0.197,"Other tubes, pipes and hollow profiles of iron or steel",73,Articles of iron or steel,4,Metals,0.7601076620013933
paises_interes,2023,7307,728239299,0.24346132618359592,DOM,7307,2e-05,394373,0.03513,0.862,1.244,0.882,-0.197,Tube or pipe fittings of iron or steel,73,Articles of iron or steel,4,Metals,0.014476143143673629
paises_interes,2023,7308,1582385879,0.1872156612738657,DOM,7308,0.000188,12094152,0.332657,0.806,0.523,0.364,-0.197,"Structures and their parts, of iron or steel",73,Articles of iron or steel,4,Metals,0.7208650924843677
paises_interes,2023,7309,26386716,0.040339986811600816,DOM,7309,4e-05,194851,0.071404,0.81,0.532,0.067,-0.197,"Tanks etc. > 300 liters, iron or steel",73,Articles of iron or steel,4,Metals,0.6717286542024419
paises_interes,2023,7310,220826934,0.3752763540097835,DOM,7310,0.000202,1478654,0.359006,0.798,0.532,-0.15,-0.197,"Tanks etc. < 300 liters, iron or steel",73,Articles of iron or steel,4,Metals,0.8545014587591148
paises_interes,2023,7311,168388895,0.30007822275669926,DOM,7311,0.000434,1864497,0.769131,0.832,0.612,-0.141,-0.197,Containers for compressed or liquified gas,73,Articles of iron or steel,4,Metals,0.5661618120061336
paises_interes,2023,7312,381816672,0.38364323234070824,DOM,7312,0.000114,858284,0.201513,0.863,0.56,0.28,-0.197,"Wire of iron or steel, not insulated",73,Articles of iron or steel,4,Metals,0.7942336103201272
paises_interes,2023,7313,4741064,0.4420970278444634,DOM,7313,0.002267,726366,4.006097,0.76,-0.0,-1.308,-0.197,Barbed wire of iron or steel,73,Articles of iron or steel,4,Metals,0.0020994925423271464
paises_interes,2023,7314,257846703,0.43533815993809943,DOM,7314,0.00044,2661321,0.781214,0.791,0.371,-0.164,-0.197,Cloth of iron or steel wire,73,Articles of iron or steel,4,Metals,0.13588214274039095
paises_interes,2023,7315,222614022,0.33908177212310714,DOM,7315,6.8e-05,394066,0.121399,0.867,1.147,1.076,-0.197,Chain of iron or steel,73,Articles of iron or steel,4,Metals,0.47768901656067764
paises_interes,2023,7316,18811404,0.5447436279163834,DOM,7316,3.1e-05,8710,0.055788,0.862,0.54,0.018,-0.197,Anchors of iron or steel,73,Articles of iron or steel,4,Metals,0.0
paises_interes,2023,7317,271533943,0.2950887186026014,DOM,7317,0.000546,1711440,0.983161,0.797,0.178,-0.558,-0.197,Nails and similar articles of iron or steel,73,Articles of iron or steel,4,Metals,0.347729397466461
paises_interes,2023,7318,1226937516,0.18923313131081215,DOM,7318,4.3e-05,1916758,0.083068,0.887,1.632,1.883,-0.197,Screws and similar articles of iron or steel,73,Articles of iron or steel,4,Metals,0.7104652752199286
paises_interes,2023,7319,22925754,0.5960404921902804,DOM,7319,1.4e-05,4882,0.025243,0.879,0.848,0.702,-0.197,Articles for sewing of iron or steel,73,Articles of iron or steel,4,Metals,0.5233510856206472
paises_interes,2023,7320,121657878,0.09169308981986439,DOM,7320,5.1e-05,379274,0.090731,0.859,1.13,0.928,-0.197,Springs of iron or steel,73,Articles of iron or steel,4,Metals,0.6181520483871819
paises_interes,2023,7321,1604952433,0.563718279007706,DOM,7321,1.2e-05,129819,0.021089,0.819,0.588,-0.025,-0.197,Stoves and similar non-electric appliances of iron or steel,73,Articles of iron or steel,4,Metals,0.2676495736371409
paises_interes,2023,7322,56383618,0.08126885948410463,DOM,7322,0.0,0,0.0,0.845,0.714,0.778,-0.197,Radiators for central heating of iron or steel,73,Articles of iron or steel,4,Metals,
paises_interes,2023,7323,2151444302,0.7909307855627201,DOM,7323,4.8e-05,717580,0.085656,0.862,0.269,-0.48,-0.197,Household articles of iron or steel,73,Articles of iron or steel,4,Metals,0.3474037737952563
paises_interes,2023,7324,673238898,0.7663815598668984,DOM,7324,4.3e-05,186938,0.076899,0.854,0.428,-0.042,-0.197,Sanitary ware and parts of iron or steel,73,Articles of iron or steel,4,Metals,0.29515133359723544
paises_interes,2023,7325,140482907,0.20134005458111595,DOM,7325,1.2e-05,96095,0.021724,0.834,0.773,0.586,-0.197,Other cast articles of iron or steel,73,Articles of iron or steel,4,Metals,0.03487174150580155
paises_interes,2023,7326,2969568272,0.3287606514104848,DOM,7326,0.00015,9653681,0.269256,0.829,1.012,0.761,-0.197,Other articles of iron or steel,73,Articles of iron or steel,4,Metals,0.46788722353680423
paises_interes,2023,7401,0,0.0,DOM,7401,0.0,0,0.0,0.836,-0.128,-1.323,-0.197,Copper mattes,74,Copper,4,Metals,
paises_interes,2023,7402,420942,0.06380341354370848,DOM,7402,0.0,0,0.0,0.835,-0.062,-1.648,-0.197,Unrefined copper,74,Copper,4,Metals,
paises_interes,2023,7403,923029,0.00014390601873337289,DOM,7403,1e-06,69811,0.001533,0.83,-0.055,-1.48,-0.197,Refined copper and copper alloys,74,Copper,4,Metals,1.0
paises_interes,2023,7404,2002637,0.003173797467687005,DOM,7404,0.000881,23586006,1.609143,0.758,0.0,-1.067,-0.197,Copper waste and scrap,74,Copper,4,Metals,0.04716254205989772
paises_interes,2023,7407,9527874,0.019538932835162157,DOM,7407,1e-06,6450,0.001939,0.84,0.776,0.562,-0.197,"Copper bars, rods and profiles",74,Copper,4,Metals,0.0
paises_interes,2023,7408,28292878,0.01174547433335982,DOM,7408,2e-06,40783,0.002911,0.835,0.283,-0.575,-0.197,Copper wire,74,Copper,4,Metals,0.736556898707795
paises_interes,2023,7409,38223763,0.045062660014903354,DOM,7409,2e-06,16554,0.003207,0.866,0.891,0.368,-0.197,"Copper plates, sheets and strip > 0.15 mm",74,Copper,4,Metals,1.0
paises_interes,2023,7410,21695651,0.05141959165309615,DOM,7410,1.1e-05,78256,0.026888,0.878,0.773,0.679,-0.197,Copper foil < 0.15 mm thick,74,Copper,4,Metals,0.013149151502760172
paises_interes,2023,7411,141326724,0.14721955917421303,DOM,7411,4e-06,33055,0.00692,0.868,0.839,0.448,-0.197,Copper tubes and pipes,74,Copper,4,Metals,0.08697625170170928
paises_interes,2023,7412,195308306,0.23360323270734082,DOM,7412,4.2e-05,226095,0.074005,0.871,1.022,0.717,-0.197,Copper tube or pipe fittings,74,Copper,4,Metals,0.07848913067515867
paises_interes,2023,7413,3484277,0.03413720283362894,DOM,7413,1e-05,25480,0.017433,0.852,0.702,0.143,-0.197,"Copper wire, uninsulated",74,Copper,4,Metals,0.0
paises_interes,2023,7415,26014659,0.18237087672988125,DOM,7415,3.3e-05,42024,0.063258,0.88,1.241,1.321,-0.197,Screws and similar articles of copper,74,Copper,4,Metals,0.8482057871692367
paises_interes,2023,7416,31686986,0.0864239250724667,DOM,7416,5e-06,17250,0.009056,0.861,1.087,0.884,-0.197,Copper springs,74,Copper,4,Metals,1.0
paises_interes,2023,7418,88106148,0.3953151753140396,DOM,7418,3e-06,2463,0.005584,0.846,0.646,0.053,-0.197,Household articles of copper,74,Copper,4,Metals,0.0
paises_interes,2023,7419,7747100,0.13473219968789907,DOM,7419,0.0,0,0.0,0.862,0.99,0.351,-0.197,Other articles of copper,74,Copper,4,Metals,
paises_interes,2023,7501,37213513,0.9350859107289082,DOM,7501,0.0,0,0.0,0.876,-0.046,-1.756,-0.197,Nickel mattes,75,Nickel,4,Metals,
paises_interes,2023,7503,2137867,0.005250127341312918,DOM,7503,0.000138,168126,0.247334,0.862,0.906,0.44,-0.197,Nickel waste and scrap,75,Nickel,4,Metals,0.0
paises_interes,2023,7505,6636643,0.011760165067234214,DOM,7505,0.0,0,0.0,0.896,1.265,1.376,-0.197,"Nickel bars, wire etc.",75,Nickel,4,Metals,
paises_interes,2023,7506,3557921,0.018261334251669245,DOM,7506,0.0,0,0.0,0.915,1.222,2.565,-0.197,Nickel plates,75,Nickel,4,Metals,
paises_interes,2023,7507,9061290,0.03884388471906947,DOM,7507,0.0,0,0.0,0.899,1.334,1.326,-0.197,Nickel tubes and pipes,75,Nickel,4,Metals,
paises_interes,2023,7508,24250306,0.05460324777685795,DOM,7508,0.0,0,0.0,0.883,0.922,0.964,-0.197,Other articles of nickel,75,Nickel,4,Metals,
paises_interes,2023,7601,51708391,0.0050968037849919235,DOM,7601,3.3e-05,2064131,0.059827,0.816,-0.172,-1.164,-0.197,Unwrought aluminum,76,Aluminium,4,Metals,0.0
paises_interes,2023,7602,648595,0.0005534996016854399,DOM,7602,0.001249,22570889,2.283845,0.764,0.0,-0.742,-0.197,"Waste or scrap, aluminium",76,Aluminium,4,Metals,0.037702015193110026
paises_interes,2023,7603,6529436,0.10173247134441087,DOM,7603,0.0,0,0.0,0.856,0.37,-0.8,-0.197,Aluminum powders,76,Aluminium,4,Metals,
paises_interes,2023,7604,276635482,0.15444456760647046,DOM,7604,0.004005,83812177,7.092479,0.782,0.0,0.139,-0.197,Aluminum bars,76,Aluminium,4,Metals,0.966902971629051
paises_interes,2023,7605,6023426,0.007306922491035169,DOM,7605,0.0,0,0.0,0.842,0.155,-0.773,-0.197,Aluminum wire,76,Aluminium,4,Metals,
paises_interes,2023,7606,400711422,0.14210107588800014,DOM,7606,2.9e-05,1026566,0.051356,0.844,0.928,0.756,-0.197,Aluminum plates > 0.2 mm,76,Aluminium,4,Metals,0.24917540615995465
paises_interes,2023,7607,320474599,0.2212123094849613,DOM,7607,3.8e-05,544982,0.068443,0.854,1.082,0.919,-0.197,Aluminum foil < 0.2 mm,76,Aluminium,4,Metals,0.32038672836901033
paises_interes,2023,7608,25742693,0.08972559457726517,DOM,7608,0.003134,7906309,5.619656,0.812,0.0,0.268,-0.197,Aluminum tubes and pipes,76,Aluminium,4,Metals,0.982000829970091
paises_interes,2023,7609,76497737,0.43222421788903526,DOM,7609,6e-06,7174,0.011024,0.875,1.294,1.053,-0.197,Aluminum tube or pipe fittings,76,Aluminium,4,Metals,0.0
paises_interes,2023,7610,732126516,0.23671167812393112,DOM,7610,0.000953,17400806,1.683319,0.795,0.0,0.289,-0.197,"Aluminum structures (bridges, towers etc)",76,Aluminium,4,Metals,0.8769155290852619
paises_interes,2023,7611,3700496,0.1525784759511034,DOM,7611,0.000716,195001,1.274312,0.833,0.0,0.697,-0.197,"Aluminum containers, >300 liters",76,Aluminium,4,Metals,0.0
paises_interes,2023,7612,71113663,0.1773597069004349,DOM,7612,0.00017,1106435,0.30197,0.808,0.423,-0.018,-0.197,"Aluminum containers, <300 liters",76,Aluminium,4,Metals,0.49835462544116915
paises_interes,2023,7613,13724578,0.17797209801866032,DOM,7613,7e-06,4901,0.013509,0.875,1.085,0.638,-0.197,Aluminum containers for compressed or liquefied gas,76,Aluminium,4,Metals,0.7796368088145277
paises_interes,2023,7614,12884429,0.028033323610477345,DOM,7614,0.0,0,0.0,0.851,0.365,-0.791,-0.197,"Aluminum wire, not insulated",76,Aluminium,4,Metals,
paises_interes,2023,7615,959827607,0.7798659285876152,DOM,7615,0.0001,560251,0.176417,0.832,0.312,-0.562,-0.197,Household articles of aluminum,76,Aluminium,4,Metals,0.20512056203380272
paises_interes,2023,7616,1189991784,0.36770999602293863,DOM,7616,7.5e-05,1622869,0.135667,0.834,0.909,0.551,-0.197,Other articles of aluminum,76,Aluminium,4,Metals,0.3280338708792885
paises_interes,2023,7801,6382549,0.005543961822639308,DOM,7801,4e-05,285496,0.071199,0.773,-0.114,-1.663,-0.197,Lead refined unwrought,78,Lead,4,Metals,0.0
paises_interes,2023,7802,0,0.0,DOM,7802,0.0,0,0.0,0.792,0.117,-0.888,-0.197,Lead waste or scrap,78,Lead,4,Metals,
paises_interes,2023,7804,189785,0.02254620198336724,DOM,7804,0.0,0,0.0,0.857,0.657,0.261,-0.197,Lead foil <2mm,78,Lead,4,Metals,
paises_interes,2023,7806,1603837,0.05404391318775847,DOM,7806,0.0,0,0.0,0.84,0.512,-0.009,-0.197,Other articles of lead,78,Lead,4,Metals,
paises_interes,2023,7901,2233998,0.0013197325185712568,DOM,7901,1.2e-05,161480,0.020631,0.859,0.163,-0.729,-0.197,Unwrought zinc,79,Zinc,4,Metals,0.28105647758236313
paises_interes,2023,7902,0,0.0,DOM,7902,0.000405,225246,0.729617,0.786,0.156,-0.897,-0.197,Zinc waste and scrap,79,Zinc,4,Metals,0.22075863722330252
paises_interes,2023,7903,4365297,0.06019673519535483,DOM,7903,2e-06,1260,0.003816,0.823,0.268,-0.776,-0.197,Zinc powders,79,Zinc,4,Metals,0.0
paises_interes,2023,7904,1475073,0.10740175537479137,DOM,7904,0.000122,25055,0.229254,0.861,0.822,0.528,-0.197,Zinx bars and wire,79,Zinc,4,Metals,0.0
paises_interes,2023,7905,816569,0.07402329238660663,DOM,7905,0.002367,1478966,4.164444,0.84,0.0,0.257,-0.197,Zinc plates and foil,79,Zinc,4,Metals,0.0
paises_interes,2023,7907,31407779,0.19274076280111468,DOM,7907,3.6e-05,47195,0.066574,0.827,0.696,0.563,-0.197,Other articles of zinc,79,Zinc,4,Metals,0.797626867252887
paises_interes,2023,8001,56933266,0.09705914930437251,DOM,8001,0.0,0,0.0,0.839,0.071,-1.213,-0.197,Unwrought tin,80,Tin,4,Metals,
paises_interes,2023,8003,43795,0.0013586219741926662,DOM,8003,1.3e-05,5848,0.026116,0.865,0.741,0.44,-0.197,Tin bars and wire,80,Tin,4,Metals,0.0
paises_interes,2023,8007,1603409,0.05550672117746425,DOM,8007,0.0,0,0.0,0.87,0.714,0.472,-0.197,Other articles of tin,80,Tin,4,Metals,
paises_interes,2023,8101,45165401,0.046845034392651974,DOM,8101,0.0,0,0.0,0.893,1.28,1.467,-0.197,Tungsten (wolfram),81,Other base metals,4,Metals,
paises_interes,2023,8102,72063563,0.09791120202559267,DOM,8102,0.0,0,0.0,0.882,1.044,1.025,-0.197,Molybdenum,81,Other base metals,4,Metals,0.0
paises_interes,2023,8103,77516541,0.3993278268898855,DOM,8103,0.0,0,0.0,0.887,0.916,0.562,-0.197,Tantalum,81,Other base metals,4,Metals,
paises_interes,2023,8104,51345909,0.023898552684216784,DOM,8104,6e-06,13251,0.010197,0.875,0.822,1.113,-0.197,Magnesium,81,Other base metals,4,Metals,1.0
paises_interes,2023,8105,14972926,0.04717584829379571,DOM,8105,1e-06,6032,0.00256,0.866,0.282,-0.815,-0.197,Cobalt,81,Other base metals,4,Metals,1.0
paises_interes,2023,8106,6858350,0.4121819575684597,DOM,8106,0.0,0,0.0,0.905,0.004,0.504,-0.197,Bismuth,81,Other base metals,4,Metals,
paises_interes,2023,8108,80589647,0.07384619955237755,DOM,8108,1.5e-05,105327,0.026208,0.905,0.975,0.896,-0.197,Titanium,81,Other base metals,4,Metals,0.9709001490595953
paises_interes,2023,8110,10830235,0.19855092866560922,DOM,8110,0.003838,1825287,6.745083,0.79,0.0,-1.3,-0.197,Antimony,81,Other base metals,4,Metals,0.9414355112374109
paises_interes,2023,8111,77929653,0.18059408185946965,DOM,8111,0.0,0,0.0,0.87,0.28,-0.064,-0.197,Manganese,81,Other base metals,4,Metals,
paises_interes,2023,8112,103757065,0.15972614608645125,DOM,8112,0.0,0,0.0,0.891,0.843,0.684,-0.197,Other metals,81,Other base metals,4,Metals,1.0
paises_interes,2023,8201,176009263,0.4703291477150697,DOM,8201,0.000115,241686,0.212409,0.83,0.552,0.236,-0.197,Handtools for gardening,82,Metal tools and tableware,4,Metals,0.9027167481773872
paises_interes,2023,8202,196762650,0.25598640493716346,DOM,8202,1.5e-05,70648,0.026271,0.892,1.178,1.558,-0.197,Handsaws,82,Metal tools and tableware,4,Metals,0.5939729362473106
paises_interes,2023,8203,304673017,0.574607180095142,DOM,8203,5.1e-05,138426,0.093984,0.865,0.89,0.966,-0.197,"Pliers, pincers and other metal handtools",82,Metal tools and tableware,4,Metals,0.09904208746911708
paises_interes,2023,8204,360669135,0.4414307505633096,DOM,8204,1.3e-05,48830,0.029109,0.881,1.016,1.149,-0.197,Wrenches,82,Metal tools and tableware,4,Metals,0.558591030104444
paises_interes,2023,8205,954475977,0.5288829344967009,DOM,8205,4e-05,367967,0.079576,0.881,1.061,0.557,-0.197,Hand tools n.e.c.,82,Metal tools and tableware,4,Metals,0.18098090317881765
paises_interes,2023,8206,205206314,0.6621979575945671,DOM,8206,0.000681,1170659,1.363281,0.825,0.0,0.523,-0.197,Retail tool sets,82,Metal tools and tableware,4,Metals,0.7922588900781525
paises_interes,2023,8207,744088836,0.2388180642786349,DOM,8207,7e-06,160126,0.013108,0.875,1.339,1.977,-0.197,Interchangeable tools for hand tools,82,Metal tools and tableware,4,Metals,0.39377115521526795
paises_interes,2023,8208,73557275,0.1508771623950996,DOM,8208,3.1e-05,104974,0.055723,0.882,1.563,1.572,-0.197,Knives and blades for machines,82,Metal tools and tableware,4,Metals,0.29898832091756056
paises_interes,2023,8209,89651689,0.09472620635476381,DOM,8209,0.0,0,0.0,0.9,1.38,1.852,-0.197,"Articles for utensils, of cermet",82,Metal tools and tableware,4,Metals,
paises_interes,2023,8210,58265760,0.6680470307688944,DOM,8210,0.0,0,0.0,0.852,0.626,0.148,-0.197,"Hand-operated appliances, food preparation, <10kg",82,Metal tools and tableware,4,Metals,
paises_interes,2023,8211,479713023,0.6473683274263781,DOM,8211,1.4e-05,40805,0.024955,0.891,1.147,0.973,-0.197,Knife sets,82,Metal tools and tableware,4,Metals,0.24604827839725524
paises_interes,2023,8212,107809142,0.1637938882558147,DOM,8212,5.2e-05,218059,0.091635,0.836,0.473,-0.085,-0.197,Razors,82,Metal tools and tableware,4,Metals,0.12056828656464535
paises_interes,2023,8213,120158890,0.8007927308141425,DOM,8213,5e-05,49588,0.086751,0.894,0.002,0.745,-0.197,Scissors,82,Metal tools and tableware,4,Metals,0.3284262321529402
paises_interes,2023,8214,162304412,0.8264633899680959,DOM,8214,0.000321,452488,0.554749,0.871,0.001,-0.238,-0.197,Other cutlery,82,Metal tools and tableware,4,Metals,0.623545817789643
paises_interes,2023,8215,522689493,0.882158766940101,DOM,8215,1.5e-05,46176,0.025157,0.881,0.001,-0.084,-0.197,Cutlery,82,Metal tools and tableware,4,Metals,0.09736659736659736
paises_interes,2023,8301,877769671,0.2718172986060878,DOM,8301,0.004317,62435313,7.916356,0.828,0.0,0.893,-0.197,Padlocks and locks,83,Miscellaneous articles of base metal,4,Metals,0.9890003114103072
paises_interes,2023,8302,2294761679,0.3701450554385748,DOM,8302,1.6e-05,588994,0.028665,0.845,0.93,0.739,-0.197,"Base metal mountings, fittings and similar articles",83,Miscellaneous articles of base metal,4,Metals,0.2132992865801689
paises_interes,2023,8303,255399291,0.6852226540743713,DOM,8303,2.9e-05,38370,0.051594,0.844,0.851,0.526,-0.197,Safes,83,Miscellaneous articles of base metal,4,Metals,0.0
paises_interes,2023,8304,75501548,0.9604667523376963,DOM,8304,0.000494,153708,0.854797,0.855,0.002,0.221,-0.197,"Paper trays and similar office equipment, of base metal",83,Miscellaneous articles of base metal,4,Metals,0.0
paises_interes,2023,8305,81360181,0.5179756702734144,DOM,8305,7.9e-05,68046,0.141887,0.868,0.784,0.922,-0.197,"Paper clips and similar office articles, of metal",83,Miscellaneous articles of base metal,4,Metals,0.08799929459483291
paises_interes,2023,8306,574672638,0.7836859622823784,DOM,8306,0.000321,817613,0.573073,0.841,0.413,-0.461,-0.197,"Ornaments, statuettes, etc. of metal",83,Miscellaneous articles of base metal,4,Metals,0.1217006089678124
paises_interes,2023,8307,112194333,0.30843613203676323,DOM,8307,3.1e-05,88440,0.055316,0.859,1.18,1.162,-0.197,Flexible tubing of base metal,83,Miscellaneous articles of base metal,4,Metals,0.02132519222071461
paises_interes,2023,8308,79295395,0.3180126029016,DOM,8308,3.5e-05,152865,0.066863,0.831,0.777,0.527,-0.197,"Clasps, buckles etc. of metal",83,Miscellaneous articles of base metal,4,Metals,0.6580185130670854
paises_interes,2023,8309,109449580,0.12116563121833165,DOM,8309,0.000829,7296353,1.459308,0.782,0.0,-0.017,-0.197,"Stoppers, caps and lids of metal",83,Miscellaneous articles of base metal,4,Metals,0.1272986655113863
paises_interes,2023,8310,74603963,0.4595183243555347,DOM,8310,0.00013,123690,0.238333,0.833,0.68,0.104,-0.197,Sign plates and similar plates of base metal,83,Miscellaneous articles of base metal,4,Metals,0.23911391381680006
paises_interes,2023,8311,27096833,0.1385421242616855,DOM,8311,0.000296,1047110,0.524768,0.84,0.751,0.429,-0.197,Wire etc. used for welding,83,Miscellaneous articles of base metal,4,Metals,0.059760674618712456
paises_interes,2023,8401,131706,0.0010447582854779289,DOM,8401,0.0,0,0.0,0.89,0.91,1.226,-0.197,Nuclear reactors and related equipment,84,Industrial Machinery,7,Machinery,
paises_interes,2023,8402,41093924,0.1494439608112363,DOM,8402,7.9e-05,335317,0.140036,0.837,0.582,0.174,-0.197,Steam boilers,84,Industrial Machinery,7,Machinery,0.008457668415260784
paises_interes,2023,8403,26388539,0.059772454573732155,DOM,8403,0.0,1204,0.000312,0.84,0.822,0.685,-0.197,Central heating boilers,84,Industrial Machinery,7,Machinery,0.0
paises_interes,2023,8404,20517073,0.21064524833977186,DOM,8404,1e-06,1026,0.001265,0.846,1.023,1.07,-0.197,Auxiliary parts for use with boilers,84,Industrial Machinery,7,Machinery,0.0
paises_interes,2023,8405,14249184,0.15858307247891812,DOM,8405,1e-06,1263,0.002598,0.833,0.713,0.324,-0.197,Water gas generators,84,Industrial Machinery,7,Machinery,0.0
paises_interes,2023,8406,6593489,0.02523882886938084,DOM,8406,1e-05,34480,0.017548,0.878,1.275,0.896,-0.197,Steam turbines,84,Industrial Machinery,7,Machinery,0.9296113689095128
paises_interes,2023,8407,312410274,0.02697776123548493,DOM,8407,1.2e-05,622615,0.021713,0.872,1.104,0.778,-0.197,Spark-ignition reciprocating internal combustion piston engines,84,Industrial Machinery,7,Machinery,0.395938099788794
paises_interes,2023,8408,143291877,0.024253224648541682,DOM,8408,1.5e-05,679845,0.027074,0.882,1.382,1.491,-0.197,Compression-ignition internal combustion piston engines,84,Industrial Machinery,7,Machinery,0.9195375416455221
paises_interes,2023,8409,1532134410,0.11139443884452015,DOM,8409,1.3e-05,853892,0.022216,0.851,0.922,0.82,-0.197,Parts suitable for use with spark-ignition engines,84,Industrial Machinery,7,Machinery,0.31815030472237704
paises_interes,2023,8410,3835926,0.05159057718932422,DOM,8410,9e-06,8907,0.016275,0.869,1.116,0.277,-0.197,"Hydraulic turbines, water wheels and regulators",84,Industrial Machinery,7,Machinery,0.0
paises_interes,2023,8411,963616005,0.028354136747785676,DOM,8411,7e-06,1057272,0.012871,0.871,0.846,0.485,-0.197,Gas turbines,84,Industrial Machinery,7,Machinery,0.935322225501101
paises_interes,2023,8412,568685203,0.14711589899564712,DOM,8412,8e-06,201633,0.014761,0.87,1.308,0.9,-0.197,Other engines and motors,84,Industrial Machinery,7,Machinery,0.4432558162602352
paises_interes,2023,8413,1758661336,0.15850346471000784,DOM,8413,3.9e-05,2791789,0.070061,0.875,1.495,1.577,-0.197,Pumps for liquids,84,Industrial Machinery,7,Machinery,0.4845831830414118
paises_interes,2023,8414,3960781324,0.2689123156450929,DOM,8414,1.9e-05,1629579,0.033493,0.868,1.37,1.386,-0.197,"Pumps, compressors, fans, etc.",84,Industrial Machinery,7,Machinery,0.08344609251837438
paises_interes,2023,8415,2496975766,0.19584249070896992,DOM,8415,2.1e-05,1211801,0.03635,0.861,0.777,0.457,-0.197,Air conditioners,84,Industrial Machinery,7,Machinery,0.07964178936970674
paises_interes,2023,8416,15366448,0.07219777256584925,DOM,8416,2e-06,5790,0.004456,0.871,1.115,1.098,-0.197,Furnace burners,84,Industrial Machinery,7,Machinery,0.0
paises_interes,2023,8417,54553333,0.11262684065530332,DOM,8417,1e-05,54538,0.017746,0.869,1.222,1.233,-0.197,Industrial furnaces,84,Industrial Machinery,7,Machinery,0.17701419193956508
paises_interes,2023,8418,2481985964,0.18988409436416603,DOM,8418,4.5e-05,2577157,0.078698,0.832,0.795,0.545,-0.197,"Refrigerators, freezers",84,Industrial Machinery,7,Machinery,0.5696742573308494
paises_interes,2023,8419,878961127,0.11636576519139924,DOM,8419,2.5e-05,1228308,0.044999,0.862,1.444,1.324,-0.197,Equipment for temperature change of materials,84,Industrial Machinery,7,Machinery,0.20495510897918112
paises_interes,2023,8420,8783768,0.0523238905060076,DOM,8420,1.8e-05,31567,0.03337,0.9,1.382,1.684,-0.197,"Calendering or other rolling machines, other than for metals or glass",84,Industrial Machinery,7,Machinery,0.049672125954319385
paises_interes,2023,8421,2089318648,0.15586646204452287,DOM,8421,9.9e-05,8529938,0.175423,0.855,1.165,1.071,-0.197,Centrifuges,84,Industrial Machinery,7,Machinery,0.014077124593402672
paises_interes,2023,8422,417021118,0.07452664995731065,DOM,8422,2.8e-05,935794,0.04932,0.859,1.184,1.05,-0.197,Dish washing machines,84,Industrial Machinery,7,Machinery,0.5280745548699821
paises_interes,2023,8423,289390260,0.35955746985116305,DOM,8423,4e-06,16526,0.006451,0.876,1.079,0.959,-0.197,Weighing machinery,84,Industrial Machinery,7,Machinery,0.09500181532131187
paises_interes,2023,8424,1077256734,0.337950737818207,DOM,8424,0.000396,9006002,0.706645,0.86,1.138,0.993,-0.197,Sprays and powder dispersers,84,Industrial Machinery,7,Machinery,0.25966694211260444
paises_interes,2023,8425,730095565,0.491033900560946,DOM,8425,5e-05,404115,0.089744,0.866,1.119,0.881,-0.197,Pulleys and winches,84,Industrial Machinery,7,Machinery,0.013073011395271148
paises_interes,2023,8426,422022331,0.18006676887722609,DOM,8426,1.3e-05,215866,0.022845,0.866,1.181,0.59,-0.197,Ships' derricks; cranes,84,Industrial Machinery,7,Machinery,0.0
paises_interes,2023,8427,792488715,0.13366773609012564,DOM,8427,3e-06,88987,0.00528,0.887,1.445,1.436,-0.197,Fork-lift trucks,84,Industrial Machinery,7,Machinery,0.0
paises_interes,2023,8428,391304239,0.06055307762398183,DOM,8428,1.6e-05,591653,0.029321,0.856,1.208,1.266,-0.197,Other lifting machinery,84,Industrial Machinery,7,Machinery,0.16967546856011886
paises_interes,2023,8429,926590847,0.06512465502837439,DOM,8429,7e-06,447187,0.012136,0.863,0.929,0.193,-0.197,"Self-propelled bulldozers, excavators and road rollers",84,Industrial Machinery,7,Machinery,0.8050122208382623
paises_interes,2023,8430,223518725,0.1232804021101818,DOM,8430,7e-06,100646,0.013188,0.844,0.423,-0.454,-0.197,"Other moving, excavating or boring machinery",84,Industrial Machinery,7,Machinery,0.0
paises_interes,2023,8431,2135041887,0.19001958893980936,DOM,8431,6e-05,3977959,0.106085,0.832,0.877,0.756,-0.197,Parts for use with hoists and excavation machinery,84,Industrial Machinery,7,Machinery,0.3619775869987599
paises_interes,2023,8432,154012478,0.10195718742993246,DOM,8432,1.8e-05,198416,0.031898,0.841,0.795,0.809,-0.197,Machinery for soil preparation or cultivation,84,Industrial Machinery,7,Machinery,0.08307797758245303
paises_interes,2023,8433,766665355,0.19165818345472127,DOM,8433,4e-06,108200,0.006877,0.854,1.086,1.053,-0.197,Harvesting or agricultural machinery,84,Industrial Machinery,7,Machinery,0.11228280961182995
paises_interes,2023,8434,3553134,0.02683047079568843,DOM,8434,4e-06,8918,0.006962,0.843,0.866,0.691,-0.197,Dairy machinery,84,Industrial Machinery,7,Machinery,0.34637811168423416
paises_interes,2023,8435,8276081,0.19572376145981443,DOM,8435,8.8e-05,37407,0.154932,0.843,0.842,0.162,-0.197,Machines for wine and juice production,84,Industrial Machinery,7,Machinery,0.4890795840350736
paises_interes,2023,8436,96369461,0.06671843382385223,DOM,8436,2.9e-05,248592,0.051223,0.857,0.959,0.963,-0.197,Other agricultural machinery,84,Industrial Machinery,7,Machinery,0.03774055480465984
paises_interes,2023,8437,14107911,0.11044789849000612,DOM,8437,4e-06,8596,0.0069,0.842,0.688,0.247,-0.197,Machinery for processing grain,84,Industrial Machinery,7,Machinery,0.23894834806886925
paises_interes,2023,8438,193366527,0.08234098773323532,DOM,8438,4e-05,611907,0.071136,0.838,0.95,0.445,-0.197,Machinery for the industrial preparation of food or drink,84,Industrial Machinery,7,Machinery,0.571276354086487
paises_interes,2023,8439,47392699,0.0688930800909013,DOM,8439,0.000207,1213217,0.367828,0.882,1.368,1.494,-0.197,Machinery for making paper,84,Industrial Machinery,7,Machinery,0.0
paises_interes,2023,8440,2820267,0.013781471928951568,DOM,8440,0.000138,112431,0.243835,0.864,1.228,1.12,-0.197,Bookbinding machinery,84,Industrial Machinery,7,Machinery,0.0
paises_interes,2023,8441,164782096,0.1315754023851484,DOM,8441,0.000181,1450596,0.325658,0.868,1.358,1.371,-0.197,Other machinery for making paper,84,Industrial Machinery,7,Machinery,0.6000416380577362
paises_interes,2023,8442,9535442,0.09330532405051507,DOM,8442,6.3e-05,73026,0.110988,0.845,0.921,0.966,-0.197,Machinery for making printing components,84,Industrial Machinery,7,Machinery,0.25566236682825294
paises_interes,2023,8443,2082807427,0.3088110072981042,DOM,8443,5.8e-05,2406787,0.106332,0.877,1.031,1.062,-0.197,Printers and copiers,84,Industrial Machinery,7,Machinery,0.19852691575947518
paises_interes,2023,8444,4663558,0.05291507971151695,DOM,8444,8.5e-05,106150,0.150515,0.903,1.157,2.473,-0.197,"Machines to extrude, cut manmade textile fibres",84,Industrial Machinery,7,Machinery,0.0
paises_interes,2023,8445,6458993,0.06252551627555764,DOM,8445,6.6e-05,255582,0.117164,0.883,1.092,1.185,-0.197,Machines for preparing textile fibers,84,Industrial Machinery,7,Machinery,0.04230736123827187
paises_interes,2023,8446,4618196,0.18724467810608222,DOM,8446,1e-06,1358,0.001268,0.887,1.011,1.454,-0.197,Looms,84,Industrial Machinery,7,Machinery,0.0
paises_interes,2023,8447,55333118,0.2654390917979563,DOM,8447,2.9e-05,69454,0.053343,0.872,1.034,0.704,-0.197,Knitting machines,84,Industrial Machinery,7,Machinery,0.22100958908054252
paises_interes,2023,8448,37857809,0.16244398217078837,DOM,8448,4.4e-05,201685,0.078488,0.867,1.215,0.873,-0.197,Auxiliary machinery for use with knitting and textile machines,84,Industrial Machinery,7,Machinery,0.35072018246275133
paises_interes,2023,8450,749074703,0.3860371491801144,DOM,8450,6e-06,88629,0.010098,0.842,0.623,0.337,-0.197,Household- or laundry-type washing machines,84,Industrial Machinery,7,Machinery,0.19179952385787946
paises_interes,2023,8451,117878471,0.09626250552156906,DOM,8451,0.00011,885837,0.197869,0.855,1.064,0.924,-0.197,Machinery for processing fabrics,84,Industrial Machinery,7,Machinery,0.04134733590942803
paises_interes,2023,8452,175923341,0.5101549929716261,DOM,8452,0.000867,3739295,1.621023,0.805,0.0,0.042,-0.197,Sewing machines,84,Industrial Machinery,7,Machinery,0.020459739068460766
paises_interes,2023,8453,6199647,0.12193497753918334,DOM,8453,0.001131,1032385,2.100275,0.816,0.0,0.459,-0.197,Machinery for preparing leather,84,Industrial Machinery,7,Machinery,0.2806549882069189
paises_interes,2023,8454,32412048,0.08598746001616886,DOM,8454,0.0,0,0.0,0.888,1.378,1.703,-0.197,Machines used in metallurgy,84,Industrial Machinery,7,Machinery,
paises_interes,2023,8455,75890369,0.09127055736035353,DOM,8455,2e-06,10193,0.00306,0.886,1.266,1.014,-0.197,Metal-rolling mills,84,Industrial Machinery,7,Machinery,0.48199744922986365
paises_interes,2023,8456,219817280,0.19050270887119702,DOM,8456,3.6e-05,271004,0.065916,0.897,1.373,2.073,-0.197,Machines for working materials by laser and similar means,84,Industrial Machinery,7,Machinery,0.4553807323877138
paises_interes,2023,8457,14313585,0.009658387973600427,DOM,8457,0.0,0,0.0,0.904,1.278,1.985,-0.197,Machining centers for working metal,84,Industrial Machinery,7,Machinery,
paises_interes,2023,8458,27458330,0.023189085059751778,DOM,8458,3.1e-05,226185,0.058999,0.883,1.375,1.793,-0.197,Lathes for removing metal,84,Industrial Machinery,7,Machinery,0.0
paises_interes,2023,8459,35925693,0.09641962628683096,DOM,8459,2.8e-05,84096,0.052259,0.872,1.235,0.659,-0.197,Machine tools for drilling by removing metal,84,Industrial Machinery,7,Machinery,0.385773401826484
paises_interes,2023,8460,35978309,0.07745545994085724,DOM,8460,2.1e-05,84160,0.038832,0.883,1.244,1.607,-0.197,Machines with grinding stones for finishing metal,84,Industrial Machinery,7,Machinery,0.9094225285171103
paises_interes,2023,8461,29313091,0.08882615606755959,DOM,8461,1.5e-05,38498,0.027663,0.885,1.359,1.256,-0.197,Other machine tools for planing and cutting metals,84,Industrial Machinery,7,Machinery,0.38895527040365735
paises_interes,2023,8462,153615721,0.09105758483267623,DOM,8462,6e-06,59971,0.010324,0.881,1.39,1.546,-0.197,Machine tools for molding and forging metals,84,Industrial Machinery,7,Machinery,0.6076103450000834
paises_interes,2023,8463,10555904,0.026608847806699393,DOM,8463,4e-06,8246,0.006513,0.876,1.299,1.439,-0.197,"Other machine tools for working metal, without removal",84,Industrial Machinery,7,Machinery,1.0
paises_interes,2023,8464,72344712,0.19955967655828066,DOM,8464,3.4e-05,84932,0.059906,0.872,1.444,1.411,-0.197,Machine tools for working stone,84,Industrial Machinery,7,Machinery,0.032084491122309614
paises_interes,2023,8465,321103200,0.22419944393855387,DOM,8465,2.5e-05,218440,0.046447,0.875,1.139,1.121,-0.197,Machine tools for working wood,84,Industrial Machinery,7,Machinery,0.6978438015015564
paises_interes,2023,8466,264897586,0.09146634512897557,DOM,8466,1.7e-05,325403,0.031804,0.872,1.349,1.818,-0.197,Parts and accessories for metal working machines,84,Industrial Machinery,7,Machinery,0.6132703140413579
paises_interes,2023,8467,370211729,0.27543813265058603,DOM,8467,4.1e-05,342511,0.078523,0.885,1.18,1.427,-0.197,"Tools for hand working, pneumatic, hydraulic motors",84,Industrial Machinery,7,Machinery,0.16188385190548624
paises_interes,2023,8468,45527133,0.28232017354463745,DOM,8468,1.4e-05,15291,0.02602,0.87,1.09,0.86,-0.197,Machinery for soldering,84,Industrial Machinery,7,Machinery,0.0
paises_interes,2023,8470,584470046,0.49805236504616845,DOM,8470,1.7e-05,107394,0.032929,0.862,0.543,0.673,-0.197,"Cash registers, calculators, etc.",84,Industrial Machinery,7,Machinery,0.10049909678380543
paises_interes,2023,8471,43170312122,0.4549839002724273,DOM,8471,1.5e-05,4579524,0.030489,0.875,0.806,0.991,-0.197,Computers,84,Industrial Machinery,7,Machinery,0.562811986573277
paises_interes,2023,8472,245594120,0.2849173194807362,DOM,8472,2.1e-05,84184,0.036766,0.886,1.07,1.145,-0.197,Other office machines,84,Industrial Machinery,7,Machinery,0.11757578637270741
paises_interes,2023,8473,14501087819,0.3675961814354731,DOM,8473,1.5e-05,3064149,0.029033,0.882,0.964,1.423,-0.197,Parts and accessories for office machines,84,Industrial Machinery,7,Machinery,0.8271647364406888
paises_interes,2023,8474,222732312,0.0918709745616243,DOM,8474,3.9e-05,784961,0.069442,0.834,0.616,0.039,-0.197,Machinery for working minerals,84,Industrial Machinery,7,Machinery,0.06514336381043134
paises_interes,2023,8475,22062154,0.04262766994639941,DOM,8475,0.0,2035,0.000817,0.894,1.367,1.859,-0.197,Machines for assembling electric lamps,84,Industrial Machinery,7,Machinery,0.0
paises_interes,2023,8476,64216422,0.2982029148093887,DOM,8476,7e-06,12136,0.01222,0.854,1.132,1.014,-0.197,Automatic goods-vending machines,84,Industrial Machinery,7,Machinery,0.12846077785102175
paises_interes,2023,8477,556126048,0.1441581121213742,DOM,8477,0.000168,5069884,0.306695,0.893,1.492,1.725,-0.197,Machinery for working rubber or plastics,84,Industrial Machinery,7,Machinery,0.6229708608717675
paises_interes,2023,8478,3656796,0.06651540132078908,DOM,8478,0.009221,11915519,16.440828,0.809,0.0,-0.09,-0.197,Machinery for preparing tobacco,84,Industrial Machinery,7,Machinery,0.9291971251944627
paises_interes,2023,8479,2682056950,0.09568885185161528,DOM,8479,7e-06,1421892,0.012697,0.905,1.472,2.244,-0.197,Machines n.e.c.,84,Industrial Machinery,7,Machinery,0.5697788580285985
paises_interes,2023,8480,628943370,0.20888090096994968,DOM,8480,0.000102,1900629,0.184324,0.884,1.302,1.528,-0.197,Molding boxes for metal foundry,84,Industrial Machinery,7,Machinery,0.6264484020816267
paises_interes,2023,8481,4198954292,0.26712034734420464,DOM,8481,0.000717,72767978,1.28445,0.849,0.0,1.286,-0.197,Appliances for thermostatically controlled valves,84,Industrial Machinery,7,Machinery,0.8591785111852359
paises_interes,2023,8482,553199384,0.16678599390721946,DOM,8482,7e-06,217152,0.012262,0.868,1.253,1.373,-0.197,Ball or roller bearings,84,Industrial Machinery,7,Machinery,0.16879881373415856
paises_interes,2023,8483,1421537303,0.14057388034329474,DOM,8483,1.7e-05,1094243,0.030413,0.876,1.434,1.621,-0.197,Transmission shafts,84,Industrial Machinery,7,Machinery,0.15024359305931131
paises_interes,2023,8484,59892492,0.10148886992253217,DOM,8484,0.000157,740880,0.286716,0.876,1.29,1.261,-0.197,Gaskets and similar joints of metal sheeting,84,Industrial Machinery,7,Machinery,0.9493332253536335
paises_interes,2023,8485,77887065,0.06019377288809752,DOM,8485,3.5e-05,453430,0.063204,0.863,1.364,1.19,-0.197,"Machinery parts, not containing electrical features, n.e.c.",84,Industrial Machinery,7,Machinery,0.8521602011335818
paises_interes,2023,8501,2226756552,0.18248652283484607,DOM,8501,0.000234,15117066,0.418123,0.843,1.129,0.955,-0.197,Electric motors and generators,85,Electrical machinery and equipment,8,Electronics,0.8262899692308018
paises_interes,2023,8502,634832290,0.29008501499179107,DOM,8502,0.00013,2954789,0.229737,0.858,1.015,0.792,-0.197,Electric generating sets and rotary converters,85,Electrical machinery and equipment,8,Electronics,0.6869600502777017
paises_interes,2023,8503,581541553,0.15330690080457376,DOM,8503,3.1e-05,752884,0.056436,0.838,1.065,0.693,-0.197,Parts for use with electric generators,85,Electrical machinery and equipment,8,Electronics,0.18994028296523768
paises_interes,2023,8504,6222270438,0.2346741132111521,DOM,8504,0.000191,26873201,0.349148,0.84,1.042,0.997,-0.197,Electrical transformers,85,Electrical machinery and equipment,8,Electronics,0.7531746590218262
paises_interes,2023,8505,605401093,0.47379477302630024,DOM,8505,3.4e-05,364045,0.060479,0.89,1.104,1.11,-0.197,Electromagnets,85,Electrical machinery and equipment,8,Electronics,0.7922976555096211
paises_interes,2023,8506,813782724,0.5247974439260422,DOM,8506,0.000289,2406835,0.517649,0.869,0.984,0.798,-0.197,Primary cells and primary batteries,85,Electrical machinery and equipment,8,Electronics,0.1480645744307358
paises_interes,2023,8507,13877593100,0.5090140303496073,DOM,8507,1e-05,1363723,0.017224,0.887,1.011,1.297,-0.197,Batteries,85,Electrical machinery and equipment,8,Electronics,0.042785081721141316
paises_interes,2023,8508,3019073037,0.6246568741829281,DOM,8508,2.7e-05,544545,0.047942,0.879,1.199,1.469,-0.197,Vacuum cleaners,85,Electrical machinery and equipment,8,Electronics,0.05955614320212287
paises_interes,2023,8509,5243414116,0.8458353346931445,DOM,8509,0.001801,53788280,3.181491,0.829,0.0,0.526,-0.197,Electromechanical domestic appliances,85,Electrical machinery and equipment,8,Electronics,0.9987273993516803
paises_interes,2023,8510,439398766,0.666520516135521,DOM,8510,6.7e-05,325522,0.119383,0.873,0.884,0.848,-0.197,Electric shavers and hair clippers,85,Electrical machinery and equipment,8,Electronics,0.1069820165764526
paises_interes,2023,8511,541289664,0.12626022853018515,DOM,8511,0.000496,9991730,0.876482,0.867,1.168,1.136,-0.197,Electrical ignition equipment,85,Electrical machinery and equipment,8,Electronics,0.9619734520448411
paises_interes,2023,8512,1221790104,0.15426343563334985,DOM,8512,6e-06,204495,0.01068,0.837,1.006,0.84,-0.197,Electrical lighting equipment used for motor vehicles,85,Electrical machinery and equipment,8,Electronics,0.3977114354874202
paises_interes,2023,8513,691934130,0.9464207083203485,DOM,8513,1.2e-05,40209,0.020359,0.868,0.001,-0.136,-0.197,Portable electric lamps,85,Electrical machinery and equipment,8,Electronics,0.6446815389589395
paises_interes,2023,8514,93173099,0.12313405740834497,DOM,8514,1.6e-05,101762,0.028067,0.888,1.533,1.495,-0.197,Industrial electric furnaces,85,Electrical machinery and equipment,8,Electronics,0.09486841846661818
paises_interes,2023,8515,235176518,0.12382522011797509,DOM,8515,3.4e-05,420904,0.060749,0.886,1.394,1.173,-0.197,Electric soldering machines,85,Electrical machinery and equipment,8,Electronics,0.24798766464561992
paises_interes,2023,8516,6942573956,0.6196242987406193,DOM,8516,4e-06,246458,0.007149,0.833,0.616,0.67,-0.197,Electric heaters,85,Electrical machinery and equipment,8,Electronics,0.13588522182278523
paises_interes,2023,8517,2841634858,0.38755108430305196,DOM,8517,1e-05,629697,0.018875,0.885,0.683,0.789,-0.197,Telephones,85,Electrical machinery and equipment,8,Electronics,0.12107728002515496
paises_interes,2023,8518,6198888612,0.6469854856704069,DOM,8518,2.5e-05,1178202,0.045064,0.873,0.827,0.722,-0.197,Microphones,85,Electrical machinery and equipment,8,Electronics,0.5463961188319151
paises_interes,2023,8519,571394714,0.8457601811233054,DOM,8519,7e-06,21989,0.012853,0.87,0.917,0.837,-0.197,Sound reproducing apparatus,85,Electrical machinery and equipment,8,Electronics,0.0
paises_interes,2023,8521,4023864098,0.4347132963473021,DOM,8521,1.8e-05,753600,0.03236,0.872,1.029,0.931,-0.197,Video recording apparatus,85,Electrical machinery and equipment,8,Electronics,0.8140273354564755
paises_interes,2023,8522,35709220,0.43313555753077987,DOM,8522,6e-06,8291,0.011186,0.878,0.649,0.405,-0.197,Parts and accessories for video or sound equipment,85,Electrical machinery and equipment,8,Electronics,1.0
paises_interes,2023,8523,1320570206,0.196456619016024,DOM,8523,2.5e-05,1119349,0.053348,0.867,0.846,1.166,-0.197,Sound storage media,85,Electrical machinery and equipment,8,Electronics,0.31858339088166426
paises_interes,2023,8525,62010396297,0.6429985811365857,DOM,8525,0.000136,75037821,0.257162,0.871,0.778,1.042,-0.197,"Transmission apparatus for radio, telephone and TV",85,Electrical machinery and equipment,8,Electronics,0.5982016721940793
paises_interes,2023,8526,613688400,0.16490019318244095,DOM,8526,2e-06,35395,0.003147,0.861,1.105,1.041,-0.197,Radar,85,Electrical machinery and equipment,8,Electronics,0.19273908744172905
paises_interes,2023,8527,646801453,0.20653408547164656,DOM,8527,3.4e-05,361993,0.06114,0.872,0.845,0.952,-0.197,Reception apparatus for radio broadcasting,85,Electrical machinery and equipment,8,Electronics,0.014431218283226471
paises_interes,2023,8528,5079517605,0.2638232349445621,DOM,8528,3e-05,2108287,0.054414,0.833,0.499,0.419,-0.197,Monitors and projectors,85,Electrical machinery and equipment,8,Electronics,0.6948318706134411
paises_interes,2023,8529,1238824617,0.31338867900500295,DOM,8529,2.1e-05,1189940,0.040001,0.874,0.689,0.824,-0.197,"Parts of radios, telephones, and T.V.s",85,Electrical machinery and equipment,8,Electronics,0.8214884784106762
paises_interes,2023,8530,44343138,0.14222892844071533,DOM,8530,1.9e-05,50172,0.033913,0.857,1.083,0.928,-0.197,Electric signal and traffic controls,85,Electrical machinery and equipment,8,Electronics,0.6053974328310612
paises_interes,2023,8531,1113863227,0.3422914669208456,DOM,8531,0.002041,39058389,3.753476,0.826,0.0,0.756,-0.197,Electric sound or visual signaling apparatus,85,Electrical machinery and equipment,8,Electronics,0.9911975376147747
paises_interes,2023,8532,317857451,0.1310797492637161,DOM,8532,0.000728,21909985,1.4344,0.82,0.0,0.752,-0.197,Electrical capacitors,85,Electrical machinery and equipment,8,Electronics,0.6360693537672436
paises_interes,2023,8533,130993596,0.13318805730564745,DOM,8533,4.8e-05,503229,0.09773,0.866,1.264,1.235,-0.197,Electrical resistors,85,Electrical machinery and equipment,8,Electronics,0.616152884670796
paises_interes,2023,8534,760616643,0.2785368778981128,DOM,8534,5e-06,233537,0.011376,0.874,0.851,0.882,-0.197,Electronic printed circuits,85,Electrical machinery and equipment,8,Electronics,0.3309753914797227
paises_interes,2023,8535,67687690,0.049348038798377424,DOM,8535,0.0002,2034626,0.354092,0.861,1.167,0.885,-0.197,Electrical apparatus for > 1k volts,85,Electrical machinery and equipment,8,Electronics,0.167170772417142
paises_interes,2023,8536,2853888922,0.20060416664941597,DOM,8536,0.008925,958775994,16.325008,0.822,0.0,0.751,-0.197,Electrical apparatus for < 1k volts,85,Electrical machinery and equipment,8,Electronics,0.895997461738701
paises_interes,2023,8537,2188618327,0.12381191822629596,DOM,8537,3.9e-05,3347919,0.069804,0.828,0.79,0.868,-0.197,Electrical boards,85,Electrical machinery and equipment,8,Electronics,0.09694649123828862
paises_interes,2023,8538,864229027,0.1568025011978446,DOM,8538,0.000321,13253544,0.577904,0.856,1.209,1.083,-0.197,Parts for electrical apparatus,85,Electrical machinery and equipment,8,Electronics,0.4926139755525013
paises_interes,2023,8539,325982790,0.3090574427290638,DOM,8539,8.1e-05,582951,0.14453,0.854,1.138,0.899,-0.197,Electrical filament,85,Electrical machinery and equipment,8,Electronics,0.7957564186355286
paises_interes,2023,8540,18589105,0.06955530497810294,DOM,8540,0.0,900,0.000875,0.889,1.185,1.465,-0.197,"Thermionic, cold cathode or photocathode tubes",85,Electrical machinery and equipment,8,Electronics,0.0
paises_interes,2023,8541,10998767263,0.5060941713164597,DOM,8541,6.7e-05,9368101,0.124672,0.86,0.698,0.56,-0.197,Semiconductor devices,85,Electrical machinery and equipment,8,Electronics,0.6310742166421989
paises_interes,2023,8542,10922511784,0.3691927547702707,DOM,8542,4e-06,3381633,0.010316,0.893,0.988,1.491,-0.197,Electronic integrated circuits,85,Electrical machinery and equipment,8,Electronics,0.8492556702634496
paises_interes,2023,8543,6792989016,0.44004326573017627,DOM,8543,8.8e-05,5391029,0.15736,0.886,1.263,1.43,-0.197,Electrical machines with individual functions n.e.c.,85,Electrical machinery and equipment,8,Electronics,0.800949132345606
paises_interes,2023,8544,5219821334,0.17611000611975147,DOM,8544,0.000135,20540171,0.239431,0.77,0.19,-0.302,-0.197,Insulated electrical wire,85,Electrical machinery and equipment,8,Electronics,0.4541609707144113
paises_interes,2023,8545,56417200,0.13996911669559037,DOM,8545,0.004242,26537593,7.569572,0.845,0.0,0.591,-0.197,Carbon articles for eletrical purposes,85,Electrical machinery and equipment,8,Electronics,0.9994817917359724
paises_interes,2023,8546,112494036,0.3072516025468133,DOM,8546,3e-06,8340,0.005877,0.86,0.978,0.588,-0.197,Electrical insulators of any material,85,Electrical machinery and equipment,8,Electronics,0.0
paises_interes,2023,8547,177892791,0.3057316583793302,DOM,8547,2e-06,15761,0.004265,0.867,1.135,1.084,-0.197,Insulating fittings for electrical machines,85,Electrical machinery and equipment,8,Electronics,0.10659222130575471
paises_interes,2023,8548,70301669,0.15312346627646478,DOM,8548,6e-06,26724,0.011831,0.861,0.717,0.505,-0.197,Waste and scrap of batteries,85,Electrical machinery and equipment,8,Electronics,0.19753779374345157
paises_interes,2023,8602,0,0.0,DOM,8602,0.0,0,0.0,0.878,0.699,0.19,-0.197,Other rail locomotives,86,Trains,6,Vehicles,
paises_interes,2023,8604,34295,0.0007492960178745609,DOM,8604,0.0,0,0.0,0.864,0.827,0.384,-0.197,Railway service vehicles,86,Trains,6,Vehicles,
paises_interes,2023,8607,192754302,0.18034689766944118,DOM,8607,5e-06,64344,0.009268,0.852,1.023,0.742,-0.197,Parts of railway locomotives,86,Trains,6,Vehicles,0.0
paises_interes,2023,8608,10138796,0.22638671406793873,DOM,8608,2e-06,1836,0.003233,0.847,0.986,0.692,-0.197,Railway track fixtures,86,Trains,6,Vehicles,0.0
paises_interes,2023,8609,875921619,0.7304251897972058,DOM,8609,3.6e-05,418595,0.062001,0.833,0.001,-0.544,-0.197,Containers for multimodal transportation,86,Trains,6,Vehicles,0.3730598788805409
paises_interes,2023,8701,96184245,0.005507981148118296,DOM,8701,1e-06,80392,0.001694,0.865,1.034,0.824,-0.197,Tractors,87,Vehicles,6,Vehicles,0.0
paises_interes,2023,8702,21910910,0.01966535405565941,DOM,8702,0.0,0,0.0,0.829,0.38,-0.061,-0.197,Buses,87,Vehicles,6,Vehicles,
paises_interes,2023,8703,2404102923,0.011856504116370792,DOM,8703,2e-06,2199163,0.004279,0.854,0.939,0.982,-0.197,Cars,87,Vehicles,6,Vehicles,0.2936821872685199
paises_interes,2023,8704,9540227,0.00023756360192048371,DOM,8704,1.2e-05,2119687,0.021282,0.851,0.661,0.273,-0.197,Motor vehicles for transporting goods,87,Vehicles,6,Vehicles,0.01222350280961293
paises_interes,2023,8705,13356912,0.006588045679798313,DOM,8705,2e-06,28907,0.003149,0.841,0.729,0.063,-0.197,Special purpose motor vehicles,87,Vehicles,6,Vehicles,0.10018334659425053
paises_interes,2023,8706,1321367,0.01297556462619557,DOM,8706,0.0,0,0.0,0.866,0.684,0.619,-0.197,Vehicle chassis fitted with engines,87,Vehicles,6,Vehicles,
paises_interes,2023,8707,5420422,0.005945821430796864,DOM,8707,7e-06,67975,0.012182,0.864,1.048,0.804,-0.197,Vehicle Bodies,87,Vehicles,6,Vehicles,0.043177638837808015
paises_interes,2023,8708,10492701580,0.1173366360569884,DOM,8708,3.1e-05,13206907,0.055163,0.844,1.098,0.986,-0.197,Parts of motor vehicles,87,Vehicles,6,Vehicles,0.6848798132674062
paises_interes,2023,8709,43928445,0.1495453551338712,DOM,8709,8.2e-05,162580,0.145262,0.863,0.968,0.437,-0.197,Work trucks,87,Vehicles,6,Vehicles,0.0
paises_interes,2023,8710,1907043,0.004706891052999652,DOM,8710,0.0,0,0.0,0.889,0.448,0.267,-0.197,Tanks and other armored fighting vehicles,87,Vehicles,6,Vehicles,
paises_interes,2023,8711,1502850987,0.35374619426390125,DOM,8711,4e-06,137992,0.006478,0.852,0.97,0.289,-0.197,Motorcycles,87,Vehicles,6,Vehicles,0.05658299031827932
paises_interes,2023,8712,571702606,0.5368539983564004,DOM,8712,4e-06,38287,0.009283,0.831,0.804,0.405,-0.197,Bicycles,87,Vehicles,6,Vehicles,0.19750829263196384
paises_interes,2023,8713,287672757,0.7136108432563781,DOM,8713,5e-06,9686,0.009423,0.869,0.607,0.755,-0.197,Wheelchairs,87,Vehicles,6,Vehicles,0.10561635349989676
paises_interes,2023,8714,596586474,0.346433628360949,DOM,8714,2.1e-05,548184,0.042623,0.859,0.789,0.663,-0.197,Parts of motorcycles or wheelchairs,87,Vehicles,6,Vehicles,0.03909453760051369
paises_interes,2023,8715,351720467,0.9619200396249706,DOM,8715,6e-06,13065,0.010209,0.865,0.722,0.197,-0.197,Baby carriages,87,Vehicles,6,Vehicles,0.1433601224646001
paises_interes,2023,8716,1263708491,0.1861700703807679,DOM,8716,1e-05,358355,0.017809,0.843,0.831,0.754,-0.197,Trailers and semi-trailers,87,Vehicles,6,Vehicles,0.17143335519247674
paises_interes,2023,8802,113172213,0.007390186159182101,DOM,8802,2.1e-05,2297630,0.036666,0.876,0.741,-0.133,-0.197,Other aircraft and spacecraft,88,Aircraft,6,Vehicles,0.9686646675052119
paises_interes,2023,8803,861148130,0.05332254467334397,DOM,8803,5.2e-05,3695103,0.091501,0.838,0.645,0.104,-0.197,Parts of other aircraft,88,Aircraft,6,Vehicles,0.8724157350958823
paises_interes,2023,8804,2218633,0.04064245336226026,DOM,8804,0.0,0,0.0,0.85,0.655,0.217,-0.197,Parachutes,88,Aircraft,6,Vehicles,
paises_interes,2023,8805,13653018,0.0207781168503868,DOM,8805,0.0,0,0.0,0.875,0.899,0.852,-0.197,Aircraft launching gear,88,Aircraft,6,Vehicles,
paises_interes,2023,8901,112923498,0.013757846423628982,DOM,8901,0.0,0,0.0,0.859,0.687,-0.499,-0.197,Cargo ships and similar vessels,89,Ships,6,Vehicles,
paises_interes,2023,8902,38162,0.012381849730637502,DOM,8902,0.0,0,0.0,0.823,0.193,-0.849,-0.197,Fishing vessels,89,Ships,6,Vehicles,
paises_interes,2023,8903,225958260,0.059091169991193675,DOM,8903,0.000246,4557396,0.456246,0.848,0.863,0.2,-0.197,Pleasure or sport boats,89,Ships,6,Vehicles,0.13657360475148528
paises_interes,2023,8905,1170003,0.0009722992738566036,DOM,8905,0.0,10351,0.000901,0.846,0.206,-1.154,-0.197,"Special function vessels, n.e.c.",89,Ships,6,Vehicles,0.0
paises_interes,2023,8906,1668117,0.007745809177320981,DOM,8906,0.0,0,0.0,0.84,0.337,-0.218,-0.197,Other vessels,89,Ships,6,Vehicles,
paises_interes,2023,8907,14279640,0.1302802274261098,DOM,8907,4.7e-05,58331,0.084478,0.836,0.591,-0.123,-0.197,Other floating structures,89,Ships,6,Vehicles,0.4911453601001183
paises_interes,2023,9001,409918297,0.12113611664613458,DOM,9001,1e-06,35643,0.002366,0.857,1.095,1.108,-0.197,Optical fibers,90,"Apparatuses (optical, medical, etc.)",7,Machinery,0.2080352383357181
paises_interes,2023,9002,316388784,0.20109660736007526,DOM,9002,3e-06,53707,0.007152,0.884,1.101,1.52,-0.197,Lenses and other optical elements,90,"Apparatuses (optical, medical, etc.)",7,Machinery,0.7772916007224384
paises_interes,2023,9003,317644640,0.31630109920773486,DOM,9003,2e-06,13737,0.00422,0.858,0.814,0.386,-0.197,"Frames for spectacles, goggles",90,"Apparatuses (optical, medical, etc.)",7,Machinery,0.8272548591395501
paises_interes,2023,9004,903912739,0.33346857736419366,DOM,9004,1.9e-05,221933,0.035198,0.872,0.653,0.466,-0.197,Glasses,90,"Apparatuses (optical, medical, etc.)",7,Machinery,0.11066402923404811
paises_interes,2023,9005,178683353,0.49442706099165223,DOM,9005,3e-06,5121,0.005249,0.852,0.895,0.917,-0.197,Binoculars and telescopes,90,"Apparatuses (optical, medical, etc.)",7,Machinery,1.0
paises_interes,2023,9006,153059386,0.4507224303267669,DOM,9006,5.6e-05,152573,0.106198,0.88,1.073,0.889,-0.197,Photographic cameras,90,"Apparatuses (optical, medical, etc.)",7,Machinery,0.30608954402155036
paises_interes,2023,9007,55124290,0.46580352633316946,DOM,9007,0.000114,76063,0.205351,0.844,0.701,0.23,-0.197,Cinematographic cameras and projectors,90,"Apparatuses (optical, medical, etc.)",7,Machinery,0.8660978399484638
paises_interes,2023,9008,29405081,0.5777009009515919,DOM,9008,0.000155,40793,0.275685,0.861,0.688,0.219,-0.197,Still image projectors,90,"Apparatuses (optical, medical, etc.)",7,Machinery,0.08185227857720688
paises_interes,2023,9009,92666862,0.3206896258521676,DOM,9009,4.3e-05,65201,0.076543,0.865,0.867,0.753,-0.197,Electrostatic photo-copyers,90,"Apparatuses (optical, medical, etc.)",7,Machinery,0.7537614453766046
paises_interes,2023,9010,53562920,0.5233562090518199,DOM,9010,1.1e-05,7794,0.019462,0.886,1.161,1.621,-0.197,"Apparatus and equipment for photographic laboratories, n.e.c.",90,"Apparatuses (optical, medical, etc.)",7,Machinery,0.4644598409032589
paises_interes,2023,9011,545976676,0.09183814518056893,DOM,9011,0.000435,1455233,0.784389,0.897,1.231,1.639,-0.197,Optical microscopes,90,"Apparatuses (optical, medical, etc.)",7,Machinery,0.15480042711048544
paises_interes,2023,9012,17535301,0.007535262775402439,DOM,9012,3.3e-05,124106,0.057646,0.903,1.276,1.871,-0.197,"Microscopes, other than optical",90,"Apparatuses (optical, medical, etc.)",7,Machinery,0.8820004571239233
paises_interes,2023,9013,429362917,0.15876806082489403,DOM,9013,5e-06,72620,0.009489,0.876,1.198,1.513,-0.197,Liquid crystal devices,90,"Apparatuses (optical, medical, etc.)",7,Machinery,0.10144741459740304
paises_interes,2023,9014,95728483,0.06345531719088711,DOM,9014,2.9e-05,196975,0.054824,0.86,0.892,0.878,-0.197,Navigational instruments,90,"Apparatuses (optical, medical, etc.)",7,Machinery,0.880025383931971
paises_interes,2023,9015,272346669,0.18742884064513607,DOM,9015,8.1e-05,817874,0.144658,0.852,0.608,0.129,-0.197,Surveying instruments,90,"Apparatuses (optical, medical, etc.)",7,Machinery,0.22498697843433096
paises_interes,2023,9016,14310163,0.17458895810010336,DOM,9016,0.0,0,0.0,0.876,0.958,1.003,-0.197,Balances of a sensitivity < 50 milligram,90,"Apparatuses (optical, medical, etc.)",7,Machinery,
paises_interes,2023,9017,177950115,0.5076953208769585,DOM,9017,9.3e-05,231994,0.165169,0.897,1.511,1.751,-0.197,Drafting tables and machines,90,"Apparatuses (optical, medical, etc.)",7,Machinery,0.2096304214764175
paises_interes,2023,9018,3153092871,0.08033703688438135,DOM,9018,0.010418,1652358348,18.475882,0.83,0.0,0.822,-0.197,Medical instruments,90,"Apparatuses (optical, medical, etc.)",7,Machinery,0.7323610404878107
paises_interes,2023,9019,1561922750,0.3028950142803785,DOM,9019,0.000638,10741316,1.129351,0.832,0.0,0.758,-0.197,Therapy applicances,90,"Apparatuses (optical, medical, etc.)",7,Machinery,0.23531958281461973
paises_interes,2023,9020,16713930,0.07877116579815366,DOM,9020,6e-06,11812,0.010709,0.867,1.018,0.668,-0.197,Other breathing appliances and gas masks,90,"Apparatuses (optical, medical, etc.)",7,Machinery,0.6782932610904165
paises_interes,2023,9021,1401525470,0.09270967604442618,DOM,9021,0.000487,34970231,0.863959,0.868,1.148,1.198,-0.197,Orthopedic appliances,90,"Apparatuses (optical, medical, etc.)",7,Machinery,0.6566083020726972
paises_interes,2023,9022,405393769,0.09378401661779119,DOM,9022,5.7e-05,1470030,0.101336,0.902,1.421,1.717,-0.197,X-ray machines,90,"Apparatuses (optical, medical, etc.)",7,Machinery,0.7458514452086011
paises_interes,2023,9023,142541465,0.1857868859726368,DOM,9023,0.000252,878729,0.451184,0.887,0.973,0.859,-0.197,Instruments designed for demonstrational purposes,90,"Apparatuses (optical, medical, etc.)",7,Machinery,0.8491457548345395
paises_interes,2023,9024,37887480,0.10056868859523474,DOM,9024,4.2e-05,104067,0.076122,0.898,1.316,1.643,-0.197,Machines for testing the mechanical properties of materials,90,"Apparatuses (optical, medical, etc.)",7,Machinery,0.8352791951339041
paises_interes,2023,9025,402354514,0.27829388978026165,DOM,9025,3.1e-05,231225,0.055399,0.85,1.085,0.786,-0.197,"Thermometers, hydrometers etc.",90,"Apparatuses (optical, medical, etc.)",7,Machinery,0.5333592820845496
paises_interes,2023,9026,520691964,0.13040711976980687,DOM,9026,5.6e-05,1438268,0.099687,0.877,1.394,1.489,-0.197,Instruments for measuring properties of liquids or gases,90,"Apparatuses (optical, medical, etc.)",7,Machinery,0.8794765648683
paises_interes,2023,9027,585001422,0.07104100712406572,DOM,9027,1.4e-05,710383,0.024883,0.888,1.541,1.744,-0.197,Instruments for physical or chemical analysis,90,"Apparatuses (optical, medical, etc.)",7,Machinery,0.23081070352190297
paises_interes,2023,9028,103647047,0.058172862862040695,DOM,9028,2e-06,17537,0.003258,0.843,0.808,0.605,-0.197,"Gas, liquid or electricity meters",90,"Apparatuses (optical, medical, etc.)",7,Machinery,0.38204938130809146
paises_interes,2023,9029,104195646,0.060432948528994244,DOM,9029,2e-06,21483,0.004259,0.875,0.974,1.083,-0.197,Meters,90,"Apparatuses (optical, medical, etc.)",7,Machinery,0.7513382674672997
paises_interes,2023,9030,1324150151,0.2769904245988966,DOM,9030,6.1e-05,2070339,0.115754,0.89,1.299,1.469,-0.197,Instruments for measuring electricity,90,"Apparatuses (optical, medical, etc.)",7,Machinery,0.20907010880826762
paises_interes,2023,9031,1073009832,0.13964601933589157,DOM,9031,6e-06,310805,0.010165,0.891,1.373,1.509,-0.197,Measuring instruments,90,"Apparatuses (optical, medical, etc.)",7,Machinery,0.1940959765769534
paises_interes,2023,9032,915058733,0.12801125089204754,DOM,9032,2.2e-05,756392,0.038833,0.861,1.115,1.38,-0.197,Automatic regulating instruments,90,"Apparatuses (optical, medical, etc.)",7,Machinery,0.11579445578483115
paises_interes,2023,9033,82357575,0.1104886911937515,DOM,9033,0.003031,11505272,5.528618,0.832,0.0,0.694,-0.197,Other parts for machines and appliances,90,"Apparatuses (optical, medical, etc.)",7,Machinery,0.7837585239184263
paises_interes,2023,9101,87350448,0.045365645157132324,DOM,9101,1.2e-05,202675,0.021847,0.878,0.653,0.804,-0.197,Watches with precious metal,91,Clocks,7,Machinery,0.6542537930919781
paises_interes,2023,9102,146282854,0.04681253944654735,DOM,9102,2.6e-05,707346,0.04876,0.875,0.546,0.754,-0.197,Watches,91,Clocks,7,Machinery,0.6604292665824081
paises_interes,2023,9103,1139832,0.03470708807362982,DOM,9103,0.000318,16413,0.550793,0.884,0.003,0.954,-0.197,Clocks with watch movements,91,Clocks,7,Machinery,0.07236584127560687
paises_interes,2023,9104,386615,0.077000429799484,DOM,9104,0.000116,8383,0.200955,0.877,0.003,0.953,-0.197,Instrument panel clocks for vehicles,91,Clocks,7,Machinery,0.0
paises_interes,2023,9105,175325836,0.8404634736196204,DOM,9105,3e-06,3900,0.00563,0.89,0.641,0.88,-0.197,Other clocks,91,Clocks,7,Machinery,1.0
paises_interes,2023,9106,37912807,0.633042245069461,DOM,9106,3.3e-05,12133,0.06072,0.859,0.808,0.547,-0.197,Apparatus for measuring intervals of time,91,Clocks,7,Machinery,0.6278743921536306
paises_interes,2023,9107,23440513,0.2063099884431969,DOM,9107,2.2e-05,9332,0.040247,0.879,1.018,1.43,-0.197,Time switches,91,Clocks,7,Machinery,0.6292327475353622
paises_interes,2023,9108,547379,0.017628557581171204,DOM,9108,1e-05,8812,0.020143,0.892,0.906,1.147,-0.197,"Watch movements, complete",91,Clocks,7,Machinery,1.0
paises_interes,2023,9109,7682684,0.04635221370095302,DOM,9109,0.0,0,0.0,0.868,0.004,0.208,-0.197,"Clock movements, complete",91,Clocks,7,Machinery,0.6257729078753757
paises_interes,2023,9110,223218,0.062342445805267065,DOM,9110,6.4e-05,14959,0.117813,0.901,0.78,1.926,-0.197,"Clock movements, complete, unassembled",91,Clocks,7,Machinery,1.0
paises_interes,2023,9111,2437826,0.16537678716177506,DOM,9111,0.0,0,0.0,0.875,0.713,0.865,-0.197,Watch cases and parts,91,Clocks,7,Machinery,
paises_interes,2023,9113,48667164,0.4048503549455939,DOM,9113,1e-06,1406,0.001204,0.861,0.898,0.008,-0.197,Watch straps,91,Clocks,7,Machinery,1.0
paises_interes,2023,9114,4907770,0.07816815835534133,DOM,9114,4e-06,7490,0.009282,0.881,0.971,0.928,-0.197,Other clock or watch parts,91,Clocks,7,Machinery,0.15781041388518025
paises_interes,2023,9201,32449822,0.23612209341568074,DOM,9201,3e-06,2972,0.006039,0.897,0.969,0.768,-0.197,Pianos,92,Musical instruments,7,Machinery,0.6147375504710633
paises_interes,2023,9202,129267015,0.6427444186561206,DOM,9202,3e-06,3285,0.005763,0.88,0.637,0.271,-0.197,"Musical instruments, string",92,Musical instruments,7,Machinery,0.6818873668188736
paises_interes,2023,9205,116106022,0.42853129097571796,DOM,9205,2.2e-05,19709,0.041385,0.902,1.288,1.853,-0.197,"Musical instruments, wind",92,Musical instruments,7,Machinery,0.742097518899995
paises_interes,2023,9206,55478481,0.41440560687314254,DOM,9206,5.5e-05,30484,0.104018,0.863,0.576,-0.146,-0.197,"Musical instruments, percussion",92,Musical instruments,7,Machinery,0.8214473166251148
paises_interes,2023,9207,335986240,0.6738779223880301,DOM,9207,0.0,0,0.0,0.886,1.089,0.884,-0.197,"Musical instruments, electric",92,Musical instruments,7,Machinery,
paises_interes,2023,9208,19683688,0.747569581775967,DOM,9208,1.1e-05,1864,0.01901,0.886,0.493,0.135,-0.197,"Other musical instruments, n.e.c.",92,Musical instruments,7,Machinery,0.0
paises_interes,2023,9209,65782223,0.2571910532269472,DOM,9209,1e-06,860,0.001091,0.863,1.34,0.982,-0.197,Parts of musical instruments,92,Musical instruments,7,Machinery,0.0
paises_interes,2023,9301,0,0.0,DOM,9301,0.0,0,0.0,0.835,0.326,-0.349,-0.197,"Military weapons, other than pistols and swords",93,Arms and ammunition,7,Machinery,
paises_interes,2023,9302,0,0.0,DOM,9302,0.0,0,0.0,0.886,1.045,0.99,-0.197,Revolvers and pistols,93,Arms and ammunition,7,Machinery,
paises_interes,2023,9303,2294028,0.002588056031184959,DOM,9303,0.0,0,0.0,0.86,1.006,0.934,-0.197,Other firearms,93,Arms and ammunition,7,Machinery,
paises_interes,2023,9304,47788878,0.2369099166146748,DOM,9304,0.0,0,0.0,0.85,0.706,0.781,-0.197,"Other arms (air guns, truncheons, etc.)",93,Arms and ammunition,7,Machinery,
paises_interes,2023,9305,33630410,0.05011183743962227,DOM,9305,0.0,0,0.0,0.86,0.855,0.968,-0.197,Parts of military weapons,93,Arms and ammunition,7,Machinery,
paises_interes,2023,9306,9405870,0.0076568462880205294,DOM,9306,1.1e-05,119578,0.019115,0.833,0.4,0.11,-0.197,Munitions of war,93,Arms and ammunition,7,Machinery,0.0
paises_interes,2023,9307,12020575,0.4549943364999096,DOM,9307,0.0,0,0.0,0.871,0.003,0.23,-0.197,Swords,93,Arms and ammunition,7,Machinery,
paises_interes,2023,9401,11534804930,0.5010810007582915,DOM,9401,0.000347,29154543,0.613017,0.814,0.553,0.167,-0.197,Seats,94,Furniture,0,Textiles,0.8740300954125743
paises_interes,2023,9402,306064626,0.3431784497928137,DOM,9402,0.00021,1015832,0.376305,0.861,1.202,1.056,-0.197,"Medical, dental or veterinary furniture",94,Furniture,0,Textiles,0.0023143590672473403
paises_interes,2023,9403,15379871881,0.6006225802640677,DOM,9403,6.3e-05,6233059,0.11195,0.811,0.563,0.24,-0.197,Other furniture and parts,94,Furniture,0,Textiles,0.6324085814044116
paises_interes,2023,9404,3345680314,0.6671281266880293,DOM,9404,0.000491,9700110,0.869647,0.773,0.058,-0.48,-0.197,Mattresses and bedding,94,Furniture,0,Textiles,0.5439278523645608
paises_interes,2023,9405,9699293380,0.7110769872840819,DOM,9405,6e-06,391588,0.011405,0.864,0.789,0.763,-0.197,Lamps,94,Furniture,0,Textiles,0.6364495336935759
paises_interes,2023,9406,350866127,0.3411224838030754,DOM,9406,3e-06,37561,0.005956,0.815,0.612,0.229,-0.197,Prefabricated buildings,94,Furniture,0,Textiles,0.8801948829903358
paises_interes,2023,9503,10425018568,0.8448416658870042,DOM,9503,3e-06,159494,0.004952,0.854,0.45,0.133,-0.197,Toys,95,Toys,7,Machinery,0.47744115766110323
paises_interes,2023,9504,8411699545,0.7686292716199553,DOM,9504,1.2e-05,479287,0.022491,0.869,1.002,0.643,-0.197,Games,95,Toys,7,Machinery,0.21994128778790162
paises_interes,2023,9505,4823099712,0.9424633468945931,DOM,9505,9e-06,92789,0.01517,0.839,0.001,-1.064,-0.197,Christmas and other festivity articles,95,Toys,7,Machinery,0.6345903070407053
paises_interes,2023,9506,5297699380,0.6485995655251904,DOM,9506,0.000187,5826407,0.349708,0.849,0.723,0.518,-0.197,Sports equipment,95,Toys,7,Machinery,0.9336900082675309
paises_interes,2023,9507,470642500,0.7108852150975298,DOM,9507,0.002607,8987211,4.655327,0.777,0.0,-0.583,-0.197,Fishing and hunting equipment,95,Toys,7,Machinery,0.9369920212177059
paises_interes,2023,9508,10095598,0.03228865275783964,DOM,9508,6e-06,8592,0.01008,0.853,0.752,0.37,-0.197,Fairground amusements,95,Toys,7,Machinery,1.0
paises_interes,2023,9601,5145241,0.16498449154289668,DOM,9601,9e-06,1060,0.015748,0.821,0.0,-0.965,-0.197,Worked animal carving material,96,Miscellaneous manufactured articles,7,Machinery,0.0
paises_interes,2023,9602,78645224,0.2810459934237319,DOM,9602,5.7e-05,61559,0.099879,0.85,0.399,-0.24,-0.197,Worked vegetable or mineral carving material,96,Miscellaneous manufactured articles,7,Machinery,0.01840510729544015
paises_interes,2023,9603,1273759410,0.672250244378509,DOM,9603,0.00956,114514968,16.887318,0.8,0.0,0.32,-0.197,Brooms and mops,96,Miscellaneous manufactured articles,7,Machinery,0.723981340151097
paises_interes,2023,9604,201455,0.09136488355745029,DOM,9604,0.00209,89480,3.61445,0.84,0.0,0.113,-0.197,Hand sieves and riddles,96,Miscellaneous manufactured articles,7,Machinery,1.0
paises_interes,2023,9605,50835384,0.8257287433590128,DOM,9605,4e-06,1665,0.007387,0.846,0.287,-0.713,-0.197,Travel sets,96,Miscellaneous manufactured articles,7,Machinery,0.0
paises_interes,2023,9606,10368880,0.30326642101090584,DOM,9606,0.000142,247805,0.292753,0.842,0.619,-0.121,-0.197,Buttons,96,Miscellaneous manufactured articles,7,Machinery,0.07329553479550453
paises_interes,2023,9607,19838075,0.4162133735242005,DOM,9607,7.1e-05,218106,0.140996,0.859,0.743,0.006,-0.197,Slide fasteners,96,Miscellaneous manufactured articles,7,Machinery,0.10021732552061842
paises_interes,2023,9608,450206808,0.38043673412417783,DOM,9608,0.000208,1466478,0.368581,0.871,0.945,0.439,-0.197,Pens,96,Miscellaneous manufactured articles,7,Machinery,0.050472628979091404
paises_interes,2023,9609,144018683,0.5192039514716589,DOM,9609,0.00032,569777,0.565233,0.839,0.473,-0.142,-0.197,"Pencils, crayons, pastels, etc.",96,Miscellaneous manufactured articles,7,Machinery,0.08342386582820999
paises_interes,2023,9610,166639011,0.9513043079441015,DOM,9610,0.000119,94607,0.206126,0.871,0.003,0.556,-0.197,"Slates and boards, with writing or drawing surfaces",96,Miscellaneous manufactured articles,7,Machinery,0.4598179838701153
paises_interes,2023,9611,14904019,0.4747695384506293,DOM,9611,3.8e-05,10960,0.074225,0.874,1.083,1.146,-0.197,Hand-operated stamps,96,Miscellaneous manufactured articles,7,Machinery,0.0
paises_interes,2023,9612,38129529,0.24983311819550982,DOM,9612,8e-05,109020,0.14401,0.852,0.953,0.705,-0.197,Typewriter ribbons and ink pads,96,Miscellaneous manufactured articles,7,Machinery,0.04128600256833608
paises_interes,2023,9613,100787625,0.3823265622913696,DOM,9613,8.4e-05,169835,0.148927,0.855,0.519,0.099,-0.197,Cigarette lighters,96,Miscellaneous manufactured articles,7,Machinery,0.2662525392292519
paises_interes,2023,9614,56121624,0.7259226339684632,DOM,9614,3.6e-05,12651,0.062655,0.839,0.352,-0.519,-0.197,Smoking pipes,96,Miscellaneous manufactured articles,7,Machinery,0.5459647458698917
paises_interes,2023,9615,475142157,0.9172153704051015,DOM,9615,2.4e-05,70632,0.041867,0.869,0.001,-0.722,-0.197,"Combs, hair-slides etc.",96,Miscellaneous manufactured articles,7,Machinery,0.019141465624646054
paises_interes,2023,9616,152571626,0.6413230993879807,DOM,9616,0.0,0,0.0,0.879,0.637,0.697,-0.197,Scent sprays,96,Miscellaneous manufactured articles,7,Machinery,
paises_interes,2023,9617,1477766241,0.9442318528878162,DOM,9617,7e-06,37446,0.012632,0.886,0.001,1.002,-0.197,Vacuum vessels,96,Miscellaneous manufactured articles,7,Machinery,0.21708593708273247
paises_interes,2023,9618,49697246,0.5754732693312155,DOM,9618,8e-06,4672,0.014665,0.826,0.66,-0.034,-0.197,Mannequins,96,Miscellaneous manufactured articles,7,Machinery,0.0
paises_interes,2023,9701,82780056,0.02705343405475798,DOM,9701,3.8e-05,751102,0.074917,0.9,0.741,0.35,-0.197,Paintings and drawings,97,Art,0,Textiles,0.06286496374660167
paises_interes,2023,9702,160955,0.0012193058196639914,DOM,9702,0.0,0,0.0,0.883,0.348,-0.199,-0.197,Original engravings,97,Art,0,Textiles,
paises_interes,2023,9703,11614106,0.012568985054899985,DOM,9703,8e-06,35550,0.014441,0.85,0.387,-0.483,-0.197,Sculptures,97,Art,0,Textiles,0.7935583684950773
paises_interes,2023,9705,5093145,0.009039716399458832,DOM,9705,1.1e-05,21665,0.020241,0.832,0.218,-0.417,-0.197,Collectors pieces,97,Art,0,Textiles,0.7186706669743826
paises_interes,2023,9706,33886727,0.05880803120820386,DOM,9706,1.2e-05,30660,0.022492,0.876,0.413,-0.594,-0.197,Antiques >100 years,97,Art,0,Textiles,1.0
paises_interes,2023,9999,17905539284,0.17872741226401412,DOM,9999,0.000456,290134005,0.788914,0.829,0.002,0.044,-0.197,Commodities not specified according to kind,99,Other,9,Other,0.8732824130697813
